ch0,ch1,ch2,ch3,ch4,ch5,ch6,ch7,ch8,ch9,ch10,ch11,ch12,ch13,ch14,ch15
3.218081721177699,2.808370731462437,-0.6249615845872474,-1.0043066573738924,-1.4680354088616698,-1.9775419245634427,-2.1661463131251057,-2.7546957683697113,2.579024132750318,2.101867237093102,1.8325413909674266,1.5058407470268766,0.8431313137555976,0.403664777301238,0.1309818951332031,-0.2364609589578031
3.3244387267015494,2.806997398536017,-0.8379807807297077,-1.1797880868608763,-1.6839538634043498,-2.0349167223783176,-2.3681788458562067,-2.736384662684113,2.633957449807113,2.2144805370595315,1.90502285097292,1.25146897054444,0.9511668373006277,0.5562573246812239,0.11785893605852431,-0.4529897836900032
3.090972129210171,2.807149991083397,-0.8215007856126693,-1.0969303336335439,-1.4657465206509699,-2.0716915262968945,-2.2512929545631377,-2.5656336021659087,2.588790055782637,2.1636672187819963,1.9097532199416996,1.2246126822055625,1.0518779185714184,0.654374332646555,0.05026043756919053,-0.30131279159429714
3.1240847119916277,2.9862936417075003,-0.8892518766493831,-1.041997016576749,-1.6699153490453913,-1.8707271413974529,-2.3077521970937327,-2.7449298453373925,2.520733779651163,2.2895560703704847,1.8102628790499486,1.282750442757337,0.8332127981758986,0.5547313992074241,-0.008487693172104072,-0.37348906650503044
3.3650283443046254,2.816915914115716,-0.6469349114099653,-1.0267377618387503,-1.5779020429752597,-2.041783387010417,-2.3487995923389486,-2.8174113053428855,2.521496742388063,2.288793107633585,1.7014643927680186,1.4870718636991382,0.8699876020944751,0.45508846576829326,0.1830159537897783,-0.2981083480993174
3.2780505922980336,2.904198851217068,-0.6042089981435692,-1.0502370141352682,-1.7076057082482476,-1.8838501004721317,-2.2186381494238208,-2.8293135240385245,2.584975242098137,2.1513072224442173,1.6978021716308989,1.241245269869981,1.0112883009683422,0.6310276728974171,0.033017479715252124,-0.20197504324992627
3.2368506045054373,2.923425512186946,-0.7871674624521724,-1.0618340477361472,-1.5264783545082043,-2.0475819038108565,-2.205667782896522,-2.693353564322957,2.4949456391439457,2.198000541942493,1.8206391722717876,1.4283237329578438,0.8670883436942554,0.5731950974404024,0.10305745896266567,-0.37333647395765046
3.2127409820193997,2.8575055317187923,-0.8514089248991465,-1.2235821479589322,-1.6641168322449518,-2.0977848518988718,-2.255870730984537,-2.749965399400932,2.6121367155317747,2.218600535838791,1.8856435974556616,1.448313356664622,0.8969964829807326,0.5255862226578468,0.19613891286445712,-0.323896488606535
3.261875782275755,2.7342107534357636,-0.7937289419895118,-1.2728695407626678,-1.6239849922840155,-1.9761685916370229,-2.3846588409732457,-2.8305342644175644,2.5619337674437594,2.108733901725201,1.6900199517145196,1.3556896804049705,0.7965905868047019,0.622329897696758,0.14364707656574194,-0.2515676211484217
3.1134032336750286,2.9643203148847825,-0.7650415430820745,-1.0844177447483851,-1.6972294150264087,-1.9638085952992443,-2.1899507505163833,-2.820005378648345,2.622055231111474,2.207461279880052,1.8009547336597695,1.2967889571162958,0.8861624121167536,0.6258395262864975,-0.006503990056164255,-0.4029394281493678
3.2557720803805554,2.87856330325723,-0.8833007673015636,-1.2336532560860114,-1.57362945164862,-2.043156719936837,-2.4641595581582183,-2.618888401201524,2.4093412200637734,2.135132412421939,1.641648114195064,1.2478067494073204,0.7968957718994618,0.5634291744080833,0.19720706069611701,-0.43559423328868474
3.3252016894384493,2.8651351590877914,-0.7450519193752962,-1.1584251302276782,-1.6555716495916726,-1.8615715885546535,-2.306989234356833,-2.706171338302876,2.5684952469810987,2.0304539249192683,1.7803547397634714,1.3517222741730908,0.8591535312304961,0.4659225366322723,-0.0025365838242846217,-0.280865390245379
3.1929039508600012,2.9077084798068076,-0.7386430323853369,-1.2215984448429924,-1.6691523863084914,-1.8923952831254107,-2.238017402941079,-2.6014928508002053,2.55842413885402,1.9884909743897723,1.7168762400533972,1.3558422729523505,0.7900291072673624,0.40412255494337795,0.0157745218613137,-0.40599127909696753
3.1523143332569252,2.9220521792605263,-0.6567008344422844,-1.1739895700604368,-1.6781553466039105,-1.89880417011537,-2.2088722263915015,-2.627891361496943,2.6402137442496922,2.0974420532190825,1.8702317501702832,1.2497904525232602,0.7805683693298033,0.5271121481316466,0.039731551799971496,-0.27735576165563935
3.20724765031372,2.794637402198238,-0.7081245229093397,-1.3165110093133436,-1.594992408281818,-2.095495963688172,-2.3159921946522517,-2.6744320884478388,2.564680433296599,2.1769427704040547,1.6663681068706218,1.3024348813693554,0.7830098500878832,0.4991877119611092,0.11053449378428498,-0.42186090402448606
3.2585187462333955,2.719256683792525,-0.7313185901110976,-1.2629510251829688,-1.5945346306396782,-1.9114693515479089,-2.312940343704652,-2.758205396959451,2.359748642165278,2.1148376036204004,1.8256747263353272,1.1997400969826248,0.9992334897253232,0.4373877302722149,0.11099227142642494,-0.2903261281829381
3.2920891066569924,2.934717360693065,-0.9057318717664216,-1.1019658876970835,-1.6259686953999553,-2.052464865327016,-2.3231640443791113,-2.6872498624277577,2.5181397063457034,2.205324984216732,1.850242126463505,1.2819874800204372,0.8670883436942554,0.349647015528723,-0.04770397784876046,-0.3199290823746554
3.2666061512445346,2.8625410857823317,-0.6652460170955636,-1.0603081222623474,-1.5254102066765445,-2.063604121285755,-2.3521566283813082,-2.6230083999807836,2.384621227388216,1.9860494936316924,1.7116880934424776,1.381935598554328,0.7486765269273863,0.4715684608853318,0.06185747117006947,-0.39622535606464837
3.3003291042155114,2.9444832837253845,-0.910614833282581,-1.1643762395754977,-1.7280531095971658,-2.0913759649089125,-2.400375873353384,-2.7423357720319324,2.44336935812951,2.0756213189437442,1.7382391966865953,1.1612867750428684,0.9177490694244107,0.40427514749075794,0.07101302401286862,-0.4157572021292866
3.2591291164229155,2.87978404363627,-0.8211956005179093,-1.203897709346914,-1.5814116715649993,-1.947023415087446,-2.2752499845017957,-2.6010350731580654,2.4061367765687938,2.111327975030661,1.6024318295184077,1.348975608320251,0.8467935348927172,0.3514781260972828,-0.09805951848415581,-0.24897354784296194
3.243869861684917,2.8626936783297117,-0.6682978680431634,-1.2933169421115858,-1.5571494565315815,-1.9683863717206438,-2.3040899759566127,-2.595389148905006,2.599013756457096,1.9863546787264523,1.708941427589638,1.3785785625119684,0.8948601873174128,0.5579358427024038,-0.04388916416426081,-0.302380939425957
3.1779498812167626,2.720477424171565,-0.726893406237078,-1.2350265890124312,-1.564168713711061,-2.082373004613493,-2.2464099930469783,-2.724787629083234,2.3502879042277187,2.187776841268034,1.5815266505273498,1.2252230523950824,0.9954186760408236,0.44578032037811416,0.10046338565720592,-0.28101798279275897
3.294377994867692,2.8501810894445527,-0.7893037581154922,-1.0815184863481653,-1.660454611107832,-2.0677241200650145,-2.306531456714693,-2.8547964794509824,2.578261170013418,2.033353183319488,1.8508524966530249,1.4438881727906023,0.8428261286608376,0.4527995775575935,0.15646485054566076,-0.3512105545875525
3.1239321194442478,2.7564892653532413,-0.8761289175747042,-1.0979984814652037,-1.5661524168270007,-2.11762188305827,-2.345747741391349,-2.679315049963998,2.3776019702087363,2.109496864462101,1.7419014178237149,1.4066555912298857,0.9812275691344848,0.5698380613980427,0.08596709365610725,-0.5028875466832585
3.1823750650907825,2.8893973741212093,-0.7500874734388359,-1.1247021772567014,-1.6754086807510706,-1.90185602106297,-2.2952396082085738,-2.582723967472467,2.5085263758607645,2.2088346128064718,1.6614851453544623,1.4396155814639626,0.8904350034433932,0.3778766367940204,0.1801166953895586,-0.5118905069786778
3.057859546428714,2.88100478401531,-0.9278577911365196,-1.1399614319947,-1.6697627564980113,-2.029575983220018,-2.268535912417076,-2.703119487355276,2.5826863538874374,1.9672806103039542,1.5857992418539892,1.3613356046580298,0.9749712746919055,0.5861654639677012,0.046140438789930904,-0.5030401392306386
3.09829657148441,2.784413701523779,-0.6925600830765811,-1.2219036299377524,-1.5301405756453241,-1.9114693515479089,-2.3736721775618865,-2.594015815978586,2.4517619482354096,2.102172422187862,1.5478036975563727,1.4196259577571846,0.9505564671111078,0.36887367649860126,-0.005130657129744365,-0.3121468624582761
3.09936471931607,2.8095914718414767,-0.9069526121454614,-1.2116799292632934,-1.6488575775069532,-2.1226574371218097,-2.5261121323944926,-2.6877076400698976,2.3943871504205347,2.0490702156996266,1.8250643561458073,1.4293918807895036,0.9319401763307494,0.403817369848618,0.028287110746472555,-0.3483112961873328
3.0917350919470707,2.761677411964161,-0.824705229107649,-1.2751584289733675,-1.7433123643351645,-1.9650293356782842,-2.260906285048077,-2.756832064033031,2.404153073452854,2.0997309414297822,1.6263888594570655,1.4098600347248655,0.7205994982094689,0.5086484498986683,0.027371555462192637,-0.357466849030132
3.2281528293047783,2.678972251284209,-0.9039007611978618,-1.2664606537727083,-1.5675257497534207,-2.129676694301289,-2.345289963749209,-2.7777372430240894,2.3765338223770764,1.9393561741334167,1.6805592137769605,1.3224245050761334,0.8918083363698132,0.5791462067882218,-0.06082693692343924,-0.28361205609821877
3.0714402831455327,2.8695603429618113,-0.8193644899493495,-1.2896547209744662,-1.6245953624735354,-1.9593834114252244,-2.4914736241392355,-2.8921816535590787,2.596572275699016,2.1844198052256742,1.7228273494012167,1.4078763316089256,0.882500190979634,0.3266055408743451,-0.03580175915312156,-0.5320327232328359
3.282475776172053,2.7487070454368623,-0.7748074661143936,-1.3615258107904396,-1.7800871682537411,-2.1115181811630706,-2.368484030950967,-2.77087057839199,2.4267367704650917,2.019772446602669,1.5827473909063896,1.3241030230973134,0.9786334958290251,0.5150573368886278,0.14456263185002186,-0.4317794196041851
3.1060787914007895,2.6775989183577886,-0.715754150278339,-1.3737332145808385,-1.6737301627298908,-2.11960558617421,-2.3153818244627318,-2.77468539207649,2.5938256098461765,1.936304323185817,1.6721666236710613,1.3833089314807478,0.7024409850712505,0.29913888234594765,-0.0492299033225603,-0.29780316300455745
3.2603498568019553,2.7995203637143975,-0.7415422907855567,-1.35633766417952,-1.7323257009238056,-2.1571433528296864,-2.2535818427738374,-2.718226149545895,2.3771441925665964,1.968501350682994,1.6717088460289213,1.3900230035654673,0.8005579930365815,0.5614454712921435,-0.030155834900062073,-0.4938845863878394
3.123169156707348,2.7780048145338196,-0.9182444606515803,-1.1388932841630401,-1.781613093727541,-2.0987004071831517,-2.398697355332204,-2.7316542937153336,2.4954034167860857,2.032132442940448,1.6190644171828261,1.2777148886937977,0.7309757914313079,0.349647015528723,-0.007572137887824154,-0.49495273421949926
3.0194062244889572,2.7342107534357636,-0.791134868684052,-1.214121410021373,-1.759944951999583,-2.083593744992533,-2.474230666285297,-2.6236187701703035,2.294439031886644,1.9611769084087547,1.7963769572383699,1.1475534457786696,0.9505564671111078,0.5150573368886278,0.10000560801506596,-0.3492268514716127
3.2096891310717997,2.6843129904425083,-0.6969852669506007,-1.1997777105676544,-1.5293776129084242,-2.1777433467259844,-2.422806977818242,-2.7435565124109726,2.33502864948972,2.1456612981911576,1.7174866102429172,1.3044185844852951,0.7030513552607704,0.4485269862309539,-0.04678842256448054,-0.3415972241026134
3.1764239557429628,2.8774951554255703,-0.976687406298115,-1.301099162027965,-1.5894990765761385,-2.0361374627573574,-2.519855837951913,-2.7443194751478726,2.479686384405947,2.069517617048545,1.5154540775118157,1.3959741129132868,0.9056942581813918,0.5194825207626473,-0.12110099313853373,-0.35517796081943215
3.012234374762098,2.9324284724823655,-0.8877259511755833,-1.3737332145808385,-1.6889894174678894,-2.0660456020438347,-2.2850159075341145,-2.7443194751478726,2.380806413703716,2.1474924087597174,1.5304081471550544,1.3488230157728711,0.7378424560634073,0.3124144339680064,-0.14276913486649173,-0.43452608545702487
3.0073514132459387,2.7758685188705,-0.8167704166438897,-1.1863495663982158,-1.5383805732038434,-2.1882722324952035,-2.3953403192898444,-2.6904543059227373,2.5678848767915787,1.9628554264299345,1.5967859052653484,1.1065060505334534,0.827414281375459,0.4651595738953724,0.010128597608254214,-0.44734385943694366
3.2366980119580573,2.679430028926349,-0.8918459499548428,-1.282025093605467,-1.5228161333710848,-2.1009892953938514,-2.397629207500544,-2.620719511770084,2.5352300716522618,2.1050716805880816,1.5305607397024343,1.2676437805667184,0.7392157889898271,0.30554776933590705,-0.1124032179378745,-0.34785351854519286
3.1478891493829058,2.697741134611947,-0.7955600525580716,-1.1422503202053997,-1.6143716617990764,-2.141273727902168,-2.321027748715791,-2.6257550658336233,2.429025658675792,2.1070553837040213,1.6176910842564063,1.3222719125287534,0.9616957230698466,0.2896781444083885,-0.14353209760339164,-0.43895126933104445
3.2481424530115564,2.705065576886186,-0.7764859841355735,-1.24830214063449,-1.7842071670330006,-2.0481922740003764,-2.4893373284759157,-2.812680936374106,2.3353338345844805,1.9826924575893328,1.600142941307708,1.1902793590450655,0.6951165427970112,0.5387091817325256,0.08688264894038716,-0.43452608545702487
3.1927513583126212,2.7336003832462437,-0.8630059585000254,-1.2443347344026103,-1.8157938243406577,-2.1249463253325094,-2.433335863587461,-2.6664972759840797,2.467021202973408,1.9646865369984945,1.7649428924780928,1.2581830426291594,0.7386054188003072,0.27716555552322963,-0.15970690762567014,-0.3220653780379752
3.1713884016794234,2.710406316044486,-0.9742459255400353,-1.399826540182816,-1.716913853638427,-2.0014989545021007,-2.5039862130243944,-2.813291306563626,2.4520671333301696,1.9416450623441166,1.6303562656889452,1.2172882399313232,0.6780261774904528,0.2696885207016103,0.05697450965390992,-0.32511722898557494
3.1962609869023613,2.795552957482518,-0.7343704410586973,-1.3714443263701386,-1.531971686213884,-2.097021889161972,-2.4839965893176164,-2.8824157305267595,2.4204804760225125,2.0956109426505223,1.6344762644682047,1.3007563633481756,0.8730394530420749,0.45875068690541293,-0.056706938144179625,-0.5663660463933328
2.98995586284462,2.8185944321368956,-0.7833526487676727,-1.3665613648539792,-1.7550619904834235,-2.082373004613493,-2.301190717556393,-2.6689387567421594,2.2915397734864245,2.0399146628568277,1.5220155570491551,1.121460120176692,0.8448098317767775,0.30264851093568734,-0.14078543175055191,-0.42888016120396544
3.0722032458824327,2.917474402839127,-0.7908296835892921,-1.205118449725954,-1.6424486905169937,-2.043156719936837,-2.4403551207669403,-2.6962528227231766,2.261936819294707,2.0562420654264857,1.7319829022440159,1.208895649825424,0.6636824780367341,0.3124144339680064,0.006161191376374581,-0.3197764898272754
3.1475839642881454,2.674699659957569,-0.7676356163875342,-1.182076975071576,-1.7240857033652863,-2.141121135354788,-2.55602027168097,-2.6787046797744782,2.393319002588875,1.9324895095013173,1.4852407531305785,1.2475015643125604,0.8365698342182581,0.2895255518610085,0.014248596387513857,-0.432389789793705
3.193361728502141,2.655625591535071,-0.8790281759749239,-1.4303450496588133,-1.8174723423618377,-1.9775419245634427,-2.485369922244036,-2.683892826385398,2.4990656379232052,1.8999872969093803,1.6721666236710613,1.3131163596859543,0.6942009875127313,0.26312704116427094,0.029507851125512435,-0.4085853524024272
3.046720290469975,2.6455544834079916,-0.9566977825913368,-1.2827880563423668,-1.739344958103285,-2.0555167162746155,-2.359633663202928,-2.7952853859727878,2.3321293910895005,2.0711961350697248,1.7396125296130152,1.3117430267595345,0.6787891402273527,0.22833594036163415,0.002041192597114966,-0.5012090286620787
3.1924461732178613,2.8874136710052696,-0.9115303885668611,-1.334974707546322,-1.7182871865648468,-1.942293046118666,-2.4177714237547026,-2.77453279952911,2.373024193787337,1.8770984148023824,1.6791858808505407,1.3158630255387942,0.7320439392629678,0.4825551242966908,-0.12705210248635318,-0.33686685513383385
3.1497202599514655,2.6197663429007743,-0.845610408098707,-1.3081184192074444,-1.607352404619597,-2.031864871430718,-2.518177319930733,-2.924073495961496,2.5164611883245236,1.90471766587816,1.6138762705719067,1.3027400664641153,0.7816365171614632,0.46424401861109243,0.06216265626482943,-0.3783720280211901
3.160859515910204,2.8129485078838363,-0.8659052169002452,-1.2104591888842535,-1.596365741208238,-2.0076026563973,-2.55190027290171,-2.8500661104822025,2.2598005236313874,2.134674634779799,1.68651032312478,1.1913475068767256,0.9296512881200496,0.2893729593136285,-0.14429506034029155,-0.38706980322184925
3.1777972886693826,2.6080167167525152,-0.8953555785445824,-1.300793976933205,-1.7246960735548063,-2.0043982129023203,-2.5540365685650297,-2.924073495961496,2.3898093739991353,1.978572458810073,1.6463784831638437,1.1805134360127465,0.7393683815372072,0.4895743814761701,-0.006656582603544237,-0.585287522268451
3.0500773265123344,2.653489295871751,-0.7860993146205125,-1.4507924510077315,-1.693719786436669,-1.9717434077630034,-2.517414357193833,-2.7459979931690524,2.470073053921008,2.11682130673634,1.6372229303210446,1.185854175171046,0.9232424011300903,0.24908852680531224,-0.1438372826981516,-0.4195720158137862
3.0124248618932903,2.743404200862375,-1.0314302362237178,-1.4063501251363433,-1.5786271111283474,-2.235080249957047,-2.504100910987962,-2.9063348658816053,2.5297746345303946,2.135933269742651,1.4852786477143907,1.177804664743719,0.8309618045490109,0.4435293267512265,0.054265738384882356,-0.6212614688663155
2.970919689005934,2.753017531347314,-0.7805680883310209,-1.3529427335533482,-1.6428685735753215,-1.960718849767832,-2.459696479700386,-2.8500282158983903,2.348647280790351,2.0649777352109573,1.4842104998827308,1.2176313196098953,0.7343707220574798,0.3745574953354729,-0.08734014558374462,-0.4724837351708292
2.992893015828652,2.6793153309627806,-0.9471991500699655,-1.2746627567474154,-1.8482581423487827,-2.115447692811138,-2.322973557247919,-2.9368533753576025,2.2474784218774206,2.1150280907515926,1.6863956251612122,1.197489103355737,0.818754400758612,0.21097828454412793,0.0614375881117417,-0.4647015152544499
3.1924840678016735,2.675958294920421,-1.0251739417811383,-1.2185086993115806,-1.668351528987779,-2.1304017624543765,-2.440622411277888,-2.9048089404078055,2.373825051108049,2.1157910534884925,1.4880253135672306,1.1759735541751593,0.7673307122915568,0.42384488813920834,-0.07833718528832545,-0.46363336742279004
3.0191389339780095,2.7922338160239706,-0.9996909863686807,-1.257114613798717,-1.7017692968639961,-1.9636181081680522,-2.4790757332176447,-2.7332949171527012,2.289746557501677,1.852416316710637,1.6168134235559386,1.1160046830548247,0.8503410580662691,0.3251175099843574,-0.0075342433040119505,-0.5709059282309201
2.9443685857618163,2.709833840438778,-0.8600688055159935,-1.4504493713291593,-1.6836107837257777,-2.062803263965043,-2.4366550050460085,-2.9046563478604255,2.3594813516543303,2.0043984939011033,1.6203230521456782,1.222972058768195,0.9121410397551635,0.2039590273646486,-0.06002607960272713,-0.48728521226668786
3.1500633396300377,2.680688663889201,-1.0122035752538396,-1.2090479613740215,-1.7986655644502871,-2.126586948769877,-2.4569498138475465,-2.8669659886575687,2.437150958270743,2.0814577303279957,1.5522667760142046,1.0810609897048078,0.8579706854352684,0.46550265357394455,-0.016384611052051135,-0.3739089495633583
3.1152722388274006,2.6639034836774025,-0.8910450926341307,-1.3556893994061878,-1.593275995676826,-1.9686536622315916,-2.3402165151018575,-2.7969260094101553,2.353530242306511,1.9622829508242268,1.5614223288570037,1.1921483641974377,0.8427114306972698,0.46763894923726435,-0.11618013703856195,-0.5164303888162651
3.004184864334771,2.6642086687721624,-0.8734969496854323,-1.388801982187645,-1.5888508118028064,-2.0791306665347014,-2.5567453398340576,-2.9620311456753003,2.404648745678806,1.9317644413482296,1.4778016128927713,1.2122905804515958,0.8575129077931285,0.35868787040795436,0.03030870844622456,-0.3858111682589972
2.9532189535098556,2.7688871562748325,-0.8901295373498508,-1.2441442472714181,-1.5929708105820661,-2.087218071545841,-2.5591868205921373,-2.7828874950511966,2.3381183950211324,2.1180799416991922,1.60124898372318,1.1894016983445979,0.6174848307644105,0.21494569077600756,-0.1714186391901169,-0.4021385708286557
2.959017470310295,2.5850131366819493,-0.8382480712406555,-1.257724983988237,-1.713061145370115,-2.224246179093068,-2.3945394619691323,-2.896111165207146,2.4415761421447626,1.9303911084218097,1.688074143182392,1.3010994430267477,0.6495292657142075,0.3779145313778326,-0.012112019725411538,-0.39649264657559613
3.065679660928905,2.777584931475492,-0.9943502472103811,-1.2285798074386596,-1.868400358602941,-2.0855395535246606,-2.517223870062641,-2.716509736940903,2.2296250938339623,1.8968207479982129,1.439043105858255,1.2919438901839484,0.6792848124533049,0.29231011229766046,0.008793159265646527,-0.47355188300248907
2.951845620583436,2.7066293969437982,-0.9264465636262875,-1.2806138660952349,-1.6025841410670052,-2.09332177344104,-2.401558719148612,-2.799672675262995,2.4318102191124438,1.9010933393248524,1.5867526917220813,1.110969128991285,0.7191114673194812,0.34327602312257577,-0.12930309611324076,-0.37436672720549824
3.0192915265253895,2.8648678685768436,-0.8066614139329984,-1.22537536394368,-1.6962759651583166,-2.258884687348325,-2.453745370352567,-2.704760110792644,2.4794190938949994,1.8206770668555998,1.6831911816662326,1.2490653843701724,0.6551751899672671,0.39378415630535113,-0.08123644368854518,-0.6383518341728739
3.079107805098344,2.8149701055835883,-0.9238524903208276,-1.4249664159167015,-1.8793870220142996,-2.145355832097615,-2.625106801060291,-2.756488984354459,2.493457608253958,1.864318535406276,1.4872623508303304,1.27698982054071,0.7355914624365196,0.4220137775706485,-0.14761420179883905,-0.46592225563348977
3.1401448240503385,2.7272293908400966,-0.8959280541502903,-1.2537575777563572,-1.843832958474763,-2.030453643920486,-2.5236327570526003,-2.8080652653688944,2.272503599647738,2.0088236777751227,1.4518608798381738,1.0819765449890877,0.8567499450562285,0.25950271461096347,-0.18805122685453535,-0.3816911694797376
2.9964026444183918,2.817258993794288,-0.9821428434199824,-1.4615886272878982,-1.6558389401026203,-2.268192832738504,-2.427652044750589,-2.8033348964001146,2.3791657902663483,2.03751107668256,1.4121868175193775,1.2063394711037763,0.7523766426483182,0.22791605730330639,-0.03362756890598956,-0.3957296838386962
3.01410337991447,2.7829256706337913,-0.9961813577789409,-1.4359530793280606,-1.868705543697701,-2.0518166005536838,-2.497386838903243,-2.7397038041426605,2.2285569460023025,1.8771363093861946,1.6722045182548735,1.0838076555576477,0.7798433011767156,0.27705085755966186,-0.19888529771851438,-0.5672437070938005
3.1192396450592805,2.742793830672855,-1.018002092054279,-1.2645916486203364,-1.8351351832741039,-2.0768417783240016,-2.5878742194995747,-2.9302918958202633,2.3755035691292288,1.9351214773905894,1.6934148823406916,1.177957257291099,0.6078715002794715,0.32191306648937773,-0.19491789148663474,-0.6662762703434113
2.9857211661017926,2.6726012588780614,-0.9072199026564092,-1.397652349935684,-1.6196745063735636,-2.1027825113785994,-2.3612742866402954,-2.766407499934158,2.3019539612920754,1.938173328338189,1.4811586489351312,1.2193098376310751,0.6045144642371117,0.28056048614940154,-0.14151049990363962,-0.4367770790839125
3.12198631091212,2.743251608314995,-1.0143398709171594,-1.410927901557743,-1.811178153335446,-2.115447692811138,-2.5994712531004533,-2.780293421745737,2.4040383754892862,1.8682859416381554,1.472460873734472,1.1427083788463221,0.8242477324642915,0.4116374843488095,0.020390192866525478,-0.45844522081187045
2.959475247952435,2.758205677958234,-1.094450958291652,-1.4675397366357177,-1.8355929609162438,-2.290623937203362,-2.6168668035017717,-2.8076074877267545,2.380844308287528,2.001651828048263,1.524342339843667,1.1253128284450038,0.5955115039416925,0.15131459851855342,-0.18408382062265571,-0.6101222129075765
3.1387714911239186,2.7913182607396907,-1.0192228324333188,-1.3808671697238857,-1.868247766055561,-2.0556314142381837,-2.472209068585545,-2.8497230308036303,2.320417659525054,2.0451407040515592,1.4001320062763585,1.0233810067951732,0.808530700084153,0.2515679021472042,-0.07620088962500565,-0.6311799844460145
2.9988441251764715,2.623771643716466,-0.8890613895181909,-1.4771530671206567,-1.7463263206989519,-2.151612126540195,-2.4816698065231044,-2.736194175552921,2.2882206320278766,2.0742858806011366,1.557607515172504,1.0104106402678745,0.8019692205468135,0.417130816054489,-0.035763864569309356,-0.6851977462185296
3.162881113609956,2.6822145893630007,-0.8464880687991748,-1.3576731025221278,-1.681321895515078,-2.1972372982068107,-2.431161673340329,-2.9878192861825177,2.2143658390959637,1.970675540930126,1.536397151086686,1.014530639047134,0.6516655613775274,0.24332790458868497,-0.11419643392262213,-0.4215178243459139
3.026921153894389,2.5753998061970105,-0.8878406491391511,-1.3614879162066273,-1.7719618686587897,-2.149628423424255,-2.5886371822364747,-2.978205955697579,2.381149493382288,2.059331810957898,1.645500822463376,1.0554254417449702,0.7571070116170977,0.15314570908711325,-0.14624086887241922,-0.43815041201033234
3.046910777601167,2.6326220114645054,-0.9758865489774029,-1.3277649632356505,-1.8162137073989855,-2.268345425285884,-2.6171719885965317,-2.996974839025317,2.4104472624792455,1.9464133258967082,1.6508415616216754,0.982486204097337,0.829435879075211,0.23508790703016572,-0.16348382672635758,-0.4444067064529118
3.1262589022387597,2.740810127556915,-0.8528969557891342,-1.4585367763402985,-1.7237426236867142,-2.1767898968578923,-2.586653479120535,-3.0123866863106956,2.3512413540958113,2.056890330199818,1.5624904766886636,1.112495054465085,0.6786744422637849,0.2808656712441615,-0.20575196235061372,-0.4231963423670937
3.103064835037002,2.681604219173481,-1.052488007762156,-1.3807145771765057,-1.928979599912795,-2.0252654973095665,-2.486857953134024,-2.933038561673103,2.2674680455841987,1.8714903851331353,1.5223586367277273,1.0659543275141892,0.7017159169181628,0.4221663701180285,-0.13464383527154028,-0.5934896252431581
2.938264883866617,2.7696501190117324,-0.9124080492673288,-1.3094538575500523,-1.703142629790416,-2.1532906445613746,-2.63975568560877,-2.8710859874368286,2.424638369385584,2.0645199575688173,1.3918920087178392,1.0059854563938548,0.568960400697575,0.2689634525485226,-0.045224602506868494,-0.47278892026558916
2.9027108203270804,2.68953903163724,-1.0869739234700326,-1.409401976083943,-1.6666730109665993,-2.1522224967297148,-2.6121364345329923,-2.8045556367791544,2.278454708995558,1.841277060751898,1.5392964094869057,1.0748046952622285,0.612754461795631,0.14643163700239387,-0.0787949629304654,-0.6398777596466738
3.1644070390837564,2.733485685282676,-0.9598643315025044,-1.4585367763402985,-1.802327785587407,-2.0275543855202662,-2.52805794092662,-2.8394993301291716,2.1614162251551083,1.9757110949936656,1.5267838206017468,1.1320269005297232,0.8143292168845925,0.23295161136684592,-0.23596528673185097,-0.5971518463802777
3.0766663243402643,2.6388783059070846,-0.8557962141893539,-1.409554568631323,-1.8668744331291407,-2.1616832346672736,-2.581007554867475,-2.8733748756475284,2.2709776741739383,1.8481437253839974,1.4990119769785895,1.091437282926647,0.6913396236963237,0.29704048126644,-0.18789863430715537,-0.5332155690280636
3.1650174092732763,2.525807228298515,-0.9543709997968248,-1.3530953261007281,-1.8041588961559667,-2.0760788155871017,-2.5468268242543584,-2.85613191779359,2.2564813821728396,1.8818666783549742,1.4695616153342521,0.9588343592534392,0.6855411068958843,0.3353412106588165,-0.2902882335991259,-0.6851977462185296
2.9152234092122393,2.634147936938305,-1.1010124378289914,-1.4800523255208764,-1.8575662877389618,-2.1941854472592106,-2.496471283618963,-2.754352688691139,2.3069895153556153,1.7816133747263234,1.5089304925582885,1.1697172597325798,0.5503441099172167,0.30970566269897887,-0.19430752129711476,-0.7012199636934281
3.060186329223226,2.7618678990953534,-0.920800639373228,-1.4437352992444399,-1.7821855693332487,-2.3034417111832806,-2.607558658111593,-2.812490449242914,2.438829476291923,1.7704741187675845,1.6317674931991772,1.1262283837292837,0.7380329431945994,0.1851901440369103,-0.16073716087351786,-0.5033074297415864
3.067968549139605,2.601645724346368,-1.1301576143785688,-1.5229308313346526,-1.8575662877389618,-2.118346951211358,-2.677751229906386,-2.9159481963665446,2.3826754188560884,2.027745153650241,1.3850253440857399,1.035283225490812,0.7874729285457149,0.2671323419799628,-0.2712141651766277,-0.5495429715977221
3.1291581606389793,2.6788575533206407,-0.9496406308280452,-1.3840716132188653,-1.800344082471467,-2.1423039811500155,-2.536755716127279,-2.8532326593933703,2.371841347992109,1.8261703985612794,1.534566040518126,1.0459647038074111,0.7113292474031019,0.3386982467011762,-0.24100084079539047,-0.5966940687381378
3.143959637734838,2.5892857280085892,-0.9165280480465883,-1.5436834177783307,-1.7763870525328092,-2.1310121326438964,-2.4592387020582462,-2.8788682073532077,2.4287583681648437,1.969607393098466,1.5531823312984845,0.9863010177818367,0.5843722479829536,0.29887159183499984,-0.13204976196608048,-0.5623607455776409
2.9103404476960795,2.535878336425594,-0.8969962019819502,-1.5308656437984118,-1.9135677526274164,-2.253696540737405,-2.6768356746221063,-2.7760208304190974,2.25342953122524,1.8304429898879189,1.6082682409026594,1.0017128650672151,0.7296403530887002,0.19892347330110904,-0.16500975220015746,-0.48804817500358777
2.9112560029803594,2.7670560457062727,-1.0990287347130516,-1.3501960677005085,-1.8139248191882857,-2.157105458245874,-2.5912312555419343,-3.017880018016375,2.310193958850595,1.787259298979383,1.5487571474244648,0.9919469420348961,0.7072092486238423,0.28132344888630145,-0.23138751031045135,-0.5013237266256465
3.002048568671451,2.713801246670658,-0.9845843241780621,-1.4438878917918199,-1.8668744331291407,-2.126586948769877,-2.6859912274649056,-2.931817821294063,2.2157391720223836,1.7619289361143053,1.3928075640021191,0.94891584367374,0.7009529541812629,0.1157605349790167,-0.3072260063583044,-0.4785874370660286
2.8978278588109205,2.527027968677555,-0.8821947248860915,-1.4542641850136588,-1.8609233237813214,-2.149628423424255,-2.539654974527499,-2.760303798038959,2.1263199392577117,1.8576044633215565,1.5159497497377679,0.993930645150836,0.5065500488191608,0.13788645434911467,-0.26419490799714834,-0.6069177694125968
2.961458951068375,2.515430935076676,-0.8997428678347899,-1.386360501429565,-1.6964285577056966,-2.177858044689552,-2.4377231528776684,-3.0245940901010946,2.3254532135885935,1.7956518890852822,1.3374164693031843,1.1152417203179248,0.6184003860486904,0.18595310677381025,-0.28296379132488664,-0.7474555055495639
3.0918967870534217,2.78411761898799,-0.835072419770517,-1.3691463356004678,-1.5972721939335468,-1.8885713668819402,-2.384649738414274,-2.7853577678341175,2.4122495810229645,2.0553356127011773,1.8099667965141597,1.4068172863362367,0.8187256087337709,0.33989019505537493,0.13556877411357374,-0.4960117794921881
3.206798975230551,2.9431190533579357,-0.9823242279922033,-1.3223004235548121,-1.551799614814311,-2.020716512913008,-2.517405254634862,-2.570660053670477,2.425219947550263,2.0293948796465795,1.577873531949201,1.1141447804614237,0.7825611750047142,0.39482351211216987,0.07498953280371934,-0.5008947410083477
3.11524344680256,2.873384259205282,-0.8205761277694184,-1.1973271272506036,-1.6450336612634824,-1.9073402502096783,-2.476052674294886,-2.7632318484640197,2.391191809484526,2.02359636284614,1.558189093337183,1.2877950993798477,0.9226411334995414,0.48714200327706136,-0.11712448434768302,-0.44107846243539317
3.2049678646619912,2.6910361650861985,-0.7238324527305071,-1.34579967585133,-1.7639032556724916,-2.0286513253767673,-2.443855646797709,-2.738054078146322,2.4528391986260405,2.008184515560761,1.785246803838602,1.1171966314090236,0.7579937748765364,0.5547405017663951,0.03226361953732326,-0.5578117611810824
3.1196686306765793,2.948307199968855,-0.7140665296981881,-1.2415789659907996,-1.5650751664363698,-1.9808898580468317,-2.235719412171408,-2.7398851887148816,2.499532518124316,2.1740526145628065,1.8084408710403599,1.2876425068324677,0.8303226423346498,0.48134348647662195,-0.056392650490448615,-0.5277510293472252
3.2660048836139857,2.8109739073268676,-0.9841553385607633,-1.3468678236829899,-1.639845514652563,-2.1560661024390555,-2.2784453254378043,-2.680374095236687,2.3817310715469673,1.9295993536600686,1.7246675625287475,1.1440529197479008,0.9015833619611032,0.3905509207855303,0.11832581625963534,-0.5712399053505213
3.0496286514291655,2.9451027564738754,-0.9600457160747256,-1.1249982597924904,-1.6761625409289995,-2.0552024286208845,-2.3719845569817357,-2.8497518228284715,2.5479043556437717,2.1885489065639048,1.6143431507730177,1.2787921390844286,0.8916648463814042,0.5330723600384372,0.07636286573013917,-0.36386663346112036
3.314376721133441,2.7047694943503973,-0.7628961448597835,-1.2528708144969185,-1.6219921866091045,-1.9009313632197191,-2.2525045923832065,-2.8302199767638334,2.5823902713516484,1.9573711972832262,1.5797046425177608,1.3192291641401248,0.9148589135831621,0.27381762203984106,-0.10583263584156405,-0.3496755265547816
3.078010865241843,2.719723563993636,-0.8718472236890935,-1.333134494418791,-1.6470173643794224,-2.148894252712196,-2.454689717661688,-2.8080940573937356,2.4426154979515813,2.122934111190511,1.7825001379857621,1.315261757908245,0.71893008274726,0.3806324052058312,-0.05898672379590836,-0.3533377476919013
3.1713975042383944,2.6829487600750594,-0.8869538858797121,-1.2070930502829227,-1.8057136136546075,-2.1018957481191602,-2.474526748821086,-2.7861207305710174,2.4969384448188565,2.0397711728684182,1.5807727903494209,1.3267061989617441,0.9209626154783614,0.5101834779314393,0.017919920083604546,-0.5926028619837193
3.274702658814645,2.738034669679234,-0.9908694106454827,-1.367010039937148,-1.6996617932255176,-2.120817223994279,-2.531596361541201,-2.6960911276168256,2.361894040387569,2.1178985571269715,1.666834987071733,1.3108365740342256,0.9461403857960592,0.2968590966942189,-0.006037109855053235,-0.5907717514151595
3.155375286763496,2.7661116983971517,-1.0117745896365407,-1.268435254329677,-1.639692922105183,-1.9383165373278155,-2.3317001244734192,-2.811603685983475,2.4397162395513616,1.9096097299532906,1.7048305313693495,1.3099210187499457,0.8645033729477667,0.4393805359471258,-0.15542521374005946,-0.48960289250222877
3.306136723574922,2.8747575921317017,-0.9862916342240831,-1.2431048914645995,-1.7092751237104564,-1.9706661573723725,-2.5290022882357412,-2.660231878982529,2.45589104957364,2.097908933420193,1.568107608916882,1.3384558251100032,0.82910190195561,0.4888205212982413,-0.011377849013352759,-0.5613213897708221
3.1814686123654736,2.6838643153593393,-0.8211864979589383,-1.411109286129964,-1.725602526280115,-1.930229132316676,-2.289126803754403,-2.6362748490438714,2.396685141190206,1.9836171154325837,1.676295725009292,1.2714676968101892,0.8127744993859514,0.5359716184386569,-0.1738889119730378,-0.421394023823375
3.0360479147123467,2.7143828248353365,-0.855977598761575,-1.1936649061134839,-1.8038825030860477,-2.138517959490357,-2.551128207605839,-2.6130807818421133,2.546531022717352,2.0724259780077356,1.5336216932090052,1.3306736051936237,0.9459877932486792,0.49843385178318034,-0.12475411171668233,-0.34082515880674247
3.0616834626721845,2.775114658692571,-0.9264753556511285,-1.2254041559685211,-1.7182780840058758,-2.138212774395597,-2.390295662667334,-2.6555015100137496,2.3257296066585122,2.163218543698827,1.5659713132535622,1.0734025703109675,0.654230842658146,0.3086087228424778,0.010900662904125225,-0.4589317904788516
3.1250093698348786,2.750699851111773,-0.9257123929142286,-1.3667048548423881,-1.7651239960515315,-2.005457258175009,-2.280276436006364,-2.832661457521913,2.427508835760963,2.13483632988615,1.6579846193236938,1.0790484945640268,0.7961419117215329,0.4013849916495093,0.10108285840569692,-0.595654712931319
3.1047145610333406,2.78839021031463,-0.7674739212811832,-1.4169078029304034,-1.825550644814006,-2.1632379521659146,-2.5563163542167584,-2.729966673135183,2.45650141976316,2.1340733671492496,1.491658742679509,1.3372350847309633,0.6997034217773819,0.40062202891260934,0.04477620842248209,-0.36401922600850034
3.229993042432309,2.8866598108273407,-0.9489064601159864,-1.225709341063281,-1.627485518314784,-1.9929446692898503,-2.4769682295791657,-2.76231629317974,2.4647414173216795,2.162913358604067,1.4825031898367098,1.134897366905102,0.9012781768663433,0.5080471822681195,-0.1900637219953163,-0.48288882041750936
3.2165648982628703,2.7815235456825302,-1.0123849598260606,-1.4068366948033244,-1.6085640424396659,-2.0472676161571255,-2.2869905080910833,-2.7859681380236374,2.390581439295006,1.9662215650312653,1.6180053719101373,1.3437965642683025,0.7816456197204342,0.4894308914877612,0.07010657128755976,-0.4891451148600888
3.205273049756751,2.7348302261842545,-1.0079597759520411,-1.3497670820832095,-1.6784514291396992,-2.062984648537264,-2.279666065816844,-2.8112985008887152,2.3954644008111656,2.1191192975060114,1.4950157787218687,1.3085476858235259,0.7047389758409214,0.4631849733384036,-0.15710373176123932,-0.35028589674430155
3.199474532956312,2.8215027930960868,-0.8567405614984749,-1.432319650215782,-1.78145139862119,-1.9728024530356922,-2.4597252717252274,-2.8154184996679747,2.3016199841724747,2.114388928537232,1.556968352958143,1.133371441431302,0.8542796722733076,0.4868368181823014,-0.17373631942565781,-0.5771910146983407
3.102120487727881,2.817077609222067,-0.9127420263869299,-1.333439679513551,-1.5588188719937903,-2.018580217249688,-2.5051978508444632,-2.8546347843446314,2.5294406574107935,2.050147466090258,1.6309757384374362,1.2700943638837694,0.6717789856068443,0.44578942293708523,0.03760435869562273,-0.5361436194531245
3.0532908725662855,2.684932463190999,-1.0250501412585995,-1.34579967585133,-1.8115121304550472,-1.962883937455993,-2.3304793840943794,-2.876302926072589,2.3350377520486916,1.91723935732229,1.5665816834430821,1.2055477163420352,0.6939049049769423,0.2393317063319642,-0.15054225222389994,-0.3617303377978005
3.168193060743415,2.764585772923352,-0.80134946679954,-1.2873567302047952,-1.7623773301986918,-2.10281130340344,-2.3484853046852177,-2.832508864974533,2.5479043556437717,2.0869222700088343,1.5720750151487617,1.1487832887166807,0.7898856172789536,0.2693924381658214,-0.171294838667578,-0.4691554911533107
3.274092288625125,2.7578717008386326,-0.7696102169445029,-1.215333047841442,-1.7191936392901557,-2.181243872756753,-2.5332748795623807,-2.791614062276697,2.308028871162434,1.9979608148863024,1.6524912876180142,1.3190765715927448,0.7988885775743727,0.4273257247041069,-0.027247473940871292,-0.4670191954899908
3.2483041481179074,2.8178405719589668,-0.8404131589288164,-1.23745896721154,-1.8363847156779847,-2.0999120450032205,-2.3823608502035745,-2.7511770372210007,2.404009583464445,2.144754845465849,1.6471505484597146,1.2331669674178127,0.8678604089901264,0.2817524345036003,0.04782805937008183,-0.4691554911533107
3.0551219831348453,2.8355413074550455,-0.8704738907626737,-1.3250470894076518,-1.7780943625788304,-2.032160953966507,-2.3797667768981148,-2.750414074484101,2.3097073891836137,1.8641371508340547,1.566886868537842,1.0924766387334657,0.8889181805285644,0.46593163919124336,-0.073940793439147,-0.6080147092690978
3.0841145671370427,2.6270998877339844,-0.9241864674404288,-1.4254529855836826,-1.5806396062691284,-1.934501723643316,-2.4580467537040476,-2.682357798352627,2.3228303482582926,1.9236482443122493,1.631738701174336,1.0712662746476478,0.8365789367772293,0.4651686764543434,-0.07668745929198673,-0.5462147275802035
2.9867605219086113,2.7223176372990956,-0.9365464637782077,-1.2742337711301166,-1.6148203368822451,-1.9604424566979133,-2.5605889455433983,-2.7070777910281847,2.4012629176116054,2.007879330466001,1.708797937601229,1.2034114206787154,0.8059078347538521,0.3044887240632182,-0.0637170927646879,-0.4900606701443687
3.2144286025995505,2.751462813848673,-0.9753049708127242,-1.4083626202771242,-1.6485432898532222,-1.9718868977514123,-2.3045386510397816,-2.7633844410113997,2.501363628692876,2.1075222639051323,1.6486764739335145,1.2705521415259093,0.7491434071284973,0.4360234999047661,-0.21951408363965363,-0.4010992150218369
3.255781182939527,2.8326420490548254,-0.9041968437336505,-1.1779478737333453,-1.7092751237104564,-1.9518972740446343,-2.443550461702949,-2.681747428163107,2.315200720889293,2.1055385607891925,1.6241090738053368,1.2890158397588878,0.8136900546702314,0.426715354514587,-0.17282076414137792,-0.4094918051277361
3.174449355185994,2.859803522488463,-0.944481276241967,-1.259279701486878,-1.7465077052711733,-2.117765373046679,-2.42951194734399,-2.897055512516267,2.5083828858723556,1.9651534171996055,1.567039461085222,1.0978173778917653,0.7798145091518744,0.3455361193084344,-0.1586296572350392,-0.6254102596704163
3.046271615386806,2.6898154247071586,-1.0383256928806583,-1.366857447389768,-1.5943729355333272,-2.1327194426899174,-2.475442304105366,-2.7603325900638,2.3567058937766494,1.9175445424170499,1.5058498495858477,1.1457314377690808,0.697872311208822,0.35087685846673394,-0.08096005061862632,-0.6528769181988138
2.9966790374883105,2.630151738681584,-0.8105050196423391,-1.2666041437611173,-1.833943234919905,-2.1188335208783386,-2.3181193877566004,-2.7520925925052806,2.4845784484810776,2.049231910805978,1.6032038948142788,1.1791492056452977,0.6255434437507086,0.27885317610338056,-0.07500894127080687,-0.6009954520896185
3.238690817632968,2.7264376360783555,-1.031764213343319,-1.487405559819957,-1.6560203246748415,-2.1694942466084943,-2.3805297396350147,-2.794055543034777,2.502126591429776,1.8893149211517524,1.5935905643293395,1.0293033241181515,0.6659804688064049,0.4296146129148067,-0.1703792833832981,-0.5976384160472588
3.210003418725531,2.6499887698409825,-0.8803924063423727,-1.3345078273452111,-1.8235669416980662,-2.162017211786875,-2.5341904348466606,-2.6625207671932287,2.2427192608838,2.097145970683293,1.720394971202108,1.100106266102465,0.7045863832935414,0.2556591089016227,-0.2527792589684905,-0.6006902669948585
3.11066567038116,2.78488058172489,-0.9055701766600706,-1.4013433630976448,-1.6335892202099835,-2.1697994317032543,-2.3616082637598965,-2.7000585338487055,2.4001947697799455,1.9500467550089868,1.5740587182647015,1.0550914646253693,0.7473122965599375,0.34950352554031405,-0.026789696298731347,-0.5117288118723267
3.0406256911337466,2.6161132243226257,-0.8892427740904121,-1.2826263612360158,-1.8809417395129406,-1.975243933793772,-2.3191875355882603,-2.7284407476613826,2.4668777129849992,1.9305149089443485,1.6286868502267364,1.2053951237946552,0.6572826936057458,0.23017615348916504,-0.1789244660365773,-0.5877199004675597
3.036963469996627,2.7166717130460363,-1.008875331236321,-1.486337411988297,-1.8194469429188063,-2.0817535318650022,-2.499551926591404,-2.7610955528007,2.2711014746964775,2.113778558347712,1.48051948672077,1.1974603113308961,0.7930900607739333,0.33195538259161567,-0.23919852225167182,-0.6537924734830937
3.11158122566544,2.8349309372655256,-0.900076844954391,-1.4465107571221207,-1.825092867171866,-2.0268202148082075,-2.5933963432300953,-2.8152659071205948,2.3136747954154933,2.0553356127011773,1.6848409076625712,1.099648488460325,0.8458870821674084,0.39070351333291026,-0.044032654152669715,-0.5160014031989663
2.988744225024551,2.6824909824329195,-0.8190502022956185,-1.4355240937107616,-1.8586632275954629,-1.9940128171215101,-2.453011199640508,-2.725083711619023,2.307113315878154,1.8786334428351534,1.6935386828632304,1.2905417652326876,0.7766100656568948,0.2326176342472448,0.0008295547770461598,-0.6731717270003519
3.0424568017023064,2.7217072671095757,-1.0044501473623013,-1.477029266598118,-1.7280440070381946,-2.0259046595239276,-2.3544364140330374,-2.853719229060351,2.411334025738684,1.862153447718115,1.6927757201263305,1.1461892154112208,0.8542796722733076,0.26023688532302225,-0.14153929192848075,-0.6301406286391958
3.134164922677678,2.852936857856364,-1.041224951280878,-1.4578026056282396,-1.650221807874402,-2.1359238861848975,-2.359319375549197,-2.706162235743905,2.372422926156788,2.0272585839832598,1.4403876467598338,1.0276248060969717,0.7926322831317933,0.4413642390630656,-0.1020178221570644,-0.5095925162090069
2.950138310537415,2.601769524868907,-1.0218456977636197,-1.2408160032538997,-1.6148203368822451,-2.1218853718259387,-2.5784422735868566,-2.8410540476278126,2.45970586325814,2.02558006596208,1.503103183733008,1.2682632533152094,0.6884115732712629,0.1958428303286682,-0.2680385137064891,-0.5652887960027018
2.9385412769365358,2.807311686189748,-0.9092323977971901,-1.377538925706367,-1.6454914389056223,-2.2773771776061444,-2.5334274721097607,-2.8837799608942083,2.3031459096462745,1.926547502712469,1.4948631861744888,1.1614484701492194,0.7581463674239164,0.382921293416531,-0.24591259433639112,-0.6936191283492699
3.147898251941877,2.809295389305688,-1.0995153043800325,-1.420112246425383,-1.7635980705777317,-2.0051520730802492,-2.619794853926833,-2.839070344511873,2.4310184643507027,1.80493124245062,1.6134275954887378,1.2481210370610514,0.7763048805621349,0.1891287582439488,-0.02328006770899166,-0.5472828754118635
2.9637190472542336,2.7349828187316345,-0.8845124051216324,-1.2347123013587002,-1.649611437684882,-2.0289565104715273,-2.5688289431019173,-2.903159214411467,2.2070126047968834,1.9280734281862688,1.4782305985100703,1.1040736723343447,0.7119108255677807,0.31578057256933717,-0.23202667252481246,-0.5463673201275835
2.9464760894002953,2.78793243267249,-1.1135538187389913,-1.412940396698524,-1.8060187987493674,-2.10662611708794,-2.6106393010840336,-2.6761015039100475,2.2688125864857778,2.0435859865529182,1.6680557274507728,1.0276248060969717,0.7673019202667156,0.16608728358957092,-0.01015710863431285,-0.4925021509024484
3.068702719851664,2.8343205670760057,-0.8568931540458549,-1.2852204345414755,-1.7202617871218155,-2.041926876998826,-2.5366319156047403,-2.7748288820648983,2.4639784545847796,1.8671890017816544,1.6581372118710738,1.0270144359074518,0.8146056099545113,0.13312729335549398,-0.2648340702115094,-0.5796324954564205
3.0529856874715255,2.590935454004928,-0.9676753434437249,-1.432777427857922,-1.6264173704831242,-2.0977757493399007,-2.561657093375058,-2.845479231501832,2.1888540916586647,1.8696304825397343,1.6582898044184538,1.0079403674849536,0.7332737822009787,0.2869405811145198,-0.034419323667730595,-0.6080147092690978
3.0090390338260895,2.7130094919089167,-1.0442768022284776,-1.400275215265985,-1.8684291506277817,-2.2081001610956306,-2.3866334415302144,-2.8753873707883093,2.2253237104824812,1.9642378619153256,1.449390607055253,1.2610914035883503,0.7485330369389773,0.2623731809863421,-0.051814874069049,-0.6957554240125898
3.1717026893331544,2.5808643458778486,-0.8936679579644315,-1.3085670942906134,-1.6622766191174208,-2.0907564921604216,-2.3613030786651366,-2.7064674208386648,2.378831813146747,1.9950615564860827,1.622125370689397,1.1495462514535806,0.567558275746314,0.34645167459271436,-0.0055793322129132905,-0.49158659561816853
3.037573840186147,2.588188788152088,-1.0928012322953133,-1.366857447389768,-1.7585625165141918,-2.2598290346574457,-2.5463978386370596,-2.7469044458943612,2.414996246875804,1.9236482443122493,1.513632069502227,1.0964440449653452,0.6182190014764694,0.16578209849481096,-0.3037451697934058,-0.4874665968389089
3.2034419391881914,2.829285013012466,-0.8517050074349355,-1.3851685530753663,-1.704697347289057,-2.038264655861706,-2.376409740855755,-2.8839325534415883,2.3980584741166258,2.0168822907614206,1.645014252796395,0.9722337113980367,0.5855641963371523,0.3737657405737318,-0.23553630111455215,-0.6313613690182357
3.0035457021204097,2.686458388664799,-0.976373118644384,-1.487405559819957,-1.9077980278518183,-2.070156498264123,-2.421729727427611,-2.896750327421507,2.428119205950483,1.8342290115475774,1.6592053597027336,1.1826588342350375,0.6498056587841264,0.1392309952506934,-0.03426673112035061,-0.43878957422469345
2.9464760894002953,2.8176879794115868,-1.1301864064034097,-1.323063386291712,-1.7971684310013285,-2.0336868794403067,-2.551738577795359,-2.8683681136088297,2.3780688504098473,1.91586602439587,1.5584942784319429,1.0553966497201293,0.6241701108242887,0.33226056768637563,-0.23965629989381176,-0.606336191247918
2.9533427540323944,2.643885067945783,-0.9974308901828219,-1.3801329990118267,-1.8867402563133804,-2.2529623700253465,-2.4966526681911843,-2.6985326083749057,2.231885190019821,1.8691727048975944,1.4416083871388736,1.1286410724625224,0.5915153056849718,0.11344285474347579,-0.16046076780359897,-0.7238324527305071
2.9953057045618907,2.6365606256715437,-1.1452930685940284,-1.2980382085213944,-1.9369432044013957,-2.3109475380297413,-2.410285286374112,-2.8158762773101147,2.4218629115079033,2.057471908364497,1.5414039131253845,1.2377447438392122,0.6426338090572671,0.11985174173343519,-0.23660444894621202,-0.5861939749937598
3.130502701540558,2.705379864539917,-0.8863435156901922,-1.4790129697140577,-1.8186839801819064,-2.062374278347744,-2.5329696944676208,-2.790851099539797,2.365556261524689,1.9862111887380436,1.3628706326908009,1.0029048134214138,0.6133360399603098,0.2535228132383029,-0.20227112578571516,-0.6072517465321979
2.9418983129788954,2.685848018475279,-0.9414294252943671,-1.4018011407397848,-1.7741269563469504,-2.0449787279464258,-2.5532645032691588,-2.948021423341183,2.3043666500253144,1.991551927896343,1.5195831788500465,1.2171447499429142,0.7219819336948599,0.1686813568950307,-0.247896297452331,-0.7310043024573665
3.0748064217468634,2.8259279769701062,-1.0015508889620817,-1.5333359165813327,-1.78053584333691,-2.0933505654658813,-2.4708645276839665,-2.9783873402697996,2.4401740171935016,1.927157872901989,1.37217877808098,1.033118137802651,0.7070278640516212,0.3588116709304932,-0.08294375373456614,-0.5448413946537837
3.174449355185994,2.774962066145191,-0.8912264772063518,-1.3415270845246903,-1.8118173155498072,-2.050777244746865,-2.5596733902591184,-2.9522940146678223,2.372880703798928,1.9521830506723066,1.4654128245301514,1.1510721769273804,0.7648604395086358,0.24513022313240368,-0.09835560101994473,-0.5915347141520594
3.123330851813699,2.6695206159056206,-1.1298812213086498,-1.508158146263635,-1.801898799970108,-2.181549057851513,-2.42890157715447,-2.8312881245954933,2.338547380638431,1.818359386620059,1.4657180096249114,1.0062618494637736,0.686427870155323,0.16318802518935122,-0.12872151794856196,-0.682479872390531
3.078621235431363,2.7224702298464756,-1.095395305600773,-1.3403063441456504,-1.9065772874727784,-2.084347605170462,-2.486886745158865,-2.8814910726835086,2.3461770080074302,1.957981567472746,1.3984246962303375,1.0563122050044091,0.7959893191741529,0.350571673371974,-0.3156473884890447,-0.6093880421955177
2.9098538780290983,2.8094479818530678,-1.085934567663214,-1.2841522867098156,-1.865987669869702,-2.3033179106607418,-2.403266029194633,-2.8853058863680086,2.2154051949027824,1.8706986303713942,1.3859121073451788,1.1687729124234587,0.7872915439734938,0.23460133736318461,-0.16915854300425825,-0.5570487984441825
3.1366064034357577,2.6568554344730817,-1.082730124168234,-1.5365403600763123,-1.8676661878908818,-2.042079469546206,-2.570660053670477,-2.8543295992498714,2.2146422321658825,1.8117979070827195,1.384691366966139,1.1089566338505041,0.6618604700271453,0.11985174173343519,-0.33090664322704333,-0.616407299374997
3.165446394890575,2.628625813207784,-1.0126901449208205,-1.5579033167095104,-1.9087135831360982,-2.2752408819428243,-2.5683711654597774,-2.8418170103647125,2.197551866859324,1.7791431019434025,1.522940214892406,1.0267092508126918,0.7668441426245757,0.17570061407451004,-0.13650373786494124,-0.595959898026079
3.1276034431403383,2.7151457875722365,-1.0104012567101208,-1.3844055903384664,-1.757952146324672,-2.261202367583866,-2.6243726303482324,-2.7549918509055003,2.24119333541,2.000860073286522,1.5377416919882647,1.0445625788561501,0.6311893680037681,0.3231050148435765,-0.27810962183356824,-0.7352768937840062
3.0172790313846085,2.719265786351496,-1.0810516061470543,-1.4410174254164412,-1.8191417578240463,-2.0547446509787446,-2.6771696517417074,-2.767809624885419,2.383409589568147,1.9230378741227292,1.4130735807788162,1.145121067579561,0.5045375536783798,0.12320877777579489,-0.06661635116490766,-0.617017669564517
3.0278079171538277,2.744443556669194,-1.063198278103596,-1.4533774217542201,-1.8929965507559596,-2.3194927206830203,-2.639631885086231,-2.833271827711433,2.360215522366389,1.8969445485207517,1.417193579558076,1.058143315572969,0.4938560753617808,0.16425617302101111,-0.09469337988282506,-0.47937919182776967
2.993474593993331,2.738492447321374,-1.1874086116709046,-1.3076515390063335,-1.7520010369768526,-2.1020483406665402,-2.467049713999467,-2.986627337828319,2.1273592950645304,1.762663106826364,1.5485757628522439,1.0518870211303895,0.5851064186950123,0.11939396409129524,-0.22928000667197268,-0.5658991661922217
3.1256197400243986,2.5364599145902726,-1.0700649427356954,-1.4886263001989968,-1.7756528818207502,-2.1543875844178757,-2.6446674391497704,-2.7992436896456963,2.231885190019821,1.936160833197408,1.5392676174620645,0.9467507559855791,0.513540513973799,0.060951018444760585,-0.22775408119817286,-0.562389537602482
2.993627186540711,2.712399121719397,-0.9957523721616421,-1.499002593420836,-1.684860316129659,-2.180328317472473,-2.6629785448353687,-2.75636518383192,2.297042207751075,1.795470504513061,1.5188202161131465,1.1849477224457372,0.7335789672957387,0.11359544729085577,-0.3670710769561,-0.5657465736448417
3.0427619867970663,2.6521250655043023,-1.1849671309128247,-1.3810485542961066,-1.942894313749215,-2.3172038324723205,-2.6257459632746523,-2.7987859120035563,2.299178503414395,1.9088467672163907,1.5925224164976797,1.121621815283043,0.5642012397039543,0.26710354995512164,-0.15679854666647935,-0.7242902303726471
2.9547160869588143,2.532187323263633,-0.9853760789398032,-1.3944766984655455,-1.761309182367032,-2.258455701731026,-2.467812676736367,-2.7752866597070383,2.24317703852594,1.8580334489388552,1.5246187329135859,1.1364232923789017,0.7499063698653972,0.13465321882929382,-0.07668745929198673,-0.6775969108743713
3.0354375445228268,2.7569561455543528,-1.084866419831554,-1.3789122586327869,-1.9120706191784578,-2.116697225215019,-2.6672511361620086,-3.005396221156057,2.35029700678669,1.776091250995803,1.5247713254609658,1.1719773559184383,0.6484323258577065,0.18989172098084875,-0.18869038906889646,-0.7178813433826878
2.9023768432074792,2.4961754820819566,-0.9238812823456688,-1.3163493142069926,-1.8398943442677247,-2.0858735306442617,-2.5573845020484187,-2.7412585216413015,2.3454140452705303,1.784941618743842,1.5365209516092249,1.070045534268608,0.5182708829425785,0.30479390915797816,-0.24911703783137085,-0.5538443549492028
2.871705741184102,2.7227754149412355,-1.2077034204724426,-1.5937625653438072,-1.8746854450703614,-2.1040320437824804,-2.54029413674186,-2.8306777544059734,2.2448555565471198,1.7333653377294067,1.4239076516427953,0.9101285446143825,0.5056057015100397,0.08689175149935824,-0.12185485331646256,-0.7722042902499628
2.974400525570833,2.6443428455879228,-0.9623346042854253,-1.5945255280807071,-1.934349131095936,-2.205200902695411,-2.4258497262068706,-2.8372392339433126,2.2651503653486578,1.7767016211853228,1.3773669246918996,1.0753862734269073,0.5619123514932545,0.23002356094178505,-0.23858815206215178,-0.649825067251214
2.9399146098629556,2.4969384448188565,-1.1808471321335652,-1.5034277772948554,-1.8694972984594416,-2.2274794146128887,-2.7092140866915044,-2.802905910782816,2.163981506435727,1.7283297836658673,1.448169866676213,0.9951225935050346,0.4929405200775009,0.317459090590517,-0.18853779652151648,-0.5932132321732392
2.923129429651157,2.6180969274385655,-1.150938992847088,-1.5441699874453116,-1.9000158079354388,-2.141417217890577,-2.635054108664831,-3.037745841200614,2.24134592795738,1.9401282394292878,1.4988305924063683,0.9426307572063195,0.5864797516214323,0.22849763546798518,-0.0930148618616452,-0.5709347202557613
2.9530375689376345,2.6307621088711044,-1.2112130490621824,-1.5163981438221543,-1.9804320804046918,-2.223359415833629,-2.453468977282648,-2.856618487460571,2.1012659694625526,1.8859578851093928,1.3552410053218016,1.000463332663334,0.7175567498208402,0.27259688166080115,-0.3837036646205185,-0.779376139976822
2.9722642299075126,2.7159087503091364,-0.9569938651271257,-1.3497670820832095,-1.973870600867352,-2.1249372227735384,-2.486734152611485,-2.859059968218651,2.371659963419888,1.8650527061183346,1.3663802612805405,0.8809833680648052,0.6704056526804245,0.1316013678816941,-0.20913779041781455,-0.7630487374071635
2.8749101846790817,2.600548784489867,-1.0023138516989816,-1.5179240692959541,-1.9137491371996376,-2.1865846119150527,-2.4914645215802644,-2.9400866108774233,2.3432777496072106,1.6897238691787309,1.5417090982201445,1.0146544395696728,0.47569756222356246,0.24726651879572348,-0.3981999566216171,-0.726426526035967
2.8439338975609445,2.6454109934195826,-1.1426989952885687,-1.3496144895358295,-1.966240973498353,-2.3501638227063975,-2.5216778459615017,-3.0041754807770173,2.1067593011682324,1.773191992595583,1.2893210248536477,0.9371374255006399,0.44868868133730494,0.209118381950727,-0.12170226076908258,-0.747179112479645
3.088844936105822,2.531729545621493,-1.2176219360521419,-1.541881099234612,-1.793506209864209,-2.270052735331905,-2.5906496773772556,-2.7765074000860785,2.2898703580242152,1.8162230909567392,1.5528483541788833,0.9765063027246764,0.6258486288454687,0.1413672909140132,-0.15588299138219947,-0.5880250855623197
3.0607679073879046,2.5154021430518347,-0.9701168242018046,-1.400427807813365,-1.7843506570214096,-2.237092745097828,-2.6257459632746523,-2.8622644117136304,2.218304453303002,1.6849935002099512,1.3268587915091241,1.102547746860545,0.5498575402502356,0.036993988506102804,-0.15969780506669906,-0.6788176512534114
3.0542064278505654,2.717129490688176,-1.1694026910800661,-1.551341837172171,-1.9035254365251788,-2.0907564921604216,-2.5279341404040814,-2.844716268764932,2.2079281600811633,1.7361120035822466,1.5195831788500465,1.0828633082485266,0.556724204882335,0.2111020850666668,-0.3753110745146192,-0.8207287203167983
3.045661245197286,2.5273043617474737,-1.2067878651881627,-1.3752500374956673,-1.9921817065529503,-2.2201549723386496,-2.6997533487539456,-2.7783385106546383,2.315658498531433,1.7541179241730849,1.2992395404333466,0.9879507437781754,0.6815449086391635,0.20469319807670738,-0.11804003963196291,-0.823475386169638
2.9199249861561776,2.4507029029627208,-1.2310500802215805,-1.3914248475179458,-1.7954899129801487,-2.180938687661993,-2.7020422369646453,-2.9959354832184983,2.34877108131289,1.9508097177458867,1.4281802429694348,0.9407996466377596,0.5274264357853777,0.09223249065765773,-0.16519113677237862,-0.5968754533103588
2.8227235334751266,2.5096036262513954,-1.1253034448872503,-1.4156870625513636,-1.9692928244459527,-2.3954838092782533,-2.4958897054542843,-2.929862910202964,2.361588855292809,1.7974542076290008,1.2885580621167476,1.003820368705694,0.47859682062378217,0.005254738651065738,-0.2640711074746095,-0.7393968925632657
2.89779906678608,2.732236152878795,-1.0702175352830754,-1.5725522012579891,-1.9435046839387349,-2.1653742478292344,-2.705094087912245,-3.0243176970311754,2.0927207868092736,1.7133757140226287,1.3204499045191649,1.066841090773628,0.5382605066493567,0.01975103065216438,-0.29519998714012663,-0.5501821338120831
3.024756066206228,2.738797632416134,-1.2054145322617429,-1.5077003686214951,-1.9839417089944313,-2.183532760967453,-2.4784941550529656,-3.0481221344224534,2.2022822358281036,1.7521342210571451,1.2584973302828906,1.033881100539551,0.665064913522125,0.042945097853922254,-0.23446815328289217,-0.8419390844026162
2.8564464864461034,2.5303562126950734,-0.9931582988561825,-1.400580400360745,-1.955101717539614,-2.247163853224907,-2.7531607403369405,-2.8068733170146953,2.209454085554963,1.7905875429969014,1.3708054451545602,1.0117551811694532,0.5114042183104792,0.0020502951560860128,-0.41590069211769554,-0.7534354069222244
3.056342723513885,2.67547172525344,-0.9800353397815036,-1.477029266598118,-1.8824676649867405,-2.269900142784525,-2.615522262600193,-2.8552451545341513,2.330307383079912,1.7147490469490485,1.294661764011947,0.8963952153501837,0.6610975072902454,0.03073769406352339,-0.2939792467610868,-0.5617791674129621
2.936557573820596,2.697902829718298,-1.259737479129018,-1.5218914755278337,-1.9155802477681974,-2.3947208465413534,-2.5656244996069377,-2.8105355381518153,2.315048128341913,1.9085415821216307,1.275892880684209,0.860993744358027,0.5660323502725142,0.05728879730764097,-0.2060859394702148,-0.595196935289179
2.8944420307437198,2.4645888247742995,-1.1353745530143293,-1.5908633069435874,-1.9895876332474907,-2.205963865432311,-2.6777800219312273,-2.9637384557213213,2.0853963445350345,1.9408912021661877,1.3045802795916464,0.9436989050379794,0.6844441670393833,-0.008631183160512979,-0.43543253818233374,-0.7451954093637052
2.9509012732743147,2.6724198743058403,-1.182220465059985,-1.5237225860963937,-1.788623248348049,-2.3422290102426384,-2.564708944322658,-2.8930881062843876,2.0727311631024956,1.6527964727127742,1.4541209760240323,0.9343907596478003,0.41786498676654776,0.21262801054046665,-0.27276888267526866,-0.5794799029090405
3.0874716031794023,2.6359502554820238,-1.1103493752440117,-1.6564781023169814,-1.9077980278518183,-2.2087105312851505,-2.53907339636282,-3.076504348235131,2.0544200574168974,1.6457772155332948,1.317550646118945,0.8628248549265868,0.5492471700607157,0.2570324418280426,-0.3798888509360189,-0.6540976585778536
3.188418920750213,2.7797760788666106,-1.0220672391057397,-1.2292879184477605,-1.811275894155027,-1.985078805620831,-2.4715438466682262,-2.6987541497170255,2.296973258956335,1.872918569787354,1.450389806092173,1.090423986822786,0.7843233367785342,0.40940344786590865,-0.14649120223938017,-0.6215118022332764
3.1601892994849154,2.807700515037148,-0.9929220625561623,-1.4172819368199032,-1.8132595972709669,-2.0564921177946647,-2.2719527946952045,-2.683037117336887,2.475048761748779,1.9087778184216506,1.6895023278366108,1.079437323411427,0.7713529702512354,0.17334277706907036,0.028074671963323694,-0.46144222003167124
2.9961523110514308,2.817161252974707,-1.006960576915121,-1.216012366825702,-1.812801819628827,-2.1979454092159116,-2.4239349718856706,-2.7755082010491585,2.335884358538231,2.0639644391070964,1.5178357120341266,1.1084299074136243,0.7658596385455558,0.28458274410908013,0.0004554208875462429,-0.5658155224395816
3.1957433630244525,2.668993889468741,-0.8374302567759566,-1.3713515800585274,-1.7743484976890702,-2.2063379993218106,-2.365949803881276,-2.7767289414281984,2.418742111765564,1.8546074641017558,1.6843141812256914,1.0402210387347706,0.8497855396045482,0.2819886708036204,0.00198134636134617,-0.5696303361240813
3.207035211530571,2.67937018269058,-1.0045190961570412,-1.2883412342838152,-1.7862507163847092,-2.10715284352482,-2.3488594385747175,-2.748651912710281,2.4974798662136366,1.8941289338731722,1.4448964743864934,1.0156536386065929,0.873742569543206,0.39826419190716966,-0.018771240082331997,-0.45884814672621155
3.263036676419026,2.907038263381519,-0.9381413380467474,-1.2433264328067193,-1.723077401769395,-1.9678358477668927,-2.4994682828387638,-2.8280000373478735,2.5173168973730347,1.9811066858797641,1.601456427998359,1.0397632610926306,0.7940892598108533,0.2479605327378835,-0.058903080043268274,-0.38300965067835846
3.22092113334215,2.741322756926854,-1.039920567149198,-1.2961234542001945,-1.8079188581126675,-2.009493613201629,-2.4814623622479255,-2.7382756194884417,2.3325273224958716,1.8864993065041729,1.5378253357409049,1.1696195189129988,0.7110789140361409,0.21500054250380657,-0.02365420159849152,-0.46724073683211076
3.1980322512351522,2.8888797502433006,-0.8465858096187557,-1.4030908299135645,-1.6750107493446995,-2.1204283951468788,-2.3592357317965567,-2.8025170819354157,2.3445821337388906,1.841179319932317,1.6580682630763337,1.1023262055184249,0.6059426488913305,0.4403797349840458,0.011747269393665216,-0.6257843935599161
3.0100382328630095,2.862023461904423,-1.0913442556162534,-1.2294405109951405,-1.832028480598705,-1.9673780701247527,-2.5595897465064783,-2.855619288423651,2.338783616938451,1.8234785844362387,1.624040125010597,1.2617854175305103,0.6782715163494439,0.4092508553185287,-0.1615978644299988,-0.6732406757950917
3.1086130184704803,2.6656368534263812,-0.9675916996910847,-1.461381183012719,-1.823178112850666,-2.009188428106869,-2.3346683316683787,-2.6566386066401493,2.4217939627131635,2.046721481253158,1.5926060602503198,1.1867098842195571,0.7840181516837742,0.3384479133342152,-0.2475074686049309,-0.4380955602825334
3.1180737564080396,2.6850161069436393,-1.0902761077845933,-1.2190642177733015,-1.691032966819598,-2.1085261764512397,-2.4243927495278106,-2.902007422827167,2.4602472846529198,1.9466207701718872,1.6534904866549343,1.2179913564324543,0.7725737106302752,0.16433981677365123,-0.008394946860492913,-0.4747177716537301
3.0742796953099836,2.6731138882480003,-1.0591472281190761,-1.4691634029290985,-1.639151500710403,-2.2449439138089473,-2.3184935216461002,-2.637259353122891,2.416758408649624,1.8691037561028543,1.5660549570062023,1.1859469214826572,0.8241499916447105,0.33020791577569597,-0.12650157853260202,-0.6756821565531714
3.1607996696744354,2.8382190245131453,-0.920898380192809,-1.2367649532693799,-1.6950003730514775,-2.0267365710555674,-2.3200194471199,-2.669914158262208,2.3885287873843266,2.0574029595697567,1.69758973284775,1.1986121029151962,0.5877841357531123,0.17334277706907036,-0.06790604033868741,-0.6849903019433508
3.1470663404102366,2.8315049524284257,-0.832089517617657,-1.3185545586650524,-1.6722640834918598,-2.004152874043329,-2.3065913029504617,-2.681816376957847,2.3442769486441306,1.9394489204450278,1.5605616253005228,1.2279098720121535,0.7185559488577602,0.21332202448262672,-0.14328675874440044,-0.6099147686323976
3.025755265243148,2.8340990257338854,-1.0211516838214598,-1.3945456472602853,-1.7329959173490943,-1.9812639919363315,-2.593923069666975,-2.8420385517068323,2.4617732101267196,1.8161541421619993,1.6498282655178145,0.9982580882052745,0.8149944388019114,0.2386523873477044,-0.2720748687331086,-0.5334659023950246
3.0503226653713256,2.8452382816926245,-0.8510109934927754,-1.3417486258668103,-1.7503914677504127,-2.028720274171507,-2.397841646283693,-2.7185911808764236,2.265691786743438,1.8477407994696564,1.6806519600885717,1.0740965842531276,0.6567559671688659,0.39490715586480996,-0.24369265492043124,-0.6276155041284759
3.1723967032753144,2.8690427190839025,-0.8816820955161526,-1.34525825445655,-1.8715499503701216,-1.99667583922171,-2.496721616985924,-2.8917837221527076,2.4648250610743196,1.9426533639400076,1.525617931950506,1.2462209776977518,0.8420033196881689,0.1718168515952705,-0.28092523648114787,-0.6648480856891925
3.079315249373523,2.8029701460683683,-1.0329013099697186,-1.4117886051142239,-1.8791795777391207,-2.2263276230285887,-2.4944327287752244,-2.6660993445777086,2.289496224134716,1.9437215117716675,1.5524742202893835,1.0208417852175125,0.7248122433003397,0.39124493472769034,-0.10193417840442431,-0.43138148819781397
3.131959678219618,2.624284273086405,-0.8462806245239958,-1.4821337694563974,-1.755274429266572,-2.1634594935080345,-2.582173443518716,-2.883238539499428,2.2296799455617613,1.8164593272567593,1.4618342471456718,1.0058877155742738,0.5531456274978555,0.39399160058053007,-0.08270751743454607,-0.43931630066157323
3.201541879824892,2.578201323777649,-0.9482124461738264,-1.2425634700698194,-1.6426611293001425,-1.9702773285249724,-2.601400104488594,-2.734155620709182,2.271337710996497,1.8361437658687774,1.524244599024086,0.9990210509421744,0.6057900563439506,0.3280716201123761,-0.02014457300875183,-0.5394170117428441
3.00774934465231,2.765127194318132,-0.9120480124447699,-1.4391026710952413,-1.8076136730179075,-2.038028419561686,-2.606740843646894,-2.8713363208037896,2.2351732772674406,1.8759704207349537,1.417887593500236,1.0750121395374075,0.6302048639247484,0.13565241786621385,-0.29389560300844664,-0.6331088358341554
3.0559685896243853,2.7283523903995555,-1.02054131363194,-1.2884938268311952,-1.702630000420477,-2.1994713346897115,-2.5273927190093013,-2.822354113094814,2.4130961875125045,1.893671156231032,1.4659542459249315,1.1734343325974983,0.7798981529045146,0.340736801544915,-0.028994940756790988,-0.485551842517709
3.174685591486014,2.841270875460745,-1.028933903737839,-1.2910879001366549,-1.7291811036645948,-2.1416387592326966,-2.43049645142301,-2.901244460090267,2.406839893069925,1.819358585656979,1.4744994285782107,0.9858980918674956,0.7515159390918371,0.13656797315049374,-0.05875048749588829,-0.43763778264039344
3.1534752274001963,2.6953924001654785,-1.0266450155271392,-1.2440893955436192,-1.6995781494728774,-2.118292099483559,-2.4834460653638653,-2.8215911503579143,2.3641139798035287,2.0436696303055584,1.3695157559807805,1.0435780747771304,0.7235915029212998,0.27344348815034114,-0.18692822729507652,-0.6192229140225767
3.079925619563043,2.7871005211408497,-1.1004998084590525,-1.2532449483864183,-1.6997307420202574,-2.1619335680342346,-2.616354174131833,-2.7088252578441043,2.417368778839144,1.8040993309189803,1.534620892245925,1.1049202788238848,0.7924107417896734,0.2458242370745637,-0.05005271229522912,-0.46037407220001136
3.077331546257583,2.6056679823060467,-0.9962790985985219,-1.245310135922659,-1.7516122081294525,-2.1970298539316317,-2.484361620648145,-2.9129940862385255,2.4202680372393637,1.7734282288956031,1.6486075251387746,1.243169126750152,0.7107737289413809,0.28031015278244054,-0.28031486629162794,-0.6053369922109979
3.0422352603601865,2.6207746444966653,-0.9826983618817033,-1.3812700956382267,-1.7761796082576304,-2.151709867359776,-2.3305483328891192,-2.920928898702285,2.2861391880923563,1.8466726516379963,1.622819384631557,1.133302492636562,0.5249160062325581,0.3222731033119367,-0.06821122543344738,-0.6241058755387363
2.981961204145092,2.6699094447530207,-0.9125057900869098,-1.268199018029657,-1.8550699552530832,-2.0712935948905233,-2.3477912907430576,-2.6686934178831683,2.3244399174847326,1.9292252197705688,1.6388416021064556,1.1403217498160414,0.61204635078653,0.22430868789398567,-0.1242126903219023,-0.6248688382756362
3.0521537759398853,2.745595348253494,-1.0853931462684339,-1.2720138317141567,-1.8941336473823593,-2.2296846590709487,-2.3422979590373783,-2.6545023109768295,2.3792206419941477,1.8236311769836187,1.5855868030708404,1.0061929006690338,0.5180493416004587,0.23346424073678484,-0.2423193219940114,-0.46724073683211076
2.994168607935491,2.5833894703885685,-1.0112331682417606,-1.4296419331576822,-1.8846729094448005,-2.042606195983086,-2.594686032403875,-2.850888919454871,2.166201445851687,2.0171185270614407,1.3975927846986977,0.93752625434804,0.7948522225477532,0.2784790422138807,-0.1615978644299988,-0.4739548089168302
3.072448584741424,2.7487997917484734,-0.8711532097469334,-1.2622479086818374,-1.8672773590434817,-2.280040199706344,-2.6239838015008323,-2.8173185590312744,2.2101480994971228,1.7700711928532435,1.3916416753508782,1.1932713637568966,0.6378344912937477,0.15716796704679187,-0.1292482443854418,-0.6439429066981344
3.212375950688871,2.7253005394519554,-0.8815295029687726,-1.387068612438666,-1.8930654995506995,-2.178108378056513,-2.3488594385747175,-2.7129452566233643,2.3824250854891273,2.002317049965582,1.4044594493307971,1.0718076960424279,0.623490791840029,0.32440939897525645,-0.26307190843768946,-0.46449407097927087
3.0375048913914067,2.601700576074167,-0.9555368884480657,-1.530047829333713,-1.6872181531350985,-2.2524209486305664,-2.351148326785417,-2.8081630061884755,2.23868290585718,1.8811585673458733,1.4310105525749148,1.1987646954625761,0.6468374515891668,0.2796997825929206,-0.21408970072871403,-0.5240051644574655
3.1070870929966805,2.6596857440785615,-0.9659131816699049,-1.538440419439612,-1.8108181165128872,-2.010103983391149,-2.637411945670271,-2.6984489646222656,2.256231048805879,2.0091837145976816,1.360665388232741,1.014432898227553,0.5592493293930548,0.25391164208570294,-0.3282289261689435,-0.5241577570048455
3.1536278199475762,2.6607538919102214,-1.007570947104641,-1.4935782105098965,-1.823788483040186,-2.1623913456763746,-2.602315659772874,-2.9160459371861256,2.371743607172528,1.9110667066323506,1.6159527199994577,1.0611262177258287,0.5049263825257799,0.19729980700772815,-0.11002158341556356,-0.5928244033258392
3.0204145260848483,2.634507973760864,-1.0599101908559763,-1.5225707945120934,-1.747034431708053,-2.036960271730026,-2.4906179150907244,-2.942139262788103,2.3183362155895333,2.02184889603022,1.3890476020454186,1.0708921407581478,0.6599604106638456,0.2673397862551417,-0.2841296799761275,-0.49623332083430793
2.9990515694516504,2.766042749602412,-0.9492805940054863,-1.311840486580333,-1.7252136974327148,-2.0909780335025414,-2.4594890354252072,-2.820370409978874,2.263250305985358,1.7735808214429831,1.3805024193921394,1.0528862201673095,0.6685055933171248,0.11535760906467574,-0.05829270985374835,-0.6514199415197537
2.9667019494070934,2.6827272187329396,-0.9117428273500099,-1.418807862293703,-1.6887440786088983,-2.222817994438849,-2.54158382591564,-2.9688429585796006,2.24570216303666,1.883600048103953,1.4349779588067944,1.1812165525138778,0.5809174711210129,0.274969413624141,-0.08606455347690578,-0.7391606562632456
3.0237715621272083,2.5424946676907325,-0.9556894809954457,-1.2845264205993154,-1.9171751220367375,-2.1849750426886128,-2.607351213836414,-2.791988196166197,2.2138103206342423,1.841484505027077,1.4806031304734102,1.0815736190747467,0.590988579248092,0.24887608802216343,-0.32868670381108345,-0.7162717741562479
2.9316056635096968,2.6210798295914253,-1.1233886905660504,-1.4468848910116205,-1.8010521934805679,-2.2968253799181424,-2.627035652448432,-2.8940726103634073,2.362435461782349,1.8971807848207718,1.5651394017219222,0.9198255188519617,0.7737944510093151,0.19638425172344826,-0.31770004039972444,-0.6277680966758559
3.0498648877291856,2.599259095316087,-1.1549753478737075,-1.5520211561564308,-1.9043573480568186,-2.0566447103420447,-2.6339023170805316,-2.791377825976677,2.2707273408069772,1.7474874958410056,1.5941319857241196,0.9886447577203354,0.5226271180218582,0.22171461458852593,-0.31831041058924436,-0.7197814027459875
3.1734648511069743,2.6508353763305226,-1.049686490181517,-1.3675367663740279,-1.8272981116299256,-2.0545084146787245,-2.3862446126828143,-2.824337816210754,2.1396503426075695,1.9244948508017892,1.3682950156017406,0.9955114223524347,0.6871218840974831,0.26047312162304237,-0.09079492244568532,-0.6518777191618936
3.1708707778015146,2.7298783158733553,-1.0286287186430791,-1.4949515434363163,-1.6687544549021203,-2.2841601984856035,-2.530444569956901,-2.7704726469856187,2.2287643902774814,1.882989677914433,1.5207349704343465,1.1500876728483607,0.6105204253127301,0.2677975638972817,-0.35340669648664114,-0.5098140575511267
3.021482673916508,2.757955344591273,-0.8981620906331911,-1.3820330583751266,-1.6887440786088983,-2.256388354862446,-2.4622357012780474,-2.856534843707931,2.294989555840395,1.9873629803223434,1.4549675825135724,1.1514610057747805,0.5668789567620541,0.1054390934849766,-0.34486151383336194,-0.6173918034540169
3.1528648572106763,2.5121287507621153,-0.9112850497078699,-1.5350833833972524,-1.67104334311282,-2.310863894277101,-2.3909749816515937,-2.9712844393376803,2.2290695753722414,1.8994696730314715,1.48197646339983,0.9761321688351765,0.5987707991644713,0.329750138133556,-0.18738600493721647,-0.7496895420324647
2.9778412053658325,2.712330172924657,-1.1304079477455298,-1.5320315324496527,-1.7851825685530494,-2.228769103786669,-2.400740904683913,-2.7779496818072382,2.393411748900486,1.9663052087839055,1.3577661298325214,1.0650936239577082,0.5551293306137952,0.27893681985602065,-0.24796524624707084,-0.5453681210906636
3.033079707517387,2.5086191221723757,-1.0902761077845933,-1.334424183592571,-1.9496773346286744,-2.245859469093227,-2.4132534935690715,-2.7266785858875626,2.159792558861728,1.9072518929478508,1.5211927480764864,1.0116862323747133,0.7283218718900794,0.06011910691312078,-0.2023400745804551,-0.5186644252991659
2.9157360385821782,2.668536111826601,-0.9602672574168454,-1.4000389789659649,-1.7940329363010887,-2.2640179822314455,-2.4506386676771683,-2.967011848011041,2.3464132443074504,1.9016059686947915,1.3310624340410238,0.9483603252120191,0.6913944754241227,0.13778871352953365,-0.19608378013787564,-0.6727828981529518
3.1211256073556393,2.765584971960272,-1.2065516288881426,-1.5956626247071068,-1.8214995948294863,-2.2643231673262054,-2.5974326982567146,-2.8601970648450505,2.255925863711119,1.8762756058297136,1.5039497902225478,1.135591380847262,0.536665632380817,0.3204419927433768,-0.20844377647565449,-0.6115932866535774
2.980587871218672,2.56538354979773,-1.0550272293398166,-1.3092464132748731,-1.8712447652753617,-2.119512839862599,-2.6639630489143884,-2.8922414997948476,2.112336276626552,1.992856312028023,1.4511527688290728,0.9475973624751192,0.61189375823915,0.24872349547478345,-0.31342744907308484,-0.552387378270143
3.098389317796021,2.514265046425435,-1.1537546074946676,-1.3623486197631083,-1.9812639919363315,-2.3064387104030817,-2.4474342241821887,-2.985933323886159,2.199314028633144,1.9357866993079083,1.417124630763336,1.1613795213544795,0.6587396702848057,0.1820405522697296,-0.34379336600170207,-0.5386540490059442
2.9902824884688197,2.7266025665962044,-1.1347518448543406,-1.422693981760374,-1.750004995890444,-2.218006338704861,-2.595367708375566,-2.912760206925937,2.2973597308163036,1.6996547227288987,1.3166474288051337,1.1437600726236097,0.4502269447815736,0.28771588182188856,-0.15159806208509108,-0.5518483138627943
2.9185639912002266,2.5706529831738587,-1.0785977874185058,-1.3178629017103238,-1.8014286843574991,-2.077926380210034,-2.469173671692318,-2.7079810083419957,2.319485650186402,1.7751880336819916,1.370512598030269,1.1373511856336505,0.7265720480867282,0.22561071503823427,-0.17418175909732891,-0.6255505142473274
3.033008401735216,2.6588514755594903,-1.174120722078377,-1.445735456414752,-1.943644938515646,-2.1494922849312474,-2.5042699575897145,-2.7793943205158294,2.3524456404204788,1.8392769035815857,1.5462992126120128,0.9510356852826876,0.5353735862196057,0.23903885920767304,-0.1921876796881673,-0.6557638386285647
3.1056424542880894,2.633368520147033,-1.0822600085556253,-1.3880554735051174,-1.7341353709629255,-2.251271514033698,-2.673952870276259,-2.8227306039717455,2.391051554907615,1.8411080141501457,1.293758546698136,1.044880101921379,0.5674180211694028,0.14000629595806213,-0.19508693808838706,-0.81476527299851
2.869886968586011,2.5543255806042,-1.099045188767424,-1.5229472853890247,-1.9416612353997063,-2.1681085757116056,-2.4516255287436195,-2.8324965270040643,2.3771656330960362,1.8896324442169812,1.3827200018206678,0.9191438428802705,0.4944787835217695,0.09758556778642602,-0.34310170904697346,-0.7633415845314548
2.957169905687363,2.487032267209626,-1.217304412986913,-1.337394747774962,-1.8081427564422188,-2.063735273303695,-2.5738521591949883,-2.915659465326157,2.236780489506449,1.8415657917922856,1.5405006958115732,1.1008815668098337,0.5069913724069284,0.22500034484871428,-0.32875800959325474,-0.663088280902804
3.134329853195527,2.6896751701302475,-1.0895844508298647,-1.3396836359856616,-1.7123146366875877,-2.293692242205334,-2.602081780460286,-2.803198757907107,2.217553828536571,1.7881584002092905,1.3895866664527672,0.9318090243128092,0.4512950926132335,0.16732036193907962,-0.24086470230238288,-0.6893341990521615
2.9417580584019842,2.6004085299129556,-1.1902955321006554,-1.3718806634828389,-1.9308271645357276,-2.3178018646913716,-2.685397311329758,-2.8633202215748215,2.326352314818501,1.9434976134421162,1.3853140751261277,0.8562757133597163,0.467469902635512,0.18898850366703762,-0.22591063265914424,-0.5434557237568951
2.9306188024432456,2.5254855891493824,-0.9784970763372349,-1.6222850337333958,-2.0019352916148008,-2.3123085329856923,-2.6232921445461037,-3.013471288196728,2.366484154779437,1.9312902096517173,1.3526592699868105,1.1074430463471732,0.42657509993767573,0.16152184513864015,-0.1505299142534311,-0.7648675100052547
2.9002528855146283,2.6261966704201734,-0.9603385631990167,-1.5380539475796433,-1.8874908810798114,-2.0823515640840533,-2.4276684988049615,-2.833106897193584,2.2758441816357253,1.8728472640051828,1.4245303598027839,0.9965082644019233,0.5680283913589228,0.0501292855512504,-0.1650262062545298,-0.7442675161089565
3.1357031861219467,2.5067167058216446,-1.151842210160899,-1.4376480514036127,-1.935404940957127,-2.075027121809814,-2.586059562985387,-2.8758328104599804,2.163688659311436,1.6746295449585809,1.479158491764819,0.8983912564365923,0.6376105929641963,0.10262112184996558,-0.3649224433223114,-0.6357742149217864
2.9452676869917243,2.601629270291996,-1.0404496505735092,-1.422999166855134,-1.9419664204944662,-2.2914033539946344,-2.5231914334648327,-2.9826475936259707,2.3486308267359792,1.815319873642928,1.4768696035541191,0.9411171697029884,0.5243869228082467,0.13573370463142254,-0.15342917265365086,-0.5697016419062526
3.09801282691909,2.563023355804859,-1.0488422406794085,-1.4930391461025478,-2.0150582506894796,-2.0991367442958517,-2.6643395397913197,-2.99348166448995,2.195885686808613,1.7336828607946355,1.4986903378294572,0.8916771843518729,0.5986994933822999,0.022967812117612896,-0.30480097965459696,-0.7644097323631147
2.8611891933853517,2.6484751823376516,-0.9963504043806932,-1.3546377056289003,-1.935862718599267,-2.1449145085098476,-2.597198818944126,-2.860420963174602,2.254633817549908,1.8157776512850679,1.4826681203545586,0.9444742057453481,0.5494121005785645,0.18242702412969825,-0.22606322520652422,-0.7393845545927971
3.0378913632513753,2.7082914609106057,-0.9618644886728165,-1.4365799035719529,-2.021772322774199,-2.367241850042487,-2.5350936521604717,-2.7600150669985712,2.196190871903373,1.782817661050991,1.262324481937859,1.0084104830975622,0.6212831903945378,0.2637588518832307,-0.3196024567504556,-0.6279919950054071
3.0044735953751585,2.672889989918449,-1.2466021820838704,-1.5011265511136869,-1.8890168065536113,-2.108292297138651,-2.6786832392450384,-2.9055883571990777,2.350767122399299,1.7783924771769715,1.5038784844403765,0.8947290352994727,0.45266842553965336,0.23613960080745328,-0.14610473037941152,-0.6890290139574016
2.847761049215913,2.7406410809551627,-1.1362777703281404,-1.3569265938396002,-1.914499761966069,-2.327415195176311,-2.5787351207111477,-2.7598624744511913,2.245325672159728,1.6560132541782226,1.3433511245966314,1.1042386028521936,0.6131957853833986,-0.02433587757018274,-0.18654175543510787,-0.8199534196094296
3.1030483809826297,2.66510777000207,-1.2635399548430488,-1.5714717154558606,-1.999341218309341,-2.1127174810126705,-2.5991825220600657,-2.947703900275954,2.140799777204438,1.7667954435760924,1.4245303598027839,0.9148712515536308,0.5407143253779053,0.052570766309330164,-0.30495357220197694,-0.6691919827980035
2.9915032288478596,2.542575954455941,-1.1707636860360173,-1.4835784081649885,-1.8304212683596965,-2.0937960051375524,-2.6785306466976584,-2.968151301624872,2.1702501388487754,1.6467051087880435,1.2365363414306412,0.9691941984209058,0.6795735434936925,0.11894852441962406,-0.31090468154979634,-0.6488971739964653
2.857221787153472,2.6998988708047067,-1.0721889004285463,-1.4155221320335147,-1.7431383312583448,-2.154680431542167,-2.5935365978070064,-2.807166164138987,2.075490166925804,1.7040799066029182,1.25088004088436,1.0619704672279373,0.41711436200011665,-0.003583291126504684,-0.2219432264272646,-0.846962300495687
3.0052365581120584,2.6812825800243485,-1.216846635344773,-1.5862731925517188,-1.7843383190509408,-2.1458300637941274,-2.520902545254133,-2.750401736513632,2.1450723685310775,1.9074857722604395,1.4590162755106608,0.9276890255335497,0.522098034597547,0.16304777061244002,-0.2262158177539042,-0.8394852656740677
2.838910681467874,2.6364203710946326,-1.25072218086313,-1.6233531815650557,-1.9744686330864032,-2.2967440931529337,-2.6998936033308567,-2.8952120639772385,2.052143507176666,1.672798434390021,1.4103392528964451,1.0277897366148205,0.4818136020892307,0.14183740652662197,-0.34478022706815326,-0.7041356761480202
2.9969965605535394,2.607885564734575,-1.0793607501554057,-1.5757443067825,-1.9697382641176238,-2.128434513392809,-2.4952669972942956,-2.9631157475613326,2.0910546067585627,1.8507213446350848,1.4494029450257218,0.9385230963975286,0.6395942960801362,0.1870048005510978,-0.39422021241926875,-0.8317030457576884
2.9918084139426195,2.718362569037685,-1.130479253527701,-1.4260510178027337,-1.9256390179248077,-2.366478887305587,-2.4594077486599986,-3.013013510554588,2.315365651407142,1.9145050294399188,1.2528637440002997,1.0381660298366595,0.43222102419073527,-0.027540321065162465,-0.2491046998609021,-0.8388748954845477
3.0462839533572748,2.4583448683021887,-1.1162881466213623,-1.5031102542296266,-1.858193111982854,-2.3525929654940088,-2.4946566271047756,-2.9530446394342533,2.2756915890883453,1.6474680715249435,1.368223709819569,0.8947290352994727,0.5275913663032265,-0.021131434075203015,-0.4045965056411077,-0.881143031108804
2.9316869502749054,2.673500360107969,-1.196094048901095,-1.3947695455898366,-1.9071753196918295,-2.257832993571037,-2.716221005900515,-2.9530446394342533,2.2564649281184677,1.630377706218385,1.4500133152152417,0.9534771660407673,0.4621291634772125,0.18120628375065834,-0.4389298288016046,-0.8646630359917655
2.904830661936028,2.4525463515017494,-1.0387711325523294,-1.5601798669497415,-1.9988834406672011,-2.294760390036994,-2.5144936582641737,-2.9576224158556528,2.1139434888655604,1.6288517807445853,1.4982325601873172,0.9240268043964299,0.478456566046871,0.23629219335483326,-0.4753994476254213,-0.859169704286086
2.846082531194733,2.6141418591771544,-1.2852080965710067,-1.641969472345414,-1.8078375713474588,-2.2299085574005,-2.6177988128404244,-2.7981632038435675,2.213433829757311,1.6808858394011603,1.295131879624556,0.8683305246027351,0.36263882258546165,-0.02967661672848232,-0.2459002563659224,-0.6105964446040888
2.8962854792827484,2.5949151982072762,-1.1109474074630628,-1.479305816838349,-1.9198405011243684,-2.3968448042342043,-2.654115839116861,-2.9051305795569378,2.2671464064350664,1.68485324563304,1.3435037171440114,0.7880668446808625,0.3817128910079599,0.16640480665479968,-0.2526143284506418,-0.8529134098435065
2.8944543687141886,2.436981911668991,-1.1884644215320956,-1.520200619536185,-1.9941530716984217,-2.307578164016913,-2.6145943693454443,-2.9216105746739762,2.271418997761706,1.8861228156272414,1.403472588264346,0.8120238746195203,0.42138695332675624,0.051655211025050274,-0.23033581653316382,-0.7213786340019586
3.0157654438812775,2.674568507939629,-1.24995921812623,-1.433680645171733,-1.9265545732090876,-2.2663781762243165,-2.5154092135484536,-3.0143868434810077,2.2441049317806883,1.8652176366361835,1.4304814691506034,0.7833364757120829,0.6234194860578577,0.18547887507729793,-0.3101417188128964,-0.8645104434443855
2.9081876979783874,2.422943397310032,-1.24965403303147,-1.422999166855134,-1.8110420148424384,-2.281179653320175,-2.66037213355944,-2.7876343180743484,2.262263444918907,1.6251895596074655,1.3123748374784943,1.0476267677742186,0.5230135898818269,-0.05378623921452008,-0.38048688315506995,-0.8573385937175262
2.9307713949906256,2.564549281278659,-1.0264111362145505,-1.4370376812140928,-1.90305532091257,-2.1768063509122646,-2.7035558244679763,-2.8947542863350986,2.1998530930404927,1.7790028473664914,1.2070859797863038,0.8402534958848177,0.586797274686661,0.11925370951438402,-0.3504261513212128,-0.8126289773351902
2.9904350810161997,2.6374885189262924,-1.1660333170672377,-1.584289489435779,-1.9814878902658828,-2.306967793827393,-2.511746992411334,-3.051009054852204,2.064808688609205,1.6369391857557245,1.2806355876234572,0.8733660786662747,0.4491587969499137,0.08446260871174721,-0.412378725557487,-0.8945711752782426
2.88026326180785,2.5224337382017827,-1.163744428856538,-1.6438005829139737,-1.911447911018469,-2.1670404278799458,-2.726902484217114,-3.0462786858834248,2.036884252438668,1.79441469465187,1.4436044282252822,0.8239260933151592,0.4516002777079935,0.10307889949210552,-0.4039861354515878,-0.8306348979260285
2.916275102989527,2.630316669199433,-1.1873962737004358,-1.4786954466488291,-1.9065649495023096,-2.306510016185253,-2.628785476251783,-2.8569113345848622,2.204736054556652,1.619085857712266,1.3894340739053872,1.021228257077481,0.478151380952111,0.006030039358434491,-0.3708735526701309,-0.6246349589630475
2.7754321817578,2.590184829238497,-1.1388718436336003,-1.4484821222675917,-1.891763472406451,-2.3414537095352697,-2.4969455153154754,-3.0594016449581036,2.004076854751971,1.8389717184868257,1.2318059724618617,0.8338446088948583,0.5947320871504203,-0.01884254586450329,-0.22911507615412396,-0.6682764275137234
3.032703216640456,2.6358100009051126,-1.217304412986913,-1.621522070996496,-2.065413791324875,-2.2671411389612164,-2.674258055371019,-2.8414994872994837,2.0545849879347458,1.7292576769206158,1.2415718954941808,0.957749757367407,0.4853232306789704,0.16045369730698023,-0.3283002319511148,-0.6548482833442848
2.7990840266016974,2.5941522354703763,-1.2813932828865071,-1.5871887478359992,-1.9622612292960047,-2.270192989908816,-2.628175106062263,-2.815711346792266,2.0976160862959023,1.7001125003710387,1.2852133640448566,0.9035794030475119,0.38995288856647914,-0.09239215370165654,-0.2126350810370854,-0.8906037690463631
3.0584913571476737,2.672279619728929,-1.1118629627473426,-1.4687769310691299,-1.915567909797729,-2.2418107760961385,-2.7143898953319554,-3.031172023692806,2.2337286385588495,1.6842428754435201,1.4616103488161205,0.9839956755167645,0.5426980284938451,0.10597815789232523,-0.3852172521238496,-0.9079993194476814
2.805950691233797,2.4450693166801303,-1.2742214331596478,-1.435816940835053,-1.8195871974957174,-2.1891663472500436,-2.6383988067367223,-2.7868713553374485,2.0602309121878055,1.6241214117758056,1.2397407849256208,1.0015438184654628,0.6080076387724791,0.04555150912985084,-0.4692957457302218,-0.7781430616273135
2.9843313791210004,2.542728547003321,-1.2807829126969872,-1.5166909909464454,-1.9923219611298615,-2.3490833369042687,-2.6184091830299443,-2.8431780053206634,2.2083982756937717,1.6599806604101024,1.2962000274562158,1.0354193639838196,0.6192994872785981,0.010760408327214033,-0.3708735526701309,-0.9228007965435401
2.922683989979486,2.4382026520480307,-1.053572609648188,-1.7110938963085474,-1.9379990142625867,-2.3997440626344244,-2.748265440850312,-2.835395785404284,1.9814931577397328,1.7167450880354571,1.4527599810680814,1.0299260322781403,0.4160462141684567,-0.03227069003394201,-0.24178025758666277,-0.7273297433497781
2.7728381084523397,2.434540430910911,-1.1866333109635359,-1.5026524765874867,-1.8093634968212586,-2.173296722322525,-2.6588462080856403,-2.8854461409449197,2.0918175694954626,1.6921776879072794,1.313748170404914,0.9814016022113048,0.5809987578862216,0.05196039611981024,-0.4419816797492043,-0.7531178838569956
2.947709167749804,2.652747773664291,-1.108505926704983,-1.4707606341850696,-2.0702967528410343,-2.3687677755162873,-2.6818876827400184,-2.814643198960606,1.9982783379515312,1.6433480727456837,1.2035763511965643,0.8257572038837191,0.3785084475129802,0.15602851343296065,-0.30144394361223725,-0.750066032909396
2.9583906460664027,2.619024820693314,-1.1451281380761797,-1.6041265205951776,-1.9584464156115047,-2.2642418805609967,-2.6112373333030847,-2.8563009643953423,2.044056102165527,1.675545100242861,1.304440025014735,0.9261631000597498,0.4908165623846499,0.1165070436615443,-0.48363944518394053,-0.6688867977032436
2.9516765739816835,2.652595181116911,-1.281545875433887,-1.7127724143297276,-1.847206448571495,-2.2291455946636,-2.566222531825989,-2.8682031830909813,1.9938531540775115,1.8285954252649868,1.3935540726846467,0.7604475936050851,0.35653512069026216,-0.09803807795471597,-0.24712099674496224,-0.7738704703006738
2.847455864121153,2.55264706258302,-1.1249859218220215,-1.5398850581482035,-2.0092597338890403,-2.33718111820863,-2.653963246569481,-3.045057945504385,1.9718798272547935,1.6645584368315018,1.1806874690895663,0.9083097720162914,0.3080106906234267,0.10017964109188576,-0.4090216895151274,-0.8553548906015862
2.9765491592046214,2.3860160008440756,-1.0677637165545268,-1.475643595701229,-1.9778256691287632,-2.1789426465755843,-2.6316847346520027,-2.8306654164355045,2.198784945208833,1.6561658467256026,1.2456918942734405,0.8393379406005378,0.40841658679945747,0.006030039358434491,-0.3063269051283968,-0.9420274575134184
3.116337433803448,2.573565742772838,-1.1503027834883397,-1.2703931182763886,-1.811791476380579,-1.9752180946245437,-2.570786807048629,-2.632891973832283,2.3274339638489208,1.7710815361014915,1.474594216542179,1.0986061797978934,0.6876744497035913,0.10690721437536477,-0.26129860245254144,-0.6153133123741088
2.9349048949686445,2.6838901545285676,-0.9175991487338611,-1.5406345196863436,-1.6506537463473134,-1.983763277277823,-2.4131587056051034,-2.6286193825056436,2.188269560638373,1.767724500059132,1.5034342079969962,1.200995779089864,0.6870640795140713,0.27689531215666907,-0.2361208321348437,-0.515060008745458
3.2185744405480383,2.810541968853956,-0.8922687858687834,-1.491957497072128,-1.6883441055501702,-2.0214536364806794,-2.5430149634254713,-2.8868059726725797,2.4150220860450324,1.9715881433587932,1.3456535140060908,1.0081187992015619,0.6864537093245514,0.2547693927865711,-0.10626457431447567,-0.6620066318723845
3.016236722722177,2.6666471966746292,-0.9295013674294998,-1.3242582875015234,-1.7275603902268264,-2.069825474000135,-2.4436772150811006,-2.77434526525353,2.190100671206933,1.7697082031750717,1.5368519758732133,1.0230728688448005,0.6481529799321749,0.2375264349326327,-0.11633568244155468,-0.7639384535222151
3.1746277869026027,2.570666484372618,-0.8812821224574243,-1.5464330364867833,-1.8450566517094158,-2.189763216240804,-2.56041051382679,-2.66951418520348,2.180029563079854,1.7967170840613294,1.5699645586546702,0.9763795493465247,0.7531366525296053,0.06647018931966842,-0.34354598549035376,-0.7292999452669584
3.0765107789372714,2.7339405100692034,-1.1596109288785188,-1.2887042239619868,-1.7535011232814242,-2.0338136328184584,-2.4644298015247785,-2.875666716713841,2.173315490995135,2.0220962765415686,1.4332416362022027,0.9127484570890706,0.538438938365965,0.3150434490016656,-0.36063635079691214,-0.4802689079428213
3.0780367044110712,2.5476250097182405,-0.8985250803113627,-1.4147456680978552,-1.6643870756115122,-2.158481744027907,-2.3141261423554926,-2.832635618352685,2.317362855721841,1.9381703754825763,1.3473320320272706,1.0795321113753953,0.7346729542966269,0.07547314961508766,-0.09848235439809638,-0.6650584828199841
3.0456870843665143,2.571276854562138,-0.9162258158074412,-1.3350923583655026,-1.6500433761577935,-2.036712891218678,-2.518294970749914,-2.729635648871194,2.2560206516750867,1.9467155581358555,1.5029764303548563,0.9132062347312105,0.6034433635498391,0.147496831978441,-0.10870605507255537,-0.6700940368835238
2.994568580994219,2.6193435069868336,-0.9784835751384755,-1.5185086003162458,-1.9065514483035502,-2.2707898588995765,-2.498305347043136,-2.7180386152703155,2.367870988904617,1.7472770987102137,1.4990090241229765,1.0276506452662,0.6751618608184324,0.2247086609527139,-0.3252348798047555,-0.5329133367889165
3.125340394098867,2.5491509351920403,-0.960172469452877,-1.505385641241567,-1.8163692528019784,-2.004668456268881,-2.45100165735534,-2.723684539523375,2.302713971173363,2.0242325722048884,1.5788149264027094,1.0017099122116024,0.6858433391350315,0.28269382895710854,-0.32828673075235515,-0.754477715584656
2.961913775854902,2.7479790244281617,-1.1087976106009834,-1.5197293406952856,-1.710470024920268,-2.036255113576538,-2.4105646322996437,-2.8590341290494226,2.21985621794603,1.9345081543454565,1.4686431071943593,1.0657987821111965,0.5153974637115871,0.16641830785355927,-0.20560232265884648,-0.6118036837843692
3.188971486356321,2.5215316841162627,-1.1058983522007637,-1.3820908629585382,-1.9305084782422077,-2.22989505620174,-2.511580898665194,-2.6360964173272627,2.2251969571043295,1.994782210560551,1.3148298194353336,1.0903661822393742,0.5247056091017663,0.07776203782578739,-0.2156734307859256,-0.6703992219782837
2.9893804343832997,2.680380525938828,-0.9302643301663998,-1.5212552661690855,-1.8925129339445914,-2.22928468601222,-2.351206131368829,-2.8787185676614406,2.408460606507693,1.8696563217089626,1.4214920100539437,1.0728180392906759,0.6931677814092708,0.16245090162167963,-0.14975345031777165,-0.49659631051247977
3.0818515180955712,2.7276842156266237,-1.1203946442018624,-1.2880938537724669,-1.8481085026570154,-2.169773592534026,-2.452069805187,-2.8355348767529045,2.2816561996349245,1.758111169574193,1.3874638719882069,1.0253617570555003,0.6563929774906941,0.09881980936422552,-0.19476825179486756,-0.5704511034443929
3.058352265799053,2.5473198246234805,-0.9366732171563592,-1.4664745416596707,-1.947751436096146,-2.190678771525084,-2.4239927764690825,-2.691487512026198,2.3155317451532813,1.9819644365806321,1.344737958721811,1.1622372720553478,0.6432700184160154,0.18381385825487762,-0.2957845181604182,-0.5977651694254105
2.9214767507992057,2.590656108079396,-1.024261339352471,-1.3871264170220776,-1.9030418197138101,-2.247900976792579,-2.427502405058822,-2.7813645224330097,2.1777406748691543,1.972961476285213,1.3947883142624462,0.8872655016766129,0.613972249319058,0.32175752108638495,-0.11801420046273459,-0.5228422286618373
3.1219833580565073,2.5644101899300384,-0.9751265390961157,-1.439313068226033,-1.8490240579412953,-2.2263854276120005,-2.535690521151232,-2.8018119237819277,2.269906573486666,1.9602962948526743,1.3473320320272706,1.081820999586095,0.5970344765598796,0.21097533168851512,-0.21002750653286606,-0.6411014528813264
3.09680558773881,2.518022055526523,-1.091096875104905,-1.383464195884958,-1.7072655814252884,-2.0528877012409565,-2.396526117940685,-2.8237852506046455,2.2654813896126464,1.9580074066419744,1.3567927699648297,0.9913336189897634,0.7273485120223877,0.13177979959830244,-0.16577566779267017,-0.5112451950609584
3.105503362939469,2.7311938442163632,-1.14572500706694,-1.36439012746246,-1.7477026064809849,-2.1081262033925117,-2.396068340298545,-2.8051689598242873,2.3469658099135584,1.952514074936295,1.3604549911019495,1.113712841988512,0.6829440807348117,0.23371162124813305,-0.38703486149364985,-0.5683148077810731
3.0688811515682723,2.701743482572026,-0.9473546954729584,-1.4223752954668547,-1.9512610646858861,-2.1395602681527888,-2.420330555331963,-2.703389730721837,2.3439139589659588,1.7906133821661299,1.4153883081587444,0.9866032500209838,0.6234329872566172,0.12323461694502325,-0.24649712535668278,-0.7354036471621577
2.905607125871687,2.5322131624328614,-1.2015738794080149,-1.306862737100205,-1.6726270731700317,-2.273383932205036,-2.4181942596686428,-2.8875689354094796,2.3695495069257966,1.9660948116531136,1.4365986722445623,0.8747529127914541,0.626332245656837,0.25110717164945145,-0.1494482652230117,-0.536728150473416
3.1705077881233428,2.518174648073903,-1.0732435470614468,-1.4890582386719085,-1.702840397551269,-2.2277587605384204,-2.363566127706608,-2.7513037905991524,2.2592250951700668,1.7079082214861776,1.5342579025677534,1.0571010069105373,0.7258225865485878,0.30008937935842694,-0.29685266599207805,-0.71007328429708
2.9913641374992395,2.735619028090383,-1.1492346356566796,-1.47303602119701,-1.831475914992597,-2.024810672523039,-2.518294970749914,-2.9254118871597163,2.2070384439661117,1.8676726185930228,1.450789779150901,1.115543952557072,0.6492211277638349,0.27185975809312957,-0.34781857681699346,-0.6189755335112286
3.1065715107711287,2.6280412821874926,-1.0013724572454732,-1.4098627065816958,-1.7089440994464682,-2.103395834423732,-2.494032755716496,-2.689656401457638,2.204139185565892,1.8066355996410284,1.4990090241229765,1.0209365731814806,0.4551234074964927,0.07547314961508766,-0.28159341125407944,-0.7659221566381549
2.9031656451136074,2.694419040297787,-0.9481176582098583,-1.6089959809125776,-1.7095544696359881,-2.23126838912816,-2.415447593815803,-2.786094891401789,2.375653208820996,1.6834934139053797,1.3993660906838459,1.0216995359183807,0.5706359658631421,0.013978353020953294,-0.3609415358916723,-0.8039177009357714
3.1537226079115444,2.5764650011730574,-1.1178005708964025,-1.451520472016432,-1.6936848447084696,-2.2178402449587216,-2.582383840649508,-2.830804507784125,2.1183821739383397,1.7422415446466744,1.517167537261195,0.930601785132529,0.6289263189622967,0.07226870612010794,-0.19370010396320758,-0.5495459244533349
3.0539270819250337,2.746147913859602,-1.1107813137169233,-1.602129316280478,-1.8703870145744932,-2.3267913237880316,-2.5323334851088726,-2.927242997728276,2.238472508726389,1.8991066833533,1.4007394236102657,0.9127484570890706,0.7065959255787095,0.10477091871204491,-0.19598899217390742,-0.6954243997486014
2.9603878503811023,2.592944996290096,-1.1618998170892185,-1.4216123327299548,-1.8598581288052745,-2.1882372907670042,-2.5027305309171552,-2.8779556049245407,2.288522864267024,1.930388155566197,1.3181868554776934,1.0729706318380559,0.4615322944864521,0.022370943126852505,-0.3542274638069529,-0.8226865842635098
2.9278856377891653,2.712119775793865,-1.2030998048818147,-1.480055278376489,-1.8558907225733945,-2.1113306468874913,-2.494032755716496,-2.897487450989179,2.105564399958421,1.9595333321157742,1.3952460919045864,1.0429099000041986,0.669821121660133,0.2808627183885487,-0.18790158716276817,-0.7134303203394399
3.047060417292934,2.6912145968028067,-1.1258879759075417,-1.5682537707621211,-1.9883410536992225,-2.2970357770489342,-2.5318757074667326,-2.8248533984363053,2.148137720677437,1.745140803046894,1.3531305488277101,1.0691558181535563,0.5639218937784227,0.26712938912434997,-0.21201120964880593,-0.7630228982379352
2.8814975033856496,2.4984902094618846,-1.0439457779644894,-1.4110834469607356,-1.9857469803937629,-2.050141035388117,-2.6295349377899235,-2.8359926543950444,2.33399544338626,1.7686400553434118,1.4452964474452217,1.0004891718325626,0.5697204105788621,-0.011809787486264378,-0.39985263547356875,-0.5930348004566308
3.005860429500338,2.669699047622229,-0.9552895079367176,-1.3799545672952185,-1.7379366834486656,-2.2924580006275344,-2.4503912871658198,-2.9560829891830935,2.0774873712405038,1.920927417628638,1.2952979733706953,1.0751069275013756,0.5443900477137845,0.25736346609203087,-0.14471789625423215,-0.6636851498935643
2.942839707432404,2.6957923732242066,-1.005187270929973,-1.4045219674233964,-1.8581796107840947,-2.0745558429689144,-2.4705335034199782,-2.872309680671481,2.1273851342337586,1.690512671084859,1.4346149691286225,0.908475865762431,0.41316045696699655,0.18244052532845778,-0.32325117668881576,-0.5855577656350115
3.0009774679841783,2.7105938503200653,-1.1484716729197797,-1.3862108617377977,-1.8456670218989357,-2.288643186943035,-2.441235734323021,-2.9463170661507743,2.203834000471132,1.8507348458338444,1.2396016935770005,0.8805514295918936,0.5077678363425878,0.0530420451502297,-0.2574837887680417,-0.7334199440462179
3.1120648424768085,2.4785005857551066,-1.1120020540959632,-1.6097589436494775,-1.8488714653939153,-2.1810654410401447,-2.5517127386261307,-2.8266845090048656,2.236488805610449,1.9477837059675154,1.3693053588499886,0.8239395945139187,0.40339453393467745,0.02832205247467201,-0.37757412355609077,-0.8574776850661465
2.8685271368583507,2.4812472516079462,-1.2572701592017097,-1.3567605000934604,-1.7267974274899265,-2.164890631017866,-2.491133497316276,-2.761374898726231,2.1012918086317813,1.6874608201372592,1.4028757192735855,0.8102062652497201,0.4560389627807726,0.02389686860065232,-0.38398301054605,-0.7967458512089121
3.061098931651893,2.6060679553647748,-1.0427250375854495,-1.4171871488559349,-1.9123499651039895,-2.132235825878549,-2.6113764246517053,-2.810357106435207,2.258767317527927,1.723167476224176,1.3772401713137479,1.0384847161301791,0.6406759451105556,0.19998866827715622,-0.4103815212427877,-0.5910510973406911
3.016389315269557,2.6329242437036524,-1.0863665061361254,-1.5023337902939673,-1.8745070133537531,-2.166569149039046,-2.3895068607612058,-2.9577615072042733,2.290811752477724,1.7431570999309542,1.5240342018932944,0.8224136690401189,0.5878789237170805,0.2486656908913717,-0.38581412111461,-0.5936451706461507
3.0337848656708752,2.721885698826184,-1.0285339306791108,-1.557572292445522,-1.8809159003437124,-2.3557839077902285,-2.4905231271267563,-2.9246489244228164,2.1386769827398777,1.8583644732028437,1.407911273337125,0.8779573562864338,0.5221115357963065,0.18106719240203795,-0.297310443634218,-0.6839799586951025
2.9240708241046653,2.701133112382506,-0.9937428298764741,-1.5742048801099404,-1.7602151953661433,-2.3042076267757934,-2.6292297526951636,-2.8819230111564202,2.140202908213678,1.8893407603209809,1.46345496058344,0.81066404289186,0.3988167575132779,0.2155531081099148,-0.4526496568670437,-0.6800125524632228
2.9458915583800036,2.5538813041608197,-1.25406571570673,-1.4023856717600762,-1.7649455643349232,-2.145358784953228,-2.4334535144066414,-2.962034098530913,2.167516974194695,1.854397066970964,1.233040214039661,0.8030344155228607,0.5417959744083247,0.06448648620372865,-0.24237712657742316,-0.7502051242580163
2.943450077621924,2.6062205479121547,-0.9906909789288743,-1.4638804683542106,-1.9335603291898074,-2.3542579823164287,-2.6060356854934055,-2.7717511919480704,2.264260649233606,1.8566859551816637,1.5037393930917562,0.9022195713198515,0.4812167330984703,0.022370943126852505,-0.20255047171124674,-0.6269103459749878
2.9848026579619,2.5143598343894036,-1.2569649741069497,-1.36393234982032,-1.7531959381866642,-2.3602090916642484,-2.4874712761791566,-2.7050682487430167,2.083285888040943,1.6718963803045006,1.3459586991008508,0.9080180881202911,0.49052487848864945,-0.047363851025801096,-0.17722010884616912,-0.6183651633217084
3.0980263281178497,2.6524560897682905,-1.0410465195642697,-1.504164900862527,-1.9221158881363087,-2.158786929122667,-2.4188046298581627,-2.8553719079123026,2.124485875833539,1.8354755910958458,1.4494164462244812,0.8591884729586955,0.4244523054731155,0.07593092725722761,-0.18134010762542874,-0.8213132513370898
3.0099804282795977,2.4998635423883044,-1.1278716790234817,-1.3949086369384571,-1.9123499651039895,-2.12506397615169,-2.503340901106675,-2.8274474717417655,2.2712799064130857,1.7306445110457953,1.4619290351096401,0.9222091950266298,0.6562403849433142,-0.04293866715178152,-0.36231486881809216,-0.6334718255123271
3.083072258474611,2.6288042449243925,-1.0622568836500876,-1.5679485856673612,-2.0318299297025186,-2.2254698723277206,-2.569718659216969,-2.7513037905991524,2.1293688373496984,1.875454838509402,1.2264787345023218,0.9777528822729447,0.614887804603338,0.19281681855029686,-0.36323042410237205,-0.6659740381042643
2.852962697025592,2.4916235448297854,-1.210729432250814,-1.5887011721110391,-1.8871721947862916,-2.1305573078573694,-2.4343690696909213,-2.7931141485812683,2.2631925014019463,1.7101971096968773,1.418287566558964,0.8089855248706801,0.6234329872566172,0.19907311299287622,-0.18546010640468835,-0.7560036410584559
2.865933063552891,2.7084575546567455,-1.2247679466097727,-1.6689648520329117,-1.8464299846358356,-2.2274535754436604,-2.4638194313352586,-2.9690533557103924,2.1342517988658583,1.8853733540891011,1.483139399195458,0.8884862420556529,0.43543896888447453,0.19861533535073628,-0.45066595375110396,-0.6789444046315629
2.9167463818304262,2.5549494519924796,-1.2026420272396747,-1.5792404341734803,-1.8006522204218398,-2.2326417220545802,-2.6374697502536826,-2.9568459519199934,2.238014731084249,1.7488030241840138,1.473983846352659,1.0662565597533364,0.473587105729471,0.20883903602519538,-0.2634348981158612,-0.8615976838454062
2.9857182132461797,2.5491509351920403,-1.0521857755230086,-1.6614878172112926,-2.0278625234706387,-2.203801730599763,-2.5095971955492544,-2.808678588414027,2.0414755300588268,1.6335956509121243,1.1893987454889852,1.0564906367210174,0.3661619523739609,-0.07147347351183886,-0.47386002095286184,-0.6940510668221815
2.976562660403381,2.539537604707101,-1.0534065159020485,-1.4412967713419729,-1.9540077305387258,-2.353037241937389,-2.6725660361510797,-2.7638163794843114,2.1211288397911794,1.844783736486025,1.4100475690004448,0.9260240087111293,0.48518413933034993,0.126286467892623,-0.34018894944799416,-0.7422703117942571
3.0534693042828938,2.4925391001140653,-1.2211057254726532,-1.5404819271389636,-1.916622556430629,-2.2588876402039375,-2.6183956818311844,-2.7607645285367113,2.100071068252741,1.647939350365843,1.2371602128189207,0.9811099183153043,0.48381080640393004,0.1270494306295229,-0.49140816390156017,-0.7607340100272355
3.079104852242731,2.679617563201928,-1.266730897139269,-1.3898730828749177,-1.9263884794629482,-2.178929145376825,-2.5025779383697753,-2.850183761301383,2.1853703022381534,1.8554652148026238,1.4292742299703232,1.0551173037945976,0.5335559768498055,0.1006509199327853,-0.4888140905961005,-0.7050377302335407
2.951995260275203,2.6652738637482094,-1.1614420394470786,-1.4416019564367328,-1.9306610707895877,-2.262702453888437,-2.505019419127855,-3.0068963074606287,2.0059214665192897,1.7153852563077967,1.440108300834302,0.9960639879585429,0.46214266467597204,0.04815908363407018,-0.28983340881259867,-0.8440495408967077
2.943602670169304,2.6938086701082664,-1.0985739099265244,-1.481123426208149,-1.775016672462002,-2.363566127706608,-2.493727570621736,-2.9425022524662747,2.149816238698617,1.7976326393456092,1.2562342812414191,0.854305511442536,0.3908819450495186,-0.009520899275564543,-0.2097223214381061,-0.6728407027363634
2.8361775168137937,2.6777864526333683,-1.155948707741399,-1.6408878233149946,-1.766624082356103,-2.1513098943010474,-2.5868090245235273,-2.818597103993726,2.1019021788213013,1.7823733846076106,1.4338520063917226,0.7696166476466437,0.47175599516091116,0.1549738668000603,-0.28403489201215937,-0.8246702873794496
2.8602871392998312,2.6848057098128475,-1.2586434921281295,-1.6114374616706573,-2.035644743387018,-2.12521656869907,-2.515243119802314,-2.7580178626838716,2.0809969998302433,1.8472252172441046,1.3374135164475716,0.8590358804113155,0.3258775198656446,-0.036377187614442086,-0.23169564826082412,-0.7842332623237533
2.832515295676674,2.5254990903481422,-1.1409946380981604,-1.6552315227687133,-1.8989218209345506,-2.2259276499698606,-2.484877202873697,-2.9585244699411732,2.1778932674165343,1.6548060149979422,1.2760713124008172,0.8042551559019006,0.5800967038007012,0.02008205491615267,-0.3169948822462363,-0.799034739419612
2.7920782706209777,2.540147974896621,-1.2095086918717741,-1.5178982301267259,-1.9216581104941688,-2.2483587544347188,-2.5395053348357317,-2.9045067081686584,2.091983663241602,1.7401052489833546,1.341533515226831,0.9389943752384282,0.5047159853949881,-0.10244976062997602,-0.4119074467165875,-0.7932362226191725
3.039430789923935,2.5874516645844166,-1.3054894041737852,-1.4420597340788728,-1.7802048190729218,-2.253699493593018,-2.5230253397186932,-2.979734834026991,2.070162928966264,1.5980415873725875,1.4459068176347416,0.9367054870277284,0.45130859381199306,0.12567609770310306,-0.25946749188398166,-0.7788925231654538
2.973205624361021,2.5312976071485815,-1.266883489686649,-1.678425589970471,-2.024810672523039,-2.382640196129106,-2.6420475266750825,-2.78029637460135,2.0430014555326266,1.6709808250202207,1.3587764730807694,0.8980995725405919,0.39011898231261866,-0.02111793287644348,-0.3353059879318345,-0.6694836666940038
2.9275804526944054,2.4279924525723313,-1.1918079563756958,-1.6994833615089089,-1.9413425491061869,-2.3672283488437276,-2.5283660788769926,-3.026275560977887,2.2625821312124264,1.7364430278462348,1.344737958721811,0.9385365975962883,0.5468315284718642,0.06311315327730882,-0.3107385878036568,-0.6919147711588618
3.0101330208269776,2.4142591233081325,-1.0997946503055642,-1.5113367505893862,-1.9149440384094492,-2.243780978013319,-2.701558620153277,-2.9748518725108317,2.140660685855818,1.6940222996745988,1.3012490827185148,0.7751099793523233,0.5414907893135648,0.10370277088038504,-0.515212601292838,-0.8986776728587427
2.8390767752140134,2.5949286994060357,-1.1953175849654354,-1.4661693565649103,-1.8912921935655516,-2.164738038470486,-2.731161574344994,-2.9322785517918155,2.085269591156883,1.7539911707949332,1.3955512769993463,0.8150892267658796,0.3248093720339847,0.03305242144345155,-0.39817411745238873,-0.6812332928422629
2.7810916072096186,2.6297198002086724,-1.2301086857680723,-1.4754775019550896,-1.939969216179767,-2.2124995058004218,-2.699574917037337,-2.8674267191553215,2.038728864205987,1.723167476224176,1.202979482205804,0.842555885294277,0.5157026488063471,-0.12243938433675416,-0.29273266721281854,-0.6816910704844028
2.788110864389098,2.5210739064741228,-1.0648509569555475,-1.721609280879007,-1.916927741525389,-2.210210617589722,-2.5645305126060496,-2.8230222878677456,2.11548291553812,1.7939704182084895,1.2435690998088802,0.8063914515652204,0.3399160342246033,-0.05438310820528047,-0.47706446444784145,-0.8057488115043312
3.0359211613341954,2.502152430599004,-1.232855351620912,-1.5706952515202008,-2.026184005449459,-2.135592861920909,-2.721243058765295,-3.0287170417359666,2.038271086563847,1.831202999769206,1.2200698475123624,1.007661021559422,0.3660093598265809,0.11499461938650402,-0.5376437057576959,-0.9349946991351794
2.7606442058607006,2.623310913218713,-1.101778353421504,-1.4855486100821689,-1.883509973649172,-2.23309949969672,-2.4651927642616784,-2.8138667350249467,2.077182186145744,1.559283080338071,1.2554713185045192,0.7870121980479622,0.4441367440851337,0.020387240010912744,-0.5310822262203565,-0.7398288310361774
2.996857469204919,2.640706463620032,-1.2365175727580318,-1.6372256021778746,-1.9778121679300034,-2.2256224648751006,-2.6545601155602414,-2.819512659278006,2.1864384500698133,1.6505334236713027,1.3300890741733322,0.8123425609130398,0.34266270007744304,0.1404775747989616,-0.34720820662747354,-0.6909992158745819
3.014558204700997,2.503067985883284,-1.2610849728862092,-1.7185574299314075,-1.8342225808454367,-2.3284698418092113,-2.6725660361510797,-3.011321491334648,2.0416281226062067,1.811976338799328,1.3200179660462532,0.8657499524960349,0.386151576080739,-0.11389420168347497,-0.27152230312700043,-0.6734510729258836
2.757439762365721,2.539232419612341,-1.3222745843855837,-1.6558418929582333,-2.0768447311796145,-2.1603128545964667,-2.4903705345793763,-2.7914356305600885,1.9778444378013726,1.5731690021496498,1.332988332573552,0.9321277106063288,0.29276493708418766,-0.11252086875705503,-0.3473607991748535,-0.6977132879593013
2.87966639281709,2.4458457806157896,-1.1507605611304796,-1.721914465973767,-1.9906299419099223,-2.357157240716649,-2.6292297526951636,-2.9119837429902775,2.1264695789494787,1.6734223057783006,1.147740980054249,0.7854862725741623,0.4116345314931967,0.08127166641552708,-0.33851043142681436,-0.71251476505516
2.98373451013024,2.375195431178856,-1.2246153540623927,-1.448163435974072,-1.884120343838692,-2.2834550403321154,-2.6231260507999643,-2.8868059726725797,2.1536310523831164,1.549822342400512,1.1501824608123288,0.777551460110403,0.560412265188683,-0.10107642770355618,-0.29181711192853865,-0.7183132818555993
2.8576930659943716,2.5219894617584027,-1.2316346112418721,-1.537430076191364,-1.852228501436275,-2.2456120885818787,-2.481214981736577,-2.903743745431758,2.1965095581968925,1.624440098069325,1.1715454174455269,0.8239395945139187,0.3629575088789812,-0.04660088828890119,-0.4996481614600794,-0.8782302715098247
2.8129834496120356,2.4113598649079124,-1.2313294261471122,-1.5761885832258806,-2.038086224145098,-2.4040031527623045,-2.6504401167809815,-3.038177779673526,2.00195406028741,1.691428226369139,1.1251572830420111,0.8932166110244324,0.4865574722567698,0.1270494306295229,-0.5625162909806336,-0.7320466111197981
2.821833817360075,2.5859257391106167,-1.3180019930589442,-1.6476018953997138,-1.9964284587103616,-2.285743928542815,-2.4775527605994574,-2.7645793422212113,2.1632443828680556,1.7053141481807177,1.3453483289113308,0.8930640184770524,0.27948938546212887,0.05945093214018915,-0.5512244424745147,-0.8075799220728912
2.854793807594152,2.3939643145065945,-1.2830582997089275,-1.5429234078970433,-1.8554329449312545,-2.396831303035445,-2.5724653250698086,-2.8692578297238813,2.057955525175865,1.667776381525241,1.1231735799260711,0.8582729176744156,0.5086833916268678,-0.06628532690091937,-0.3697919036397115,-0.9337739587561396
2.917814529662086,2.5763124086256775,-1.1771590718272171,-1.4753249094077097,-1.9793380934038032,-2.23523579536004,-2.670124555393,-2.863306720376062,1.985321472622992,1.8154859673890675,1.145604684390929,0.8388936641571574,0.397290832039478,0.06570722658276851,-0.31730006734099625,-0.9530006197260177
2.790399752599798,2.454238370721689,-1.2735975617713682,-1.5914478379638792,-2.0312195595129987,-2.202580990220723,-2.492964607884836,-2.894130414946819,2.00363257830859,1.6079601029522865,1.1314135774845906,0.7862492353110623,0.3617367684999413,-0.11007938799897532,-0.4514289164880039,-0.8338258402222487
2.962676738591802,2.5164961300527233,-1.1297027895920415,-1.484480462250509,-1.8348329510349566,-2.2173824673165816,-2.614123090504545,-2.959134840130693,1.9679259222216736,1.7141645159287568,1.3703735066816485,0.7421499891182463,0.549730786872084,-0.051789034899820674,-0.5501562946428549,-0.7828599293973335
2.87310491327975,2.507493169757304,-1.3500464280087412,-1.5059960114310869,-1.9381381056112073,-2.427197219964062,-2.6188534594733244,-3.017425193229848,2.167516974194695,1.8008370828405889,1.2589809470942588,0.7249070312643079,0.2772004972514291,-0.02386459872928326,-0.37406449496635097,-0.7579873441743956
2.745690136217462,2.514054649294643,-1.1489294505619196,-1.6793411452547509,-2.0748610280636743,-2.421093518068863,-2.567887548648409,-2.8024222939714476,2.1633969754154356,1.6195571365531656,1.1396535750431096,0.9179366036999901,0.4664152560026117,-0.008147566349144708,-0.5300140783886966,-0.8808243448152844
2.7278368081740036,2.5535761190660597,-1.3125086613532648,-1.5110315654946262,-2.0274047458284987,-2.242255052539519,-2.6599008547185408,-2.8344667289212446,2.0254533125839282,1.7942756033032494,1.13675431664289,0.9563899256397466,0.3832523176805193,-0.1178616079153546,-0.3321015444368549,-0.9482702507572383
2.9277330452417853,2.4609524428064082,-1.1617472245418385,-1.6047233895859376,-1.8896136755443718,-2.200749879652163,-2.593065318966107,-3.0336000032521264,2.070620706608404,1.6093334358787064,1.1953498548368047,0.7154462933267487,0.3744019499324801,-0.10885864761993547,-0.4654674308469626,-0.8463384291074076
2.8517419566465523,2.3765687641052757,-1.2142390608405538,-1.6720167029805117,-2.0283203011127786,-2.385386861981946,-2.729025278681674,-2.831262285426265,1.9999703571714706,1.5959052917092678,1.1175276556730118,0.7973884912698013,0.40537823705061726,-0.09283643014503684,-0.5481725915269149,-0.9616983949266769
2.941924152148124,2.33353766574412,-1.3477575397980415,-1.5464330364867833,-1.8471929473727355,-2.176640257166125,-2.5541542193842104,-2.7838060031910894,2.135777724339658,1.6204726918374455,1.201148371637244,0.91869956643689,0.397443424586858,-0.0498053317838808,-0.5933399855513908,-0.7946095555455923
2.8134412272541756,2.4452354104262697,-1.3616434616096202,-1.5946522814588588,-1.8482610952043954,-2.459394247461239,-2.742453422851113,-2.8843644919145,1.9602962948526743,1.6722015653992606,1.376172023482088,0.6986611131149503,0.26560346365055015,0.05975611723494911,-0.3728437545873111,-0.8712110143303453
2.7926886408104976,2.4926916926614453,-1.2400272013477713,-1.6303589375457754,-2.094392874128313,-2.4345216622383012,-2.7186489854598355,-2.9751570576055917,1.951751112199395,1.7497185794682937,1.2428061370719803,0.7458122102553659,0.25599013316561103,-0.11801420046273459,-0.5782333233607722,-0.7561562336058358
2.7539301337759814,2.4122754201921923,-1.114138349759283,-1.625628568576996,-1.8725233102378134,-2.4326905516697415,-2.7195645407441154,-2.8608652396179823,2.122959950359739,1.7494133943735337,1.308878710087514,0.7458122102553659,0.38309972513313933,0.05777241411900924,-0.3848985658303301,-0.9652080235164167
2.756981984723581,2.4832309547238864,-1.2247679466097727,-1.5236967469271652,-2.0554817745464162,-2.2257750574224806,-2.55751125542657,-3.0201718590826876,2.058108117723245,1.6526697193346225,1.2275468823339817,0.8491173648316165,0.46748340383427156,0.009400576599553734,-0.4131281870956274,-0.9774154273068154
2.7853641985362585,2.3149213749637614,-1.2844316326353473,-1.6518744867263533,-2.0647899199365956,-2.33976169031533,-2.7825852628120495,-2.9186978150749967,2.1508843865302767,1.713248960644477,1.334514258047352,0.658224088059254,0.473587105729471,-0.07132088096445888,-0.591508874982831,-0.8478643545812075
2.7830753103255583,2.534654643190941,-1.3408908751659419,-1.633563381040755,-1.9331025515476674,-2.3672283488437276,-2.5448460739940315,-2.9219022585699768,2.141423648592718,1.744683025404754,1.1851261541623455,0.9154951229419104,0.2463768026806719,0.06433389365634867,-0.4190792964434469,-1.0201413405732116
2.6924353371818466,2.5749390756992576,-1.1382479722453207,-1.7011618795300891,-1.9668255045186447,-2.280098004289756,-2.55705347778443,-2.906490411284598,2.0542933040387457,1.6084178805944265,1.092960255544834,0.6902685230090511,0.4497826683381932,0.00909539150479377,-0.42777707164410606,-0.9389621053670592
2.7916204929788377,2.3610043242725176,-1.2807694114982278,-1.6082330181756777,-2.1082787959398916,-2.241797274897379,-2.657459373960461,-2.974241502321312,1.9352711170823564,1.700431186664558,1.266457981915878,0.8663603226855549,0.5038004301107082,0.08798573850024649,-0.34507191096415357,-0.9621561725688168
2.8315997403923943,2.4983376169145046,-1.3944508592963172,-1.6419559711466545,-1.8984640432924107,-2.419567592595063,-2.6716504808668,-2.9632548389099527,1.8899511305105008,1.6392415751651837,1.2466209507564798,0.7302477704226074,0.4215530470728958,0.04510723268647043,-0.5567177741801943,-0.9739057987170758
2.6745820091383887,2.3603939540829977,-1.2899249643410267,-1.536209335812324,-1.939664031085007,-2.497542384306236,-2.6757704796460593,-2.8614756098075023,2.1200606919595195,1.6535852746189024,1.1448417216540292,0.8573573623901357,0.2477501356070918,-0.16852233364550995,-0.5684674003284531,-0.7964406661141521
2.854488622499392,2.384503576569035,-1.3230375471224836,-1.6935322521610896,-2.0072625295743407,-2.3173305858504722,-2.5857408766918675,-2.9640178016468526,1.9113140871436987,1.7425467297414343,1.2406698414086605,0.6347248357627362,0.3637204716158811,-0.0856645804181776,-0.4288452194757659,-1.015105786509672
2.7157819969309847,2.4128857903817127,-1.4300049228358538,-1.653400412200153,-2.132388418425929,-2.2578194923722776,-2.7912830380127085,-3.0972310955095805,2.0468162692171266,1.5202193882087949,1.3287157412469122,0.7970833061750412,0.23859458276429257,-0.21414750531212567,-0.4709607625526422,-0.8789932342467246
2.9133893457880666,2.43730059796251,-1.1863146246700162,-1.7902759272000006,-2.101259538760412,-2.2923054080801544,-2.788231187065109,-2.88466967700926,2.0295733113631877,1.5014505048810565,1.1198165438837115,0.7575618364036248,0.24698717287019184,-0.07711939776489829,-0.45921113640438316,-0.9069176704172619
2.911100457577367,2.5007790976725843,-1.1637309276577783,-1.5795456192682402,-2.01550252713286,-2.331369100209431,-2.798607480286948,-3.0018607533970894,1.9262681567869373,1.495804580627997,1.157659495633948,0.7694640550992637,0.2758271643250092,-0.07559347229109847,-0.5677044375915532,-0.9429295115989387
2.9411426801344196,2.579193157749093,-1.1230072267841265,-1.5914663472406834,-1.8552988616606791,-2.2126706076246063,-2.5236542191850178,-2.846692641988448,2.1455251380951728,1.9244185369415732,1.4892245918138531,0.9151714285703458,0.5637507919542382,-0.027545329143207398,-0.18273194982865304,-0.6547006988749497
3.004659312846885,2.6295868313868795,-1.0141706074998054,-1.3405660663455952,-1.878607388407426,-2.2516961667514916,-2.4448783317345537,-2.8902959775367325,2.138391421370705,1.7697278269006587,1.2638835323360051,0.8550880979050227,0.4002097141652845,-0.017436088013736972,-0.40364782543248157,-0.6850284828011757
3.113610391676195,2.6836045931593944,-1.0340076386592034,-1.5937171024489922,-1.7794222326104348,-2.2486443158038916,-2.3806368692875797,-2.7833286018233627,2.1400699393918847,1.6688641530824877,1.3772597950393346,0.8221281076709457,0.46948673067579816,-0.003702758749538293,-0.19947899703806038,-0.7578151279014289
2.8940297159963952,2.600289062289922,-1.1229690937817352,-1.6172163547455098,-1.9845066162891363,-2.0360828973035714,-2.4845523940533503,-2.8045389659091806,2.1734877072681016,1.8650981690131498,1.3726820186179352,1.0720747002793627,0.6518348247948814,0.23418902261585983,-0.4068522689274612,-0.8266343667698026
3.005422275583785,2.73518087417383,-1.0460624499022224,-1.50704453553716,-1.9341510756537406,-2.308918372018986,-2.4242783378382557,-2.890601162631493,2.268400271738453,1.678477483567427,1.4616434737404669,1.0551369275201843,0.5441044863446113,-0.03528941605719538,-0.2103130679020393,-0.7042551437710538
3.0791244759683183,2.628976461197359,-1.2545038696232833,-1.4006875300133097,-1.8438162876047892,-2.0366932674930913,-2.5449790428158243,-2.7474693531890657,2.199428440322699,1.7941426344814562,1.361695355206576,0.8030540392484475,0.3977682334072048,0.09319350883675281,-0.4034952328851016,-0.7746003081132273
2.9555245125905296,2.6948964416655135,-1.0475883753760222,-1.5900548813118722,-1.7664518660831363,-2.1757050781562586,-2.6304308693486167,-2.8635922817452353,2.1243529070117457,1.7488226479096005,1.233670207954768,0.8170925536074062,0.5561592975876302,0.04878907754917683,-0.3523767295128062,-0.605527765616203
3.0215970856060634,2.605934986542982,-1.236345356485065,-1.4333423351526267,-1.8554133212056678,-2.181808780051458,-2.4665464734625115,-2.822239701405259,2.320434330395028,1.6191189826366124,1.4199857083057308,1.0551369275201843,0.592018546221927,0.07244092239307476,-0.3574122835763458,-0.8612728750250593
3.048758559039701,2.6826890378751145,-1.1051157657382769,-1.5677763693943945,-1.7267778037643398,-2.2225509902019143,-2.4035257513945774,-2.9136426372858706,2.3231809962478676,1.908739637563826,1.2812790827373235,0.819686626912866,0.5453252267236512,0.20397569823462258,-0.41646559941240024,-0.7144788444455128
2.829940846096801,2.580604623677904,-1.0744446637148997,-1.6225570939038092,-1.9216384867685816,-2.090100659076086,-2.418174635943056,-2.7479271308312057,2.1628062289515024,1.6360567553957908,1.3340761041307987,1.0447606342983453,0.36053565184648817,0.16964237507412572,-0.18635603796338152,-0.6596981199360978
2.8171230721168823,2.677806076358955,-1.1635587113848116,-1.5305437878336776,-1.768893346841216,-2.213548029906495,-2.3766694630557,-2.867407095429735,2.102226987641648,1.8217618855572337,1.4889575397214845,0.88377549681246,0.5238096775430732,0.16994756016888568,-0.44637373869887753,-0.8246506636538629
2.959339326275029,2.462040214363655,-1.2526727590547235,-1.6416311623263078,-1.7475303902080177,-2.2710754202687498,-2.59670791637764,-2.7590663867899448,2.074607736565871,1.775831528795858,1.3870257180716536,0.8973562335292788,0.6008689139699661,0.16659052412652608,-0.36031154197656545,-0.7836032684086465
3.0392978211021418,2.5188046419890098,-1.0457572648074624,-1.6346119051468282,-1.9494103303917392,-2.203324329232036,-2.6104412456418387,-2.7671537918010842,2.0205899747933556,1.6856493332942861,1.3381961029100582,0.8401340282617841,0.4748274698340977,0.07045721927713489,-0.4390492964246382,-0.8698180576783385
3.011983755121124,2.6184475754281404,-1.232835727895325,-1.5296282325493977,-1.7414266883128184,-2.3247879969465046,-2.626768648211497,-2.70581158775433,2.2258269510194366,1.6030967651617138,1.4585916227928672,1.0484228554354649,0.38281416376396615,-0.0708434795967321,-0.40303745524296164,-0.7874180820931462
3.0411289316707015,2.5038505723457707,-1.0529291145343218,-1.5013986112841007,-1.8282518477720306,-2.237199874750393,-2.59380865797742,-2.8712219091142344,2.1589914152670024,1.6325471268060512,1.4076257119679518,0.8282318095661452,0.3542793574039088,0.11409868782781085,-0.3447471021438069,-0.6247544265860812
2.937213406904931,2.677806076358955,-1.2554194249075632,-1.3909216069809909,-1.8148237036025918,-2.141676940090522,-2.461663511946352,-2.6542353067398943,2.0083825710029566,1.8176418867779742,1.3256835140248995,1.0423191535402654,0.547766707481731,0.008199459946100607,-0.3912878290947026,-0.6661070069260573
3.094994100895837,2.4902698356289523,-1.0642209630404407,-1.418235672962008,-1.9684843988142373,-2.3513391001906223,-2.444115368997654,-2.7531152774421255,2.120385500779866,1.7291382092975822,1.2721235298945244,0.9976095371579295,0.3893756433013056,-0.006449424602378073,-0.3667204289665249,-0.9046091584809755
3.0307526384488623,2.426791335918878,-1.1385335336144937,-1.3954993834023903,-1.982217728078436,-2.203324329232036,-2.3824679798561395,-2.885565608567953,2.1361025331600048,1.8528907652227509,1.2620524217674451,1.0328584156027063,0.40921267446070375,0.13866608795598856,-0.3548182102708859,-0.8550165805824799
2.920275634145753,2.4948476120503518,-1.137007608140694,-1.4383778892161665,-1.8363392527831697,-2.2721435681004096,-2.6066264319573387,-2.801944892603721,2.229336579609176,1.6764937804514872,1.3043205573917014,0.906511786372078,0.47940524625549724,0.08586906656251347,-0.36122709726084534,-0.8653928738043191
3.035635599965022,2.4121424513703995,-1.1786653735754302,-1.4794252844613824,-1.7614163120195965,-2.0814028838754273,-2.398490197331038,-2.6971138125536704,2.244443241799795,1.6772567431883871,1.438296813991329,0.8834703117177001,0.45209118027447975,0.13958164324026856,-0.2765382334649531,-0.7303484693730313
2.883348237679796,2.6938282938338536,-1.2067424022933477,-1.680237076813444,-1.9008859003249037,-2.3168531844827456,-2.6543878992872743,-2.7229019530608882,2.032644786036374,1.7096063632329441,1.1727857815501534,1.0230924925703873,0.4957326488251558,-0.04719163475283428,-0.43782855604559834,-0.7034921810341539
3.0414341167654615,2.4397617024461766,-1.2503838708440238,-1.6439200505370075,-1.9730621752356372,-2.238573207676813,-2.5471153384791445,-2.801334522414201,2.090935139135529,1.7930744866497963,1.3218687003403997,0.7665844204246308,0.5337281931227722,-0.08503458650307083,-0.39250856947374246,-0.7091381052872134
2.7972860409574842,2.5224668631261293,-1.0872624376948186,-1.4280015959943273,-1.83450814221461,-2.193405813652337,-2.4891301704747497,-2.736330097230327,2.0985647665045284,1.698619699821585,1.3436894346157378,0.9246702995102963,0.5811844753579478,0.13988682833502852,-0.3592433941449056,-0.7561366098802491
2.884874163153596,2.4747053957961938,-1.1061839135699367,-1.656127454327406,-2.0414236364618707,-2.2277391368128336,-2.59411384307218,-2.9267655963605494,2.154871416487743,1.7372256143087217,1.1770583728767932,0.8643962432952018,0.4830674673926169,0.05260389123367648,-0.2917974882029517,-0.7488121676060098
2.8223112187278017,2.4760787287226136,-1.0698668872935002,-1.531459343117958,-2.0128888301018133,-2.200119885737056,-2.6403493849283155,-2.6784975217733122,2.217281768366157,1.7471441298884205,1.2796005647161437,0.797713300090148,0.5508185584293307,0.07747647645661426,-0.44088040699319797,-0.9009469373438557
3.049368929229221,2.6414890500825186,-1.276934974088141,-1.648497826958407,-1.7933081544220135,-2.192948036010197,-2.6330249426540764,-2.7172560288078285,2.137781051181185,1.581123438338996,1.1650035616337742,0.7682629384458107,0.40082008435480454,0.02513723270527901,-0.4169233770545402,-0.6473381235983191
2.865189724541578,2.6085290598484416,-1.3248490339654566,-1.4061808617189895,-2.014567348122993,-2.3261613298729245,-2.4659361032729916,-2.9011300484007116,2.001210721276097,1.5940938048662947,1.2403842800394873,0.8386081027879843,0.49130746495113614,-0.11967309475832755,-0.3520715444180462,-0.8563899135088999
2.865189724541578,2.6242460922285797,-1.2717468274772217,-1.519557124422319,-1.7589748312615168,-2.26863393951067,-2.48546794933763,-2.9325641131609888,2.1625010438567425,1.6304108311427314,1.3438420271631177,0.9788406538301914,0.3600778742043482,-0.010569423381637688,-0.2632626818428945,-0.6433707173664394
2.8796860165426765,2.533606119084868,-1.2998238561951392,-1.4330371500578667,-1.821385183139931,-2.2512383891093517,-2.551693114900544,-2.7715789756751037,2.0843736595981897,1.8118433699775347,1.3824479416502542,0.9525947356808337,0.4615519182120389,0.047415744622756995,-0.31438118521518965,-0.7816195652927067
2.9097467483765334,2.566260924224185,-1.0773439221151193,-1.5328326760443778,-1.9718414348565974,-2.2794680103746487,-2.6015908778937993,-2.7476219457364457,2.1742506700050015,1.8249663290522133,1.3687146123860554,0.8061058901960472,0.40494008313406415,-0.11356939286312828,-0.47933372893295445,-0.8162580735479634
2.8664104649206177,2.6243986847759597,-1.2210861017470664,-1.4589778831124645,-1.8180281470975714,-2.245592464856292,-2.6115093934734985,-2.7727997160541435,2.0225736779092953,1.7079278452117643,1.1590524522859547,0.7545296091816119,0.49176524259327614,-0.03803608191003516,-0.5032907588716122,-0.6760255225057565
2.9070000825236937,2.470280211922174,-1.1589809349634121,-1.418235672962008,-1.9681792137194773,-2.341267992063543,-2.559475334816923,-2.7535730550842654,2.2397128728310154,1.7390567248772815,1.3911457168509134,0.7699414564669905,0.5523444839031306,0.04176982036969756,-0.46682114004779574,-0.7860447491667264
2.873124537005337,2.5133113102833304,-1.192703887934389,-1.6962592942883425,-1.8927984953137647,-2.27015986498447,-2.6876530746161116,-2.70382788463839,2.0936818049883685,1.7237974701392829,1.4207486710426307,0.7687207160879507,0.2845445632512552,-0.008127942623557871,-0.4468315163410175,-0.680145521285016
2.927905261514752,2.4982046480927114,-1.2599972013289626,-1.5705230352472341,-1.9877110597841159,-2.2603939419521506,-2.565121259069983,-2.8568782096605156,2.2476476852947744,1.7817826381436774,1.1599680075702348,0.7990866330165678,0.49039190966685625,-0.03452645332029547,-0.48040187676461454,-0.9133069336816346
2.993977834530286,2.5920490647314027,-1.1972816643557884,-1.5227615679172986,-2.0365406749457113,-2.276721344521809,-2.550167189426744,-2.878546351388474,2.097344026125488,1.6354463852062708,1.4144923766000512,0.928637705742176,0.4140956359768633,-0.01072201592901767,-0.5264848260733701,-0.7746003081132273
2.7904193763253846,2.371705426314703,-1.301960151858459,-1.550686004087836,-2.073162886316908,-2.1337421276267623,-2.552913855279584,-2.879461906672754,2.2087365857128782,1.6961782190635053,1.220852433974849,0.8317414381558849,0.47940524625549724,-0.148207901118385,-0.42836781810803926,-0.7990151156940251
2.7704297526186066,2.51178538480953,-1.095044657611198,-1.5819674763007332,-2.0437125246725705,-2.2074443280112956,-2.5976234716619198,-2.9272233740026894,1.9551277719673414,1.7530952392362402,1.1842302226036523,0.8770614247277406,0.5267089359432929,-0.10960198663124854,-0.47673965562749476,-0.7808566025558068
2.959034141180269,2.5716016633824847,-1.084057994199839,-1.5851719197957128,-2.070263627916688,-2.3487450268851626,-2.48531535679025,-2.8591670978712154,1.9554329570621014,1.7596567187735794,1.1161739464721787,0.8154140355862264,0.4514808100849598,-0.020640531508716697,-0.47155150901657517,-0.7852817864298265
2.9904682059405463,2.383149867368202,-1.224748322884186,-1.6832889277610437,-1.8117718526549917,-2.2951850427547873,-2.6563716024032145,-2.994974465039403,2.0106714592136563,1.7215085819285831,1.2712079746102445,0.8666851315059017,0.5404422652074916,0.016439457504619837,-0.2850834161182325,-0.9613735861063302
2.7455571673956687,2.538031302958888,-1.1841587052811096,-1.6658933773597253,-1.9278947812111613,-2.3836887202351793,-2.6528619738134744,-2.7491478712102455,2.0421055239739334,1.5841752892865957,1.1851457778879324,0.7073785120411963,0.31048529630585275,0.11135202197497107,-0.42409522678139955,-0.7543054993116893
2.9894000581088864,2.4757735436278536,-1.2030801811562282,-1.701600033446642,-1.9410177402858402,-2.1631924892710996,-2.5811434765448813,-2.843297472943697,2.128930683433145,1.7198300639074031,1.2127650289637097,0.8589029115895224,0.3451238045611096,-0.12745531467470683,-0.49230409546025333,-0.8185469617586634
3.0084741265313846,2.470585397016934,-1.1580653796791323,-1.550533411540456,-1.9983925381007146,-2.3072398539978063,-2.474176100831511,-2.7186293617342483,1.9452092563876424,1.6159145391416327,1.364289428512036,0.7739088626988702,0.5323548601963524,0.09517721195269258,-0.3532922847970861,-0.7292803215413715
2.7487616108906483,2.6190579456176604,-1.124800204350295,-1.5770845147845733,-1.9350666309380204,-2.3258561447781645,-2.5545923733007636,-2.7488426861154855,1.9973959075915977,1.5614389997269777,1.3436894346157378,0.8248747735237855,0.40249860237598434,-0.051616818626853855,-0.39250856947374246,-0.8960639758276963
2.852982320751179,2.428164668845298,-1.3396505110613153,-1.6622311562226058,-1.8366444378779296,-2.178756929103858,-2.5962501387355,-2.852147840691736,2.1625010438567425,1.6355989777536508,1.1863665182669723,0.6907459243767778,0.36480824317312777,-0.13737383025440608,-0.5797396251089852,-0.8739380564575983
2.897691937133515,2.501866869229831,-1.2630490522765623,-1.61599561436647,-2.0009866114061747,-2.387656126467059,-2.48760424500095,-2.9040293068009313,2.025015158667375,1.5942463974136747,1.2956227821910422,0.7450688712440529,0.2462438338588787,-0.08213532810285118,-0.4323352243399188,-0.9777009886759886
2.9314148901044916,2.3291321055956873,-1.341023843987735,-1.5900548813118722,-2.0012917965009347,-2.3484398417904027,-2.493707946896149,-2.8498589524810365,2.114281798884667,1.6581826747658888,1.2814316752847035,0.742932575580733,0.5276244912275728,0.030020194221438645,-0.47689224817487474,-0.8925543472379565
2.9117304514924736,2.5719068484772447,-1.168746857995731,-1.5900548813118722,-1.8483940640261887,-2.244066539382492,-2.6189864282951176,-2.8168989622469596,2.1426640126973444,1.8003989289240359,1.1968954040361912,0.9092584522249177,0.2819504899457954,-0.16072049000354394,-0.41219300808576076,-0.9882298744452078
2.742810501542829,2.5514594471283267,-1.2522149814125836,-1.5885289558380724,-1.9535303291709991,-2.256731720815031,-2.5696990354913822,-2.9275285590974494,1.9423099979874228,1.6331574969955711,1.2763961212211639,0.9251280771524363,0.5120600513948143,0.09761869271077239,-0.571499627550466,-0.930092113893433
2.9132563769662734,2.536657970032468,-1.1711883387538107,-1.636595608262768,-1.8903570145556845,-2.3809420543823396,-2.616087169894898,-2.81110044544652,2.103142542925928,1.4962819819957236,1.3728346111653151,0.7165340648839955,0.2871386365567149,-0.14439308743388546,-0.3851841271995031,-0.9928076508666073
2.73319717105789,2.4318268899824176,-1.341481621629875,-1.6776430035079843,-1.8580073945111275,-2.235216171634453,-2.655456047118934,-2.91684708078085,1.9102655630376257,1.7442448714882008,1.2950124120015223,0.9411502946273348,0.3814408308375463,-0.04932793041615413,-0.4433218877512779,-0.9720550644229291
2.7718030855450264,2.5630564807292053,-1.1777498182911503,-1.6585689350854862,-2.0429495619356706,-2.3749909450345204,-2.474023508284131,-2.8259019225423785,2.08116921610321,1.733258208076842,1.145471715569136,0.7757399732674299,0.3109430739479928,-0.10609235804150896,-0.35771746867110576,-0.8974373087541161
2.7953023378415445,2.3668224647985436,-1.1553187138262921,-1.6433096803474876,-1.982370320625816,-2.3054087434292465,-2.6101360605470787,-2.864660429576895,2.1039055056628277,1.5095575336177824,1.3577279489746965,0.8042747796274874,0.471165248696978,-0.14179901412842555,-0.5252640856943303,-0.8447928799080209
2.703746809413553,2.3770461654730024,-1.2738831231405414,-1.624540797019749,-2.025554011534352,-2.3933020507201186,-2.5162916439083873,-3.0163374216726013,2.0733869961868305,1.6963308116108853,1.2338228005021479,0.8047325572696273,0.3745741662054469,-0.03452645332029547,-0.5893529555939243,-0.7486595750586298
2.8691571307734574,2.3124995179312684,-1.3184401469754974,-1.636748200810148,-2.097425101350326,-2.179977669482898,-2.6215805016005773,-2.733888616472247,2.1304566089069454,1.581428623433756,1.081840623311682,0.8370821773141843,0.48825561400353645,-0.12592938920090702,-0.6033914699528831,-0.8148847406215436
2.972309692802328,2.4643291025743546,-1.1231216863291151,-1.5685393321312944,-1.9605495863504783,-2.2938117098283675,-2.494318317085669,-2.852758210881256,1.8982107517946067,1.7051811793589244,1.3537605427428168,0.830673290324225,0.471165248696978,-0.13355901656990632,-0.39266116202112245,-0.7334003203206312
2.941028220589431,2.383760237557722,-1.1330402019088144,-1.5751008116686336,-2.0772828850961673,-2.1622769339868197,-2.604795321388779,-3.0027566849557825,2.0196744195090757,1.6471960113545299,1.1820939269403326,0.7716199744881704,0.41165415521878346,-0.1636197484037636,-0.4169233770545402,-0.9900609850137676
2.9871111698981867,2.569465367719165,-1.1672209325219312,-1.5906652515013922,-2.073315478864288,-2.224839878412614,-2.48760424500095,-2.9214248572022496,2.0958181006516883,1.7141841396543436,1.1181576495881185,0.8903369763497995,0.26547049482875695,0.07686610626709434,-0.5333514907054695,-0.8795839807106578
2.744336427016629,2.5552742608128263,-1.2802920101305006,-1.7409689106706785,-1.899054789756344,-2.245745057403672,-2.5039316475706084,-2.865270799766415,1.9226255593754045,1.6276641652898918,1.069328034426523,0.6492407514894216,0.49237561278279607,-0.0325427502043556,-0.5582240759284072,-1.0181380137316849
2.8055260385160032,2.2970876706458903,-1.1260209447293352,-1.5561793357935154,-2.092694732381546,-2.3257035522307845,-2.604184951199259,-2.8239182194264387,2.1284729057910052,1.611489355267613,1.2367220589023675,0.7299622090534342,0.29431048628357426,-0.0384938595521751,-0.5302996397578699,-0.7556788322381092
2.959797103917169,2.3611765405454843,-1.1190016875498556,-1.582730439037633,-1.94269625830702,-2.4151227849954564,-2.59060421448244,-2.931190780234569,2.112298095768727,1.678782668662187,1.2519813136403661,0.8207547747445259,0.35290602447748887,-0.025828678119636295,-0.3725189457669644,-0.9880772818978276
2.831008993928461,2.3108209999100886,-1.1975868494505484,-1.6962592942883425,-1.8503777671421284,-2.4259568558594355,-2.679565669604972,-2.9780366922802246,1.8802048312037685,1.5200864193870016,1.1157161688300388,0.7046318461883565,0.46658747227557845,-0.13065975816968667,-0.45537669899429667,-0.9703765464017493
2.814376406264042,2.394594308421701,-1.386343830559591,-1.5142163852640191,-2.091779177097266,-2.345082805748043,-2.564510888880463,-2.8254441449002385,2.0837632894086697,1.590431583729175,1.2345857632390478,0.7462896116230927,0.48810302145615647,-0.052379781363753763,-0.35863302395538565,-0.8289232549805023
2.9144771173453132,2.533453526537488,-1.1580653796791323,-1.7077037353418416,-1.8810488691655056,-2.345998361032323,-2.5779390330499012,-2.8164411846048196,1.9571114750832812,1.4971975372800035,1.2586953857250855,0.8795029054858204,0.36251935496242804,-0.06626570317533254,-0.6340625719762603,-0.7735321602815675
2.782179378766865,2.5084283487671706,-1.1971290718084084,-1.7147229925213208,-2.032573268713832,-2.301593929744747,-2.7541834252737853,-2.9888707631442037,2.0540077426695724,1.6870226662207062,1.31927462703494,0.7952718193320683,0.46429858406487867,0.06343796209765551,-0.36809376189294474,-0.9107128603761749
2.9532356243798294,2.447696514909936,-1.2615231268027625,-1.6526178257376665,-1.923011819695002,-2.1966102571473165,-2.4914190586854494,-2.887854496778653,1.8866137181937277,1.5342775262933404,1.166071709465434,0.7287414686743943,0.43469562987316135,-0.22770861830335765,-0.4442374430355578,-0.7555262396907292
2.784315674430185,2.414583932128479,-1.344991250219615,-1.5297808250967777,-1.854802951016148,-2.2407095033401325,-2.615324207157998,-2.878088573746334,2.0617899625859515,1.6273589801951318,1.1047295054186796,0.7467473892652327,0.4197415602299227,-0.018351643298016973,-0.5057322396296922,-0.844182509718501
2.8917408277856955,2.2949513749825705,-1.3402608812508352,-1.6590267127276261,-2.117414725057104,-2.3797213140033,-2.6403493849283155,-2.756624906031865,1.9188107456909047,1.557319000947718,1.134637644705157,0.6356600147726028,0.2073327342769823,-0.012705719044957431,-0.4175337472440601,-1.0469780051865023
2.788435673209445,2.284575081760731,-1.301197189121559,-1.5699126650577142,-2.05103696694681,-2.409324268195017,-2.532619046478046,-2.765170088685144,1.9674877683051204,1.6044700980881337,1.286314636800863,0.688762221260838,0.4649089542543986,0.046500189338477105,-0.52938408447359,-0.9802950619814483
2.7214475449096307,2.4766890989121335,-1.4049601213399492,-1.6205733907878694,-2.1082591722143045,-2.387198348824919,-2.672851597520253,-2.802707855340621,2.1251158697486456,1.7266967285395025,1.0586465561099239,0.6933399976822376,0.37671046186876667,-0.23472787548283702,-0.4382863336877383,-1.019511346658105
2.8094934447478828,2.449375032931116,-1.3152357034805178,-1.6114178379450705,-2.0171614214284532,-2.4450309242819337,-2.6182234655582177,-2.8379567337853975,2.0538551501221924,1.4460790339077083,1.2567116826091458,0.7189755456420752,0.3817460159323063,-0.2135175113970189,-0.4503411449307573,-0.9110180454709349
2.7803482681983054,2.353241728081725,-1.3440756949353352,-1.7965125979169931,-1.94315403594916,-2.301899114839507,-2.5654264441647427,-3.0216781608309007,2.0988699515992884,1.53702419214618,1.0290436019182068,0.7041740685462166,0.41089119248188355,-0.12303013080068737,-0.6441336801033393,-0.7852817864298265
2.9088311930922535,2.4989676108296113,-1.2148298073044868,-1.7965125979169931,-2.1520532333123605,-2.275958381784909,-2.712830844933809,-2.899604122926912,2.1251158697486456,1.513830124944422,1.2052879941420904,0.6445103825206421,0.2242705070361607,0.01491353203082002,-0.5327411205159496,-0.9688506209279495
2.853592690940699,2.3445439528810654,-1.224443137789426,-1.6114178379450705,-2.072399923580008,-2.1975258124315964,-2.622801241979617,-3.0245774192311203,1.8553322459808306,1.6175930571628125,1.0334687857922262,0.7798599720466897,0.34954898843512916,-0.022319049529896606,-0.5260270484312302,-0.8969795311119761
2.895097863828055,2.483097985902093,-1.3059275580903384,-1.732728913112159,-2.057903631578909,-2.4209213017958957,-2.6850590013106514,-2.9691863245321857,2.1075677267999477,1.504064201912103,1.2179531755746293,0.5817948455474679,0.318420108769612,-0.17079159813062295,-0.3937293098527823,-1.026683196384964
2.7730238259240663,2.429995779413858,-1.2908208958997198,-1.7560755728612971,-2.149916937649041,-2.4380116671024545,-2.5777864405025213,-2.9382100374140485,2.1319825343807453,1.6316315715217713,1.2565590900617658,0.7414066501069332,0.2047386609715225,-0.19291751750072095,-0.42760485537113935,-0.8481499159503807
2.9236326701881126,2.3106684073627086,-1.172103894038091,-1.6935126284355029,-2.039897710988071,-2.4894353555695097,-2.731599728261547,-2.981241135775204,2.049277373700793,1.6476537889966698,1.2780746392423437,0.656412601216281,0.36175639222552813,-0.08900199273495035,-0.5039011290611324,-0.7982521529571251
2.717327546130371,2.448001700004696,-1.366201614305433,-1.7862888972425344,-1.9321673725378008,-2.4781435070633906,-2.791110821739742,-2.8049967435513206,1.9874773920118984,1.4769027284784655,1.1799576312770128,0.7192807307368352,0.2599771631230775,-0.21077084554417924,-0.6458121981245193,-0.8725647235311784
2.896471196754475,2.350037284586745,-1.1756135226278306,-1.7174696583741604,-1.9062266394832035,-2.3812472394770996,-2.777682677570303,-2.7859226751288224,2.1202329082324862,1.5092523485230225,1.265562050357185,0.7037162909040766,0.32406603302267156,-0.17338567143608263,-0.38655746012592296,-1.0379750448910832
2.9123408216819935,2.396883196632401,-1.451653440838225,-1.623930426830229,-2.179214706745998,-2.3630887263388813,-2.7518945370630856,-2.8829715352624934,2.103142542925928,1.5860063998551555,1.081840623311682,0.8532569873364628,0.17086311545316568,-0.1677397471830231,-0.5310626024947698,-1.0449943020705625
2.7628001252496075,2.2288788019670362,-1.256640165286603,-1.6092815422817504,-2.168533228429399,-2.2872502302910283,-2.776156752096503,-3.0492974119066782,2.0123499772348366,1.4883471695319646,1.2571694602512857,0.5679089237358892,0.14660090041974783,-0.17338567143608263,-0.4187544876231002,-0.8406728811287614
2.73045050520505,2.4338105930983573,-1.4264756705205275,-1.5561793357935154,-1.954140699360519,-2.429161299354415,-2.5770234777656214,-3.0457877833169382,2.08162699374535,1.4250212623692704,1.1376894956527568,0.6924244423979576,0.1647594135579662,-0.0708434795967321,-0.5864536971937047,-0.9806002470762085
2.818801590138062,2.3343202522066067,-1.233293505537465,-1.8390859186360093,-1.9413229253806001,-2.3885716817513387,-2.7081004759650296,-2.852758210881256,1.839462621053312,1.6189663900892324,1.2264983582279085,0.7031059207145567,0.34298750889778984,-0.05405829938493367,-0.6300951657443807,-0.9419943325890721
2.7910297465149045,2.275572121465312,-1.3478905086198347,-1.636137830620628,-1.922859227147622,-2.4026101961102975,-2.712067882196909,-2.782718231633843,1.9474981445983421,1.5953145452453346,1.1196835750619183,0.6956288858929374,0.14110756871406838,-0.1430197545074654,-0.6682433025893773,-1.0353809715856235
2.807051963989803,2.3128047030260284,-1.4022134554871095,-1.7426474286918583,-1.94223848066488,-2.257342091004551,-2.583127179660821,-2.993295947018223,1.8370211402952323,1.568916034548597,1.0443028566562054,0.6725874112385595,0.19817718143418317,0.00392686861946101,-0.4034952328851016,-1.0181380137316849
2.8606119481201784,2.3984091221062007,-1.451653440838225,-1.6823733724767638,-1.954903662097419,-2.300830967007847,-2.7300738027877474,-2.9987892787239026,1.8473974335170715,1.4318879270013696,0.9965413893262697,0.7307251717903341,0.2708112339870564,-0.22282565678719823,-0.5859959195515647,-0.8058817803261245
2.8174282572116423,2.2700787897596326,-1.3378194004927555,-1.6213363535247693,-2.092084362192026,-2.355764284064642,-2.738313800346267,-2.983530023985904,2.0627055178702314,1.5408390058306796,1.0781784021745622,0.6487829738472817,0.16948978252674574,-0.09586865736704975,-0.5751618486875858,-0.885840275153237
2.752271239480388,2.2378817622624556,-1.2509942410335437,-1.5790682179005135,-2.0225021605867526,-2.431450187565115,-2.532466453930666,-3.014353718556661,2.049735151342933,1.4047264535677322,1.2344331706916678,0.6748762994492592,0.39715786321768487,-0.06428200005939266,-0.702424033202494,-0.9290239660617732
2.686503851559614,2.4715009523012137,-1.3926001250021707,-1.842137769583609,-2.114973244299024,-2.237047282203013,-2.6392812370966556,-2.852147840691736,1.7956685599552562,1.6717634114827076,0.9921162054522501,0.8137355175650465,0.3858660147115659,-0.06535014789105265,-0.4340137423610988,-1.1028268775275771
2.6257720177023796,2.288695080539991,-1.3378194004927555,-1.5760163669529135,-2.201035441021336,-2.493250169254009,-2.649199752676355,-2.9656766959424457,2.0450047823741535,1.6177456497101925,0.9960836116841297,0.7148555468628156,0.3349001038866506,-0.2373219487882967,-0.43325077962419867,-0.9828891352869082
2.597694988984462,2.4415928130147364,-1.1975868494505484,-1.6378163486418078,-2.137709533858642,-2.345235398295423,-2.679870854699732,-2.842839695301557,1.9372744439238831,1.4326508897382695,1.2475561297663467,0.7591073856030115,0.34802306296132934,-0.13188049854872652,-0.4227218938549797,-0.8667662067307389
2.688334962128174,2.3053276682044093,-1.2819705281516809,-1.6887822594667234,-2.0693480726324083,-2.475091656115791,-2.737856022704127,-2.9044870844430712,2.0451573749215335,1.5092523485230225,1.1410465316951164,0.7467473892652327,0.17101570800054566,-0.027049418498676148,-0.6473381235983191,-0.9856358011397479
2.7812638234825853,2.4643291025743546,-1.4617245489653041,-1.8065837060440724,-2.090711029265606,-2.514460533339827,-2.681854557815672,-2.8153730367731598,2.0108240517610363,1.4294464462432899,1.002339906126709,0.6852525926710984,0.1289001649236695,-0.13905234827558588,-0.63635146018696,-1.016612088257885
2.5937275827525825,2.201259550891259,-1.4315112245840669,-1.6982429974042823,-2.2091228460324754,-2.3566798393489217,-2.7842441571076426,-3.0981270270682737,1.7843767114491373,1.6523841579654492,1.2258879880383886,0.6760970398282992,0.26394456935495714,-0.13477975694894617,-0.6665647845681972,-1.096265397990238
2.614785354291021,2.382997274820822,-1.2718994200246017,-1.712281511763241,-2.007090313301374,-2.26985467988971,-2.7949256354242413,-2.844823398417497,1.960926288767781,1.602028617330054,1.111748762598159,0.8025962616063076,0.372895648184267,-0.14515605017078537,-0.5237381602205304,-1.0317187504485037
2.6424046053667984,2.3495795069446053,-1.4122845636141887,-1.7511926113451377,-2.105207321266705,-2.408561305458117,-2.802555262793241,-2.8298693287742585,2.018453679130036,1.654215268534009,1.004018424147889,0.7176022127156554,0.3443608418242097,-0.27699601110709304,-0.6661070069260573,-1.0144757925945653
2.7219053225517706,2.2003439956069792,-1.3932104951916906,-1.6843570755927035,-2.0235703084184125,-2.3270768851572043,-2.5974708791145398,-2.92218781993915,1.8547218757913106,1.524664195808401,1.1274657949782976,0.7305725792429542,0.19665125596038324,-0.1251664264640071,-0.6864018157275955,-1.1319720540771545
2.582130549151704,2.382692089726062,-1.3286638476499566,-1.7600429790931766,-1.9457481092546196,-2.2913702290702878,-2.834599697743038,-3.0981270270682737,1.8252715141469733,1.3563546160482765,1.025533973328467,0.7954244118794482,0.11470905801733078,-0.08579754923997074,-0.47429817486941506,-0.8804995359949377
2.5738905515931845,2.3784194983994222,-1.269000161624382,-1.8181807396449514,-2.0797243658542475,-2.4923346139697293,-2.5954871759986,-2.953774477246807,1.8808152013932884,1.6063012086566935,1.0980154333339605,0.6980703666510172,0.188411258401864,-0.2687560135485738,-0.47918113638557447,-1.0778016997572593
2.807204556537183,2.3923054202110015,-1.462945289344344,-1.7028207738256818,-2.0217391978498527,-2.257036905909791,-2.6508782706975347,-3.017405569504261,1.9046196387845662,1.4346345928542092,1.1378420882001368,0.5433415236077114,0.1493475662725876,-0.30934563115165026,-0.47246706430085506,-0.9752595079179089
2.588539436141663,2.338745436080626,-1.4208297462674677,-1.6744385600130047,-2.2179732137805144,-2.2625302376154703,-2.723359730703028,-3.0618100007918367,2.050040336437693,1.590126398634415,0.9692273233452522,0.6432896421416021,0.308501593189913,-0.081830143008091,-0.7100536605714933,-1.0704772574830201
3.0734083419003735,2.544369980133962,-1.1611874404416174,-1.4080821821024343,-1.9128583288354282,-2.3329456117725296,-2.43503002596974,-2.6027292355403446,2.0926960398892036,1.8140620483733492,1.2995199786080365,0.7186001507324299,0.3087365684697876,0.10365218479108651,-0.4804720865794998,-0.9055949235801406
2.8451298910199143,2.4767714816446285,-1.1334155968184598,-1.5646421357142999,-1.7697265193930014,-2.1106182702398897,-2.4289263240745407,-2.769207704731909,2.109328627553622,1.6680309805307025,1.3982473567628873,0.728366073764749,0.40349654039275884,0.029187021669653257,-0.42553876952270486,-0.6373372252861254
2.8399417444089945,2.519955172553164,-1.1910955797280942,-1.414796254187154,-1.945818319069505,-2.281064145663334,-2.4428122458861194,-2.728923272223593,2.0034293996719117,1.7101465236075786,1.3221036756202744,0.8446415948682983,0.3819809912121809,0.14485217258368266,-0.31521435776697504,-0.7629208917798538
2.826055822597416,2.4033744663548546,-1.1137311582064418,-1.6104198999282957,-2.0132642250114587,-2.2439841566499976,-2.4316729899273803,-2.7586788189626903,2.183793790675055,1.6228635865062266,1.3948903207205277,0.7814682802529841,0.5483068678563655,-0.002247043090623846,-0.468875052978621,-0.6899816541322206
2.8562691469786534,2.5037803625308857,-1.2547266719855488,-1.6827487673864092,-1.9064494418454685,-2.1106182702398897,-2.6143262691412237,-2.6427084829539007,2.0170101363887305,1.8165035291314289,1.2581673982680603,0.7974904977278826,0.4735365196401724,0.13401810171970374,-0.3027017688818161,-0.7353016407040764
3.0044365104846196,2.532925539080463,-1.3030985095050043,-1.6546717386684917,-1.8856968554017906,-2.21682268321636,-2.536046292335291,-2.684518840936017,1.9643657075426353,1.815435381299769,1.4099969829111463,0.9831956278893256,0.533352798213127,-0.11379219522539352,-0.3927313718360079,-0.7368275661778763
2.804235088322078,2.624938845150594,-1.1468437409878987,-1.5527399170186613,-1.8985146293817095,-2.3352344999832293,-2.532078886103411,-2.620582563583803,2.1204678835123607,1.6466680238975044,1.142044469711891,0.8483038160054179,0.445306898374875,-0.03917443955658051,-0.3370350920423131,-0.7662779278222136
2.7856187975417197,2.6241758824136943,-1.1352467073870196,-1.5203902969741043,-1.8425131644932544,-2.088339758322412,-2.4887426026474953,-2.631416634447782,1.9492590453520167,1.726473926177237,1.2769362815957985,0.7094445978896307,0.5063439173268695,-0.07381294781183723,-0.5178572606875964,-0.9416067647618176
3.012829100590519,2.5721418237571196,-1.140740039092699,-1.6305621161824542,-1.8284746501342957,-2.260006374124896,-2.4069529972518224,-2.8552699014542213,2.1227567717230604,1.5483984233847936,1.205675561969345,0.977549703636266,0.43065801382639635,-0.10066923615071466,-0.26501140967895953,-0.9397756541932574
2.8217832312707767,2.5954884835062573,-1.1221237483123407,-1.696939874292748,-1.8420553868511145,-2.208582685657841,-2.3645322690801867,-2.899521740194417,2.1583108352625975,1.6709302389309224,1.325460711662634,0.8452519650578183,0.28691583419444955,0.13386550917232376,-0.5175520755928364,-0.7085979449125788
2.957438005891584,2.4934040693090465,-1.087180054962324,-1.6879369139973286,-2.0065501529267395,-2.0799471682165125,-2.478061124330896,-2.8545069387173214,1.9552101546998362,1.80399094024627,1.2770888741431785,0.8750075117969155,0.5354890938764467,0.007671472489075182,-0.48672838102207927,-0.8802645607150632
2.911965426772348,2.5248381340693236,-1.0542200647282471,-1.5383962175649426,-1.945665726522125,-2.318449319771431,-2.566564801811288,-2.804761768271446,2.1332856574922796,1.597991001283289,1.1823289022202073,0.7854356864848637,0.26646843284553146,0.009960360699775128,-0.31841880126195465,-0.7827579229392521
2.7608988048661622,2.3962026166279955,-1.3156110983901628,-1.5623532475036002,-1.945665726522125,-2.281216738210714,-2.412598921504882,-2.6422507053117608,1.9701642243430748,1.7299835547669768,1.3816147690984688,0.8399112258995187,0.5368624268028666,0.12898254765616413,-0.45559950135656213,-0.9532037983626962
2.9021995037400288,2.34905151948758,-1.1996407623813736,-1.6652006244377109,-2.017842001432858,-2.1490715921796464,-2.6259233027421023,-2.7785158501220883,2.1383212115558194,1.6918354179219803,1.271442949890119,0.8335023389095593,0.5083276204428092,0.03941072234411247,-0.4006661842997672,-0.8497460512390658
2.89243358070771,2.447321120000291,-1.1332630042710798,-1.4566066121692698,-1.8617398254631325,-2.140373816978987,-2.5056803754066737,-2.7576106711310304,2.0426456843485683,1.7772872444547725,1.141586692069751,0.8808060285973549,0.48437059050415143,-0.109824788993514,-0.4780306058214201,-0.7644468172536536
2.9853624420621214,2.464716670401609,-1.1045756053636424,-1.56296361769312,-2.0265397766335176,-2.3224167260033104,-2.402222628283043,-2.86793508288676,1.9585671907421958,1.770267987275293,1.3132533078722353,0.7028831183522913,0.4479009716803348,-0.10860404861447392,-0.2967506595339966,-0.7357594183462164
2.9684246693029426,2.3727033643314774,-1.2255814954359714,-1.639412483930493,-1.7743042958144009,-2.1246567845988484,-2.480502605088976,-2.7554743754677107,2.1691449061265766,1.7313568876933967,1.2758681337641387,0.7155482997848301,0.39907135651873926,-0.09746479265573504,-0.5132794842661967,-0.9605282406369358
2.8010306448270983,2.5275847999221632,-1.0940467195944232,-1.6830539524811692,-2.042256809013656,-2.250850821282097,-2.382538189671025,-2.735789936855692,2.1020041852793825,1.58593619004027,1.2252074080339832,0.71631126252173,0.39220469188663987,-0.08037442734917666,-0.3930365569307679,-0.7073772045335389
2.9519446741859046,2.358054479782999,-1.2562525974593486,-1.5449576971022818,-1.805585768027298,-2.0918493869121515,-2.388947076660984,-2.706492167758735,2.1679241657475368,1.6115717380001078,1.2003348228110455,0.6717542386867742,0.2739454676671508,-0.03764851408278047,-0.47406319958954035,-0.8283830946058679
2.9360750492583856,2.35286633317208,-1.0702422822031457,-1.6426169274254727,-1.9392568395321654,-2.237727862207418,-2.4824863082049156,-2.8603054555177607,1.9976308828714722,1.7257109634403371,1.1215970683629728,0.9055260212729127,0.32018100952328654,-0.03780110663016045,-0.4285906204703045,-0.8721771557039237
2.852912110936294,2.448236675284571,-1.067037838708166,-1.5730347258201993,-1.881119078980391,-2.1904241725196223,-2.6103588629093437,-2.896775074341577,1.979472369733254,1.6724561644047222,1.1278533628055523,0.7858934641270037,0.37389358620104163,-0.05031369551531939,-0.5262498507934956,-0.6959327634800401
2.8237669343867164,2.5152248035843847,-1.1141889358485817,-1.7244065328211455,-1.9943427491363406,-2.2766389617893146,-2.6459129264488808,-2.735484751760932,2.096816038668463,1.510860656729317,1.3138636780617552,0.7121912637424705,0.48269207248297163,-0.05840110052645864,-0.39578322278360756,-0.878433450146503
2.7285491848216052,2.5474218310815617,-1.2777681466399264,-1.5890569432950978,-2.029591627581117,-2.259548596482756,-2.65247440598622,-2.9280565465544743,1.9657390404690551,1.5020102889812779,1.1681377953138685,0.8038993847178421,0.3358980419034251,-0.1708618079455082,-0.48855949159063905,-0.7316394195669567
2.8443669282830144,2.5484899789132216,-1.184839285285515,-1.67633988039645,-1.987933862146381,-2.3520196801950277,-2.54459147498857,-2.670938104219198,2.0727064161824256,1.6970235645328997,1.109847442214714,0.7869616119586635,0.5025291036423698,-0.1353077444059716,-0.5401357726050744,-0.8144971727942891
2.9824631836619018,2.4193966838297536,-1.1862126182119348,-1.5242051106586039,-1.7828494784676798,-2.128929375925488,-2.65125366560718,-2.9176802533326356,2.011211619588291,1.5235258381618557,1.3274444147785738,0.7814682802529841,0.36840025449536207,-0.05031369551531939,-0.43316839689170417,-0.9445060231620372
2.8254454524078962,2.4461003796212513,-1.119071897364741,-1.6125561955916154,-1.8032968798165983,-2.139000484052567,-2.478213716878276,-2.891892112825418,2.02021457988371,1.7742353935071726,1.2146785222647642,0.8898089888927742,0.27425065276191074,-0.17757588003022762,-0.4598720926832016,-0.9100201074541601
2.8652721072740723,2.587095893400358,-1.1688170678106165,-1.6751191400174097,-1.9755738658086024,-2.21865379378492,-2.4704314969618966,-2.898911370004897,2.1213834387966406,1.4937702914227586,1.2093377831064647,0.783451983368924,0.3520728519257036,-0.15514477556536965,-0.38494915191962864,-0.8839267818521828
2.9408054182271655,2.360801145635839,-1.2321429749733106,-1.7125043141255065,-2.0266923691808976,-2.203241946499541,-2.4748566808359165,-2.939195802513214,2.1563271321466577,1.7667583586855535,1.3300384880840337,0.7904712405484033,0.26417954463483173,-0.009571485364863186,-0.6071239009048881,-0.934740100129718
2.874580252664251,2.533078131627843,-1.1794985461272156,-1.5042154869518258,-2.0459190301507757,-2.3401174614993887,-2.6025766429929647,-2.8201736155568247,2.1242826971968607,1.7046531919018992,1.2140681520752443,0.8838578795449548,0.4393557890270555,0.03208628006987313,-0.3223862074938344,-0.8402853133015067
2.811406938048937,2.304647088200004,-1.1172407867961813,-1.6212539707922748,-1.8478539036515542,-2.2009530582888415,-2.5909796093920856,-2.8693084158131796,1.9196560911602993,1.6335450648228256,1.0547615326105388,0.8678356620700561,0.3110254566804874,0.028881836574893294,-0.4862706033799393,-0.7993905106036705
2.954843932586124,2.498897401014726,-1.3507073842875599,-1.7392080099170042,-1.8348835371242553,-2.294492289832773,-2.6674284756294586,-2.845809163516662,1.9695538541535549,1.4818680727271196,1.0388919076830203,0.8663097365962563,0.45446245121767415,-0.08617294414961618,-0.47665727289500026,-0.9445060231620372
2.705202525072467,2.448999638021471,-1.1459281857036188,-1.6497887771523323,-2.0594997668675945,-2.378875968533905,-2.6108166405514837,-2.954302464703832,2.0710278981612453,1.5676250843546717,1.0843644868022562,0.9099512051469323,0.22465807486341538,-0.01811666801814238,-0.45559950135656213,-0.8549341978499854
2.7972158311425988,2.585722560473938,-1.3929755199118157,-1.6740509921857498,-1.8869175957808304,-2.174249362497344,-2.6138684914990837,-2.7559321531098506,2.028759762536989,1.58593619004027,1.1775985332514276,0.8237364158772402,0.19352919519789824,-0.12355811825771257,-0.43240543415480426,-0.8682097494720442
2.9369906045426655,2.5246855415219436,-1.2676970385128472,-1.5744080587466192,-2.0573634712042748,-2.3747559697546454,-2.6465232966384007,-2.781872886164448,1.9927479213553125,1.6965657868907598,1.1112207751411338,0.7144801519531703,0.3874743229178603,-0.02193148170264192,-0.5259446656987357,-0.9933356383236327
2.739993625875104,2.4541877846323903,-1.1947578008652142,-1.56754139411452,-1.9491753551118647,-2.3620907883221065,-2.4179396606631816,-2.845809163516662,1.8952412835795016,1.511318434371457,1.1212918832682128,0.858527516679877,0.3247587859446861,-0.2091625373378847,-0.6271135246116664,-1.02339637015749
2.9682720767555626,2.4221433496825933,-1.3099651741371034,-1.5368702920911428,-1.9406301724585853,-2.1167219721350894,-2.5389455507355105,-2.7554743754677107,2.0891864112994636,1.4821732578218796,1.0247008007766818,0.6885394188985727,0.2533454737708527,-0.06938776393781754,-0.3616024921704908,-0.9471000964674969
2.868171365674292,2.5240751713324237,-1.1228867110492406,-1.7448539341700635,-1.8724213037797317,-2.3314196862987293,-2.684518840936017,-2.7266343840128933,1.8845598052629025,1.58746211551407,1.1574563169972696,0.7822312429898841,0.28798398202610953,-0.08785146217079598,-0.5517328062059532,-0.7627682992324738
2.9075402428983286,2.490657403456207,-1.2788362944715863,-1.7451591192648235,-1.9110272182668684,-2.1234360442198086,-2.4566981676976978,-2.8940284084887375,1.9866442194601133,1.520779172309016,1.2111688936750247,0.6485601714850163,0.4480535642277148,-0.16307958802912892,-0.4798617163899799,-0.8892675210104821
2.713442522630986,2.4747877785286883,-1.1221237483123407,-1.696176911555848,-1.910264255529968,-2.1466301114215667,-2.5462699930097497,-2.825209169620364,2.1335908425870396,1.4775954814004801,1.1710370537140882,0.7161586699743501,0.39479876519209967,-0.01994777858670216,-0.5499016956373934,-0.7797060719916522
2.9099817236564083,2.3394381890026406,-1.358184419109179,-1.5724243556306794,-1.9740479403348026,-2.304410805412472,-2.596472941097765,-2.8322284267998437,2.033337538958389,1.4429569731452232,1.053540792231499,0.7201260762062298,0.36931580977964207,-0.2212173485809037,-0.45102172493516246,-0.8334186486694073
2.7549476955183425,2.444879639242211,-1.3157636909375428,-1.5777650947889788,-1.8193190972914968,-2.1621945512543252,-2.664224032134479,-2.8841098929090387,2.001598289103352,1.6794754215842014,1.2435185137195817,0.7904712405484033,0.3291839698187057,-0.1812381011673474,-0.6188735270531471,-1.0084423005142513
2.8780898812539912,2.336691523149801,-1.3098125815897235,-1.6575709970687114,-1.9378835066057456,-2.259548596482756,-2.5833499820230865,-2.7199203119281736,2.099104926879163,1.7139613372920783,1.0318726505035412,0.738589774439208,0.28691583419444955,-0.07762776149633677,-0.3988350737312074,-0.9339771373928181
2.9182217212149277,2.432519642904432,-1.4044199609653147,-1.6113354552125756,-2.0594997668675945,-2.423432992368861,-2.5270433320398715,-2.8610684182546606,1.869453143072284,1.4254088301965249,1.053083014589359,0.8452519650578183,0.34657952022002414,-0.06374183968475822,-0.4084484042161465,-0.9232956590762189
2.7607462123187823,2.4100885384395743,-1.3742066365840775,-1.5049784496887257,-2.0140271877483586,-2.1795901016556436,-2.6701751414822983,-2.923326177585695,1.8758620300622435,1.532833983552035,1.2229185198232835,0.848151223458038,0.4421024548798953,-0.08159516772821651,-0.3999032215628673,-0.8859104849681225
2.8756484004959115,2.294881165167685,-1.2676970385128472,-1.7840702188467197,-1.9938849714942006,-2.3663633796487464,-2.5519159172628094,-2.929887657123034,1.9397983074144576,1.6820694948896613,1.075208933959457,0.7295868141437889,0.3743513638431816,0.02567739307991368,-0.42218173348034527,-1.0398763652745284
2.8541328513153337,2.34691522382426,-1.369476267615298,-1.5850895370632183,-1.9169783276146877,-2.2458152672185574,-2.5383351805459906,-2.8236832441465642,2.077436785151205,1.533596946288935,1.000285993195884,0.6030875923657805,0.44851134186985475,-0.19832846647390578,-0.4839817151692394,-0.8247208734687481
2.946756527574985,2.3488989269402,-1.2628140769966878,-1.5489251033341613,-1.9886968248832813,-2.317533764487151,-2.5844181298547464,-2.8798373015823993,1.9376620117511378,1.5502295339533534,1.0819230060441765,0.6018668519867406,0.31178841941738733,-0.1360707071428715,-0.5161787426664166,-0.8137342100573892
2.900826170813609,2.393455950775156,-1.2919592535462652,-1.5333606635014028,-2.064535320931134,-2.3300463533723095,-2.4969826002060143,-2.9181380309747755,2.0394412408535882,1.684205790552981,1.1348726199850316,0.7662090255149855,0.19108771443981842,-0.008503337533203315,-0.6341327817911457,-1.0266008136524696
2.8977743198660093,2.4706677797494287,-1.325071836327722,-1.6247635993820144,-1.9130109213828081,-2.294187104738013,-2.497440377848154,-2.715952905696294,2.009380509019731,1.565183603596592,1.04240153627276,0.630401658346798,0.3300995251029857,-0.08754627707603602,-0.5001565251915181,-1.0415548832957082
2.6908588256187485,2.3554604064775395,-1.3163740611270627,-1.6513147026261321,-2.077505687458433,-2.294797474927533,-2.5836551671178465,-2.7196151268334137,2.119247143133321,1.58730952296669,1.0938252247398155,0.6105646271873998,0.4269957926892767,-0.2083995746009848,-0.4864231959273193,-1.0084423005142513
2.8420780400723142,2.3955922464384756,-1.2684600012497471,-1.595313237737677,-2.0392049580660565,-2.304105620317712,-2.4928626014267548,-2.9585750560304716,1.8233701937635283,1.596922853451629,1.1222074385524927,0.6922016400356923,0.272266949645971,-0.18276402664114721,-0.43667802548144374,-0.8604275295556647
2.660492908690131,2.498439623372586,-1.1952155785073542,-1.7057902420407869,-1.979693864587862,-2.293271549453733,-2.563970728505828,-2.856338049285881,1.8961568388637815,1.6797806066789613,1.141586692069751,0.6178890694616391,0.38549061980192056,-0.2100780926221646,-0.5297594793832352,-1.0276689614841295
2.6394351371516933,2.3188381951063426,-1.3842777447111567,-1.7108257961043267,-1.8429709421353944,-2.345763385752448,-2.500034451153614,-2.8439780529481022,2.0699597503295855,1.4492132675878027,1.0845170793496361,0.674043126897474,0.2531928812234727,-0.09136109076053556,-0.6414572240653851,-1.0482689553804274
2.693452898924208,2.34676263127688,-1.1593563298730571,-1.5296984423642832,-1.8985146293817095,-2.1692138084338044,-2.531315923366511,-2.972155792747291,1.9716901498168746,1.4328858650181442,1.139450396406431,0.6795364586031535,0.16697809195378066,-0.24090178719292177,-0.6068187158101281,-0.882248263831003
2.796758053500459,2.294575980072925,-1.2426718607425298,-1.6864109885235288,-2.1029886428708906,-2.4084789227256223,-2.4768403839518562,-2.7238877181600536,2.0612619751289265,1.4606577086413015,1.1885851966627867,0.7721601348628049,0.3598550718420829,0.001109992951735972,-0.48337134497971945,-1.02309118506273
2.720004002168326,2.4844011090136275,-1.317747394053483,-1.6212539707922748,-2.063772358194234,-2.357207826805947,-2.607764789603884,-2.9268358061754345,1.868690180335384,1.4521125259880225,1.1454015057542506,0.696474231362332,0.1445469874889227,-0.14415811215401075,-0.5129742991714368,-0.8109875442045493
2.6679699435117508,2.2362856269737703,-1.1915533573702346,-1.6035532352961965,-1.9008035175924092,-2.171655289191884,-2.709086241064195,-2.86579878722344,1.8316101913220475,1.6040947031784885,0.9912830329004648,0.5917957438596616,0.35069951899928375,-0.00636704186988335,-0.4844394928113793,-0.9442008380672773
2.7172573363154857,2.45479815482191,-1.357268863824899,-1.6441428528992725,-1.9090435151509282,-2.382080412028885,-2.6431662605960407,-2.7954536228812668,1.8323731540589474,1.6777969035630216,1.1142726260887335,0.5788253773323627,0.36260173769492265,-0.2787447389431583,-0.5964424225882892,-0.8930823346949817
2.8536750736731937,2.2170589660038917,-1.4569117972640298,-1.608588789359736,-1.9214035114887071,-2.205683427257621,-2.6108166405514837,-2.8526758281487616,1.836645745385587,1.4865984416958993,1.1458592833963905,0.6477972087481164,0.25639732471845245,-0.13027219034243198,-0.5196883712561562,-0.8111401367519293
2.7094751163991067,2.2605478420071883,-1.4433310605472114,-1.628273227971754,-1.870742785758552,-2.359496715016647,-2.5154462984389925,-2.8690032307184197,1.9295746067399984,1.3839036573091688,1.1981985271477258,0.5458653870982858,0.23778103393809413,-0.018879630755042287,-0.5593624335749525,-1.0485741404751874
2.8013358299218583,2.469447039370389,-1.2431296383846697,-1.6139295285180357,-2.0527856947828753,-2.171807881739264,-2.524144073639652,-2.783246219090868,2.054242717949447,1.5499243488585934,1.0024222888592038,0.5644816778786441,0.3793869179067211,-0.30300695397657607,-0.4176039570589456,-1.064291172855326
2.7676128769508814,2.3637004040360585,-1.3189681344325228,-1.6684050679326905,-1.8882909287072502,-2.395661148745704,-2.7309069753395327,-2.7539484499939104,2.0489019787911475,1.5795273030503107,1.1457066908490106,0.5266387261284076,0.35832914636828306,-0.1546869979232297,-0.6562587011612435,-1.0381978472533486
2.6055595916333365,2.4851640717505274,-1.4323443971358523,-1.5977547184957568,-1.9859501590304411,-2.3211959856242705,-2.519261112123492,-2.971698015105151,1.9842027387020336,1.5699139725653715,1.0083733982070233,0.575163156195243,0.3937306173604398,-0.07228702233803741,-0.5592098410275725,-1.0842807965621044
2.7093225238517267,2.4859270344874274,-1.205744464276573,-1.6253739695715343,-2.0045664498108,-2.2877782177480537,-2.6237870070787825,-2.8722076742134,1.9011923929273211,1.4077080947004466,1.2023185259269853,0.7594949534302662,0.3844224719702606,-0.19207217203132632,-0.4951209711279785,-1.0627652473815261
2.707338820735787,2.215227855435332,-1.2852451814615455,-1.6034006427488166,-2.1155012317560495,-2.2964759929487126,-2.6942847639683363,-2.747997340646091,1.848090186439086,1.5569436060380728,1.207506672537905,0.6230772160725587,0.24586843894923338,-0.10173738398237475,-0.6793001758156214,-0.9928778606814928
2.699556600819408,2.207750820613713,-1.2031503909711132,-1.7257798657475654,-2.065450876215414,-2.423127807274101,-2.7566951158467505,-2.961626906978071,1.9187405358760194,1.4460088240928228,1.2105585234855045,0.5917957438596616,0.2483099197073132,-0.15209292461777002,-0.5370839216574745,-0.8645475283349247
2.695131416945388,2.3702618835733977,-1.4402792095996113,-1.740276157748664,-2.0385945878765366,-2.3301989459196895,-2.576025539748847,-2.857711382212301,1.989238292765573,1.4556221545777621,0.9409274922650694,0.6604623901806552,0.15370254033172182,-0.07045591176947763,-0.4653654243888812,-1.0520837690649274
2.649964022920912,2.469752224465149,-1.2887548100512856,-1.6613858107532113,-2.019520519454038,-2.279843405284294,-2.5198714823130124,-2.9755128287896504,2.0559212359706267,1.6062309988418082,1.2097955607486046,0.5808090804483026,0.1538551328791018,-0.2718780743110589,-0.5961372374935292,-0.9255845472869186
2.803929903227318,2.3202115280327624,-1.2142896469298523,-1.5829532413998986,-2.055684953183095,-2.345915978299828,-2.619056638110003,-2.76188326245767,1.9729108901959145,1.445093268808543,0.9462682314233689,0.6490179491271563,0.30721064299598777,-0.17315069615620815,-0.4581935746620218,-1.064596357950086
2.8192294367349198,2.27157478418815,-1.3181648929260197,-1.7895232717827962,-1.9187691594136442,-2.226243142384316,-2.5315808296916678,-2.7824429775843647,1.7895349270147745,1.4350624394510672,1.1365914167758147,0.6933100666369554,0.2774953750264937,-0.10337562323395133,-0.4393844125646804,-0.9687279594258515
2.715924282158669,2.194668140308637,-1.3015323052616012,-1.671569232658067,-1.9698876627859394,-2.2570668369550733,-2.7056889262522317,-2.736817805917749,1.7867882611619348,1.6393838603928683,0.958821099078131,0.5600967727742276,0.2687975998258345,-0.21980373688488064,-0.55123474979421,-0.9734583283946314
2.612008757392899,2.27157478418815,-1.3257945202950188,-1.6344892436447305,-1.9190743445084042,-2.322681632328467,-2.539820827250187,-2.767794093035886,1.916797111529683,1.612374979506611,1.1233158651537558,0.6040434264196637,0.1659502228917239,-0.31593704173427173,-0.6881102647940576,-0.8585561402175017
2.7591079730672057,2.281493299767849,-1.375997468383034,-1.7132269980928032,-1.989266916303198,-2.269732018387612,-2.747651876781728,-2.975930327662187,1.83912750491327,1.4852653875390827,1.208767691686548,0.6734730354775573,0.17083318440788353,-0.237199287286199,-0.5922821450394262,-0.8635916942810415
2.6806754037138925,2.3884606754812197,-1.2235575135504284,-1.6845395991853658,-1.9784328454392188,-2.3188668186439676,-2.6190163593404,-2.9315258963746107,1.8580489807883884,1.5534742562179362,1.2000699164858888,0.5987026872613641,0.23934723818149717,-0.2925903819851339,-0.715271738227695,-0.8989931652731982
2.70951539516871,2.4290502930842957,-1.2882567536395424,-1.778994386013577,-2.1229379878080654,-2.278429793588271,-2.683410414334754,-2.986916991073546,1.7611527132020972,1.5652238823661953,0.9254033312019141,0.6792715522779967,0.11940949594082828,-0.16670153039664548,-0.6810910076145782,-0.9591146289409127
2.8247227684405996,2.3999051165347183,-1.4013278312481119,-1.594052218589034,-2.158339458800222,-2.2553883189338935,-2.572017854747364,-2.889257760750355,1.7553541964016577,1.5080016770987004,0.9939173849755277,0.6716419249089974,0.28893981607999264,-0.23307928850693926,-0.7477739508196319,-0.9348524139074947
2.689678364009312,2.3448192069305436,-1.367604878277135,-1.7062077409133236,-2.18397500676006,-2.4691704778132535,-2.780154089373665,-2.793124455900964,1.905657855570944,1.4962520509504416,1.0337440398417042,0.5765767678912661,0.19219614104108151,-0.1656333825649856,-0.5707665958588484,-1.0253397945038265
2.5897302454754207,2.2428873852807127,-1.227830104877068,-1.683471451353706,-2.0234476469163147,-2.463371961012814,-2.530054904217868,-2.772677054552046,1.872240087694727,1.3593765359505943,0.9286077746968937,0.5268315974453908,0.07836210069561189,-0.25215335692943763,-0.6652213826870597,-0.9516375941192932
2.569130251579123,2.195583695592917,-1.2212686253397282,-1.6979677433548046,-2.0884520721001887,-2.4185097520830983,-2.7331555847806293,-2.9341199696800713,1.8475200950191693,1.4289587375558677,1.1559706702930728,0.6742359982144572,0.13833097181594645,-0.30647630379671265,-0.5678673374586285,-0.9682701817837116
2.7688738960995245,2.3141481049071664,-1.4489367060306675,-1.738557360957881,-2.1410965009462837,-2.3647971754053434,-2.6524341272166168,-2.928779230521771,1.9944667181460956,1.5260075976895389,1.024588486998905,0.47769679718903524,0.24270427422385688,-0.08079192622171338,-0.6005221425979455,-1.0758479276866018
2.5640946975155834,2.3074340328224467,-1.235001954603927,-1.7228403285777425,-2.1558979780421423,-2.2938416408736497,-2.5656089677574045,-2.9647910717034485,1.8832267511060858,1.448795768715266,1.111261053910737,0.6901056231419758,0.2790213005002935,-0.2780940899840352,-0.6318036148108426,-1.1341382807857565
2.701733175252331,2.2692858959774505,-1.489678916181124,-1.6103796211586925,-1.9824002516710983,-2.272173499145692,-2.5266978681755083,-3.0201821664023827,1.7294134633470601,1.4603928023161448,0.8993100055999365,0.546516036057409,0.18929688264086175,-0.2651237234567363,-0.6398910198219818,-0.9739161060367714
2.6377968979001167,2.265928859935091,-1.3720300621511545,-1.8148536346478736,-2.208389814340858,-2.2529468381758133,-2.629240060014859,-2.9553303337658887,1.8310400999021308,1.5756001755880342,0.915332223074835,0.6513471161074593,0.307250921765591,-0.28435038442661464,-0.6751398982667587,-1.1101812508470985
2.674876886913453,2.2235081317634546,-1.2523975050052454,-1.816379560121674,-2.021311351252995,-2.488702323877892,-2.6683037521441353,-2.9252696019320314,2.0065215293891145,1.4492535463574059,0.9670610966366502,0.46564198594601636,0.19677391746248107,-0.3672081376539471,-0.5225473508867726,-1.053722008316504
2.8000027757650416,2.4159273340096172,-1.4744196614431253,-1.7739588319500377,-2.171615010422281,-2.444145300042936,-2.703552630588912,-2.8921570191505745,1.9315985886255413,1.4631394681689847,1.0810477295294998,0.5948878735768645,0.1880761422618219,-0.1453385737634474,-0.563899931226749,-0.9241709355908956
2.721875391506489,2.151637041947481,-1.4179604189125303,-1.738709953505261,-1.9347913768885427,-2.407980866313879,-2.7209481809902303,-3.0380354944458414,1.7770223381296157,1.414004667912629,0.9392892530134928,0.5762715827965061,0.2161531709797393,-0.16441264218594576,-0.5407058640249911,-0.9629294426254122
2.8079375882288007,2.361756979689722,-1.2617056503954247,-1.7655662418441382,-2.07426096519385,-2.4064549408400793,-2.5962800697807817,-2.976998475493847,1.94670525081616,1.3001706275671596,1.1178225334480765,0.5666582523115671,0.15801541042796463,-0.19599929949360284,-0.7164924786067348,-1.0445664554737046
2.6228428282568776,2.1873436980343977,-1.3453263663596569,-1.7260447720727221,-2.1032535491960473,-2.3145942273173277,-2.6565541259958763,-2.768099278130646,1.914203038224223,1.5101379727620203,1.023825524262005,0.6292211967373613,0.1702228142183635,-0.25016965381349787,-0.6397384272746018,-1.0904968122350804
2.765211674962405,2.16689629668548,-1.5320996443527597,-1.7208566254618023,-2.0478624544971122,-2.269884610934992,-2.7432266929077085,-3.0273540161292427,1.7606949355599573,1.5093750100251204,1.0325232994626643,0.622049347010502,0.1259709754781677,-0.38780813155024507,-0.6054051041141051,-0.88037687449284
2.805343514923341,2.3240666204868656,-1.4715204030429052,-1.8920654636221466,-2.1096624361860066,-2.483666769814352,-2.7748133502153656,-2.9408340417647905,1.9128297052978032,1.5278387082580986,1.025656634830565,0.6846122914362962,0.2533857525404559,-0.23323188105431925,-0.7183235891752946,-1.0656242270121425
2.82258647277728,2.354737722510243,-1.4616018874632064,-1.6363203542132903,-2.0275676456955742,-2.454521593264775,-2.7085881846524518,-2.7763392756891654,1.9793600559554771,1.5479809245122569,1.0284033006834046,0.5259160421611109,0.2724598209629542,-0.28694445773207433,-0.5553547485734698,-0.8811398372297399
2.5431895185245255,2.1147096454815246,-1.5116522430038417,-1.816379560121674,-1.940742486236362,-2.280413496704211,-2.803805934217563,-2.7967866770380834,1.9897363491773161,1.491521681981662,0.9467662878351121,0.5118775278021521,0.03243174393423631,-0.23780965747571892,-0.628141393673723,-0.9581990736566328
2.577522841685022,2.407382151356338,-1.3045841562092009,-1.8743647281260682,-2.0512194905394723,-2.471459366023953,-2.684173377071654,-2.772371869457286,1.8305823222599908,1.4074431883752898,0.9057188925898959,0.6525678564864992,0.1497754128694454,-0.27595779432071543,-0.5448258628042506,-1.0370894206520855
2.657481336512135,2.1710162954647396,-1.3592122881712356,-1.7440506926635604,-1.985909880260838,-2.2616446133764727,-2.799838527985683,-2.992715507873985,1.8838371212956058,1.3596817210453542,0.9858299799643885,0.4900567935268141,0.24545094007669666,-0.3043400081333929,-0.7738672764216097,-0.9789516601003108
2.5743183981900426,2.266539230124611,-1.4931885447708635,-1.663176642552168,-1.9599691472062406,-2.422324565767598,-2.5904815529803424,-2.879797022812796,1.8640000901362077,1.3139039568313584,0.9615677649309707,0.4854790171054145,0.1822776254613825,-0.35255925310546843,-0.5051518004854543,-1.1791530822628524
2.516028045090888,2.3646562380899416,-1.3853056137732134,-1.6859129321117856,-2.138044649998684,-2.3739527282481423,-2.5472978620718063,-2.9003970167090936,1.7556593814964176,1.3256535829796172,0.9382211051818329,0.7071959884485342,0.10277690827640984,-0.388265909192385,-0.6136451016726243,-1.1790004897154724
2.804580552186441,2.3336799509718045,-1.4377974500719284,-1.7960847513201355,-1.998117284051237,-2.39913049856584,-2.675780786965755,-2.878576282433756,1.8511823161562888,1.4275854046294478,1.089898097277539,0.4175753335213208,0.16625540798648386,-0.13023191157282876,-0.6208169513994837,-0.9789516601003108
2.530066559449846,2.2927851482739685,-1.3170967450943598,-1.7750269797816975,-2.066478745277471,-2.466728997055174,-2.734528917707049,-3.0142310570545634,1.829514174428331,1.5485912947017768,0.8976314875787567,0.47235605803073577,0.20226724916816063,-0.237046694738819,-0.8037754157080867,-0.9102850137793173
2.741865015213267,2.3783895673541404,-1.348378217307257,-1.8670402858518291,-1.984689139881798,-2.4368208577686965,-2.5764430386213837,-2.789767419858604,1.708508284356002,1.317566177968478,1.0383218162631036,0.41467607512110105,0.2677294519941745,-0.259325206656297,-0.704590259911096,-1.0576894145483835
2.719281318201029,2.3266606937923253,-1.4730463285167055,-1.626859616275731,-2.0025424679252564,-2.548060824808706,-2.624967468688219,-2.904211830393594,1.9715778360390979,1.3689898664355333,0.9800314631639491,0.6592819285712186,0.16015170609128448,-0.31334296842881204,-0.8063694890135467,-1.0628775611593029
2.726032638359169,2.3985690316817188,-1.3265202349584984,-1.6223971843282912,-2.027225212527394,-2.17600294622288,-2.3891747349127206,-2.6534650269748563,1.9505573125740803,1.5332166954898185,1.1209116324690964,0.6139991900727831,0.4205118399949609,-0.14545391823740705,-0.6308508114531424,-1.0092803289555077
2.832542236430399,2.4060460665033383,-1.1073973369208385,-1.4588179735369464,-1.9816000408607781,-2.2791555082517507,-2.457231011044194,-2.72426796895917,1.895623995517285,1.4593619025579052,1.0752864608024806,0.7098273098274143,0.19223338911450183,-0.23655166902325875,-0.623678961726283,-0.7352241138610527
2.8679437074225556,2.4144386566092377,-1.3260624573163584,-1.4775868568646846,-1.8515911904930302,-2.297466613937349,-2.4447184221590357,-2.692986496746273,2.025938030979793,1.6166848189066707,1.1250316312483561,0.7026554601005549,0.1720911728603438,-0.200387235294202,-0.40379310095172327,-0.9325262776233747
2.9144844343734517,2.486309746425211,-1.1099914102262982,-1.5116149949304214,-1.7917749119200757,-2.207284418435777,-2.5997524502971014,-2.780116841300245,2.125123186776784,1.539015212290258,1.2149086416551678,0.6181191888520428,0.40555777035172225,-0.23914574232871844,-0.36808644486480646,-1.0011929239443682
2.93065924439573,2.4554860518544537,-1.2808950632918825,-1.711816417092963,-1.9022519162231855,-2.148994065336623,-2.3804769597120616,-2.877318293981296,2.0636283901826498,1.6989322019444832,1.1753871718837514,0.8242717203624037,0.21008671715796035,-0.17002131836558476,-0.5679826819325882,-0.776729286748409
2.7889007678797233,2.413980878967098,-1.316754311926179,-1.4598861213686063,-1.8914178453592063,-2.2385658906486743,-2.5168946970697688,-2.6604842841543355,2.137177998019803,1.593795936799673,1.059874613517102,0.7195932328597334,0.311865946260411,-0.13767169832102777,-0.37266422128620613,-0.9424447932030735
2.912958508899652,2.299994246074248,-1.1145691866476977,-1.5805868263461749,-1.937958572310102,-2.080480011563009,-2.5735065321477437,-2.6012783757709013,1.9037114005284246,1.4346419098823475,1.1830167992527507,0.7205087881440133,0.18384079900860262,-0.12683762745704885,-0.5312078780140115,-0.7422433710405323
2.8154518711238405,2.3848357024175204,-1.252512849479205,-1.7543897378119788,-2.0534711306767517,-2.3800191820699212,-2.4120636170197187,-2.8806753300236556,2.0207498843688736,1.4328107993137877,1.257176777279424,0.6484851057806599,0.18338302136646267,-0.07465097625309358,-0.43476938806986043,-0.7927515042233075
2.935542205911889,2.2609305539449718,-1.1531751011348343,-1.5299261006160196,-2.0450785405708523,-2.3565199297734036,-2.4535687899070746,-2.6003628204866214,1.8832639991795062,1.6877929459857444,1.0307294369675248,0.8178628333724444,0.38938296032944375,0.016446774532758113,-0.47978418954695634,-0.7956507626235272
2.876031112433695,2.5287304745968466,-1.1450876961236949,-1.63658829123463,-2.078343715899689,-2.254740700670953,-2.4415139786640556,-2.8965449549511737,2.06088172432981,1.4747737498432838,1.2254375274243867,0.723255453996853,0.3397903824309483,-0.03329839591311745,-0.5296819525402117,-0.8508892647750823
2.941188130164949,2.2850401764310093,-1.2261143387824678,-1.6967097549023444,-2.038669653580893,-2.258097736713313,-2.603567263981601,-2.8509197832845583,1.9359084280256016,1.5319959551107787,1.1735560613151916,0.7269176751339727,0.26944521808877475,-0.09372504467559173,-0.47810567152577654,-0.9686907113524312
2.6741511722499736,2.3097601691065672,-1.3252994945794585,-1.538471283269299,-1.7949793554150553,-2.3011288350744685,-2.4146576903251784,-2.9046323599623136,1.8402329008183502,1.5480181725856772,1.255650851805624,0.7467547062933709,0.24731929871867675,-0.1375191057736478,-0.5109130692124735,-0.8818655518932195
2.694445981051512,2.253758704218112,-1.2659409936486439,-1.6082060774219524,-2.0615585356878907,-2.18149627792856,-2.6594161363226756,-2.869536074064916,1.8927247371170655,1.549849283154237,1.1380019977756548,0.7430924851562513,0.2137489382950799,-0.05176209414609567,-0.4687975261355972,-0.7587233661575707
2.935389613364509,2.3263927567709857,-1.3274357902427782,-1.5827231220094946,-1.9605422693223402,-2.2732043989039314,-2.39436288152364,-2.6420205859213572,2.037687657128052,1.4898804120339024,1.0101294430712267,0.6065221552511638,0.31888520343989013,-0.05160950159871569,-0.41004939539430274,-1.015536623398087
2.6814756145242127,2.2830564733150696,-1.3082091292729001,-1.6823660554486257,-1.9846518918083778,-2.1384651795674037,-2.5104858100798095,-2.6139435572034397,2.081176533131348,1.4337263545980676,1.0224894394090054,0.6454332548330602,0.3590170434008265,-0.19214723773568276,-0.5724078658066079,-0.9290166490336351
2.7068059773892905,2.5119452943850487,-1.3884728091947727,-1.5827231220094946,-1.8598311880515492,-2.1407540677781034,-2.3961939920922,-2.886473846824095,2.029295067022153,1.4473070913148864,1.0234049946932855,0.5738673501118468,0.4147133231945215,-0.18085538922956368,-0.4366004986384202,-0.8482951914696222
2.9109748057837117,2.4229838392625167,-1.1920862007167305,-1.7278386345678616,-2.007235588820616,-2.3568251148681636,-2.598989487560201,-2.781947951868805,1.8255840162698715,1.484844857970363,1.1975130912538494,0.5981295651452645,0.2885192865112731,-0.09052060118061211,-0.4877190020107156,-0.8081633515086861
2.657823769680315,2.4336653175791154,-1.2491558134368455,-1.6423868080350692,-2.006167440988956,-2.3893273274601006,-2.3890221423653406,-2.756464996456347,1.9882476717769366,1.5764003863983547,1.201938275127869,0.7049443483112547,0.14172525593172658,-0.17108946619724463,-0.6784596862356982,-0.9412240528240337
2.9126533238048915,2.3581320066260227,-1.1591262104826536,-1.5441172075223584,-2.0565229816243513,-2.3797139969751613,-2.4204562071256177,-2.7125183428109105,1.8475573430925896,1.4144996936281895,1.1051946000889579,0.5491473574362891,0.23267041417019807,-0.06274875755745457,-0.3914331046139443,-0.9906640381751495
2.679491911408273,2.49332900360469,-1.352766153107856,-1.5563246113127573,-2.0409585417915928,-2.219949599868316,-2.5950220813283216,-2.7109924173371107,1.9839750804502971,1.4427293148934868,1.1238108908693163,0.5402969896882499,0.35367630424252705,-0.10837392922407041,-0.5016049238222944,-1.0219455103880466
2.638749701257817,2.307318688348487,-1.2544965525951448,-1.5206179552258403,-2.0878044538372484,-2.265727364082312,-2.623404295140999,-2.7845420251742645,1.8652580785886679,1.5426774334273776,1.059874613517102,0.5312940293928307,0.16888672936536397,-0.2655442530254559,-0.6387856239169016,-0.9363410913078742
2.7846281765530834,2.4267986529470162,-1.3457468959283765,-1.7095275288822633,-1.9335333884360826,-2.2489421838705135,-2.5890709719805023,-2.749445739276868,1.9835173028081572,1.5214670693415595,1.2388656715938255,0.6046910446826039,0.15133858641666564,-0.2197664888114601,-0.6500774724230207,-0.8829336997248793
2.7631126273725055,2.4240519870941766,-1.3265202349584984,-1.7382149277897003,-2.084905195437029,-2.28953180147359,-2.6095183733294203,-2.918365689226512,1.7936921738674545,1.5991366759579724,1.0473620246319433,0.6613028797605788,0.12097266948804841,-0.09631911798105164,-0.5627945353216686,-1.070927718097022
2.808432613944361,2.2047764965091368,-1.2781483974390428,-1.5778401604933352,-1.9816000408607781,-2.4087065809773587,-2.4994991466684504,-2.7123657502635306,1.8501514163980493,1.396646365584731,1.069487944002041,0.6071325254406837,0.18200968844004284,-0.27302128784707524,-0.5461619476572501,-0.98272922571139
2.8815244441393744,2.4957704843627697,-1.3262150498637384,-1.667869763447527,-2.059117054929811,-2.340955489940645,-2.6334754032680783,-2.8744190355810764,2.0450120994022916,1.6229411133492504,1.0256938829039852,0.5407547673303899,0.16003636161732482,-0.2928583190064735,-0.5746967540173076,-0.9856284841116096
2.7072637550314305,2.332038681024045,-1.3027157975672208,-1.5279423975000799,-1.9107970988764644,-2.2471110733019537,-2.407791025693079,-2.8806753300236556,1.9446062032262605,1.562361872039396,1.0092138877869468,0.6411606635064205,0.24030004153919737,-0.17627761280816423,-0.6902093123839568,-0.9453440516032936
2.71168893890545,2.244755743922693,-1.3082091292729001,-1.6712267994898866,-2.0504192797291516,-2.225900709216136,-2.603414671434221,-2.853819041684778,2.0279217340957327,1.3624656349716142,1.2245219721401068,0.7551472963992701,0.10403489672887001,-0.23380500317041886,-0.6639633942345993,-0.9374092391395341
2.8598563024114165,2.3479083059515635,-1.3753498501200938,-1.6165986675278519,-2.0748340873099496,-2.1276311087034245,-2.648429472911317,-2.7755390648788447,1.9238536167825826,1.6215677804228303,1.1238108908693163,0.5847014209758258,0.16736080389156416,-0.2783620270053748,-0.5603530545635889,-1.0603988323278029
2.6932252406724717,2.2272076009739945,-1.429977982082129,-1.8007778722154946,-2.1265629608717647,-2.265574771534932,-2.6803213153137335,-2.8985286580671135,1.9482684243633803,1.4755367125801837,0.9455827955294926,0.7746791424639083,0.11746304089830883,-0.03818135742927686,-0.6981441248477163,-0.9485484950982732
2.8667229670435157,2.3259349791288457,-1.2551069227846647,-1.591573489757534,-1.9559644929009403,-2.329511048887146,-2.6089080031399003,-2.6594161363226756,1.9421647224681808,1.4866759685389228,1.1509723643029537,0.7002139793424752,0.15133858641666564,-0.1688005779865449,-0.7135559721330949,-1.083440306982181
2.787222249858543,2.3340223841399848,-1.3523083754657161,-1.7995571318364547,-2.083684455057989,-2.3969569548291,-2.6783376121977938,-2.8910516232454944,1.908594362044584,1.4294537632714281,0.9622153831939111,0.7539265560202302,0.11212230174000926,-0.2658494381202159,-0.42271457682684144,-0.8072477962244062
2.7501422608452066,2.27420610556703,-1.4044950266696712,-1.7911645417305557,-1.9638993053646998,-2.147315547315443,-2.5300176561444476,-2.93499827689093,2.050658023655351,1.3794034077307926,1.0998538609306583,0.734089524860832,0.12738155647800786,-0.17765094573458406,-0.6842582030361375,-0.8351722323949438
2.777303734278844,2.3903290341231997,-1.438675757282788,-1.700982346228984,-2.045994095855132,-2.1726459101805204,-2.6647568754809754,-2.854276819326918,1.908441769497204,1.6003574163370122,1.1199960771848165,0.6315473330214815,0.3463518619682877,-0.11722429697210957,-0.6615219134765196,-0.9673173784260114
2.654314141090575,2.4348860579581553,-1.188576572126991,-1.644370511151009,-1.9371956095732021,-2.2916680971369097,-2.6057035596449207,-2.645682807058477,1.897149920991085,1.5313855849212588,0.952144275066832,0.517408107581252,0.07733120093737256,-0.17551465007126432,-0.4852775212526357,-1.1020565977625392
2.8682488925173155,2.4557912369492136,-1.256327663163705,-1.5296209155212597,-1.865629704851989,-2.2608444025661525,-2.6601790990595755,-2.6520916940484365,1.84420030705023,1.4746211572959038,0.9362746501393134,0.7308850813658523,0.22549856444333893,-0.13339910699438806,-0.6163545194520437,-1.048038835990024
2.845207417862938,2.3846831098701404,-1.2758595092283431,-1.7707171403816373,-2.0420266896232526,-2.188362942560659,-2.6827627960718132,-2.7753864723314647,1.9266002826354223,1.582809273388314,0.9606894577201113,0.5657799451007075,0.33002445939862923,-0.1741413171448445,-0.6076567442513845,-0.9364936838552542
2.787374842405923,2.224155750026395,-1.3750446650253338,-1.5999660798634334,-2.0229526212007545,-2.3453806738146645,-2.6379005871420977,-2.8886101424874147,1.808951428605453,1.4471544987675065,1.0998538609306583,0.5593710581107482,0.10189860106555026,-0.09601393288629168,-0.5673723117430682,-1.034305506725825
2.8110266872498206,2.234989820890374,-1.2381691500254863,-1.5804342337987949,-1.872954147126228,-2.3791036267856414,-2.5616043134521047,-2.648734658006077,1.8806699258740465,1.4839293026860831,1.0508716532216829,0.5789029041753864,0.3611533390641464,-0.32505534650365053,-0.5205263996974125,-0.9560255299198923
2.6836119101875324,2.223850564931635,-1.2682298818593436,-1.6178194079068917,-2.1267155534191446,-2.3255436426552665,-2.5248295095335282,-2.8089568327550616,1.7930818036779346,1.3227915726528179,1.071929424760121,0.6092688211040035,0.07458453508453267,-0.22724352363307943,-0.6725085768878785,-0.9767781163635707
2.7614341093513257,2.331123125739765,-1.3500194872550164,-1.6741260578901063,-1.9523022717638208,-2.4212191698625176,-2.5953272664230815,-2.9310308706590504,1.997708409714496,1.4940004108131621,1.1193857069952966,0.6407028858642806,0.29309706293267257,-0.3210879402717708,-0.4709338217989172,-0.9444284963190137
2.8275066823668595,2.3175423890229463,-1.4121246540386707,-1.579213493419755,-2.113287409249706,-2.316388089812467,-2.5007198870474903,-2.6984798284519522,1.9832121177133972,1.5156685525411202,1.1854582800108304,0.5566243922579084,0.289434841795553,-0.29011165315363363,-0.668235985561239,-0.9918847785541893
2.728321526569869,2.3529438600151034,-1.3893883644790526,-1.7435556669480001,-1.9310919076780029,-2.387496216891541,-2.4901910012782715,-2.9282842048062108,1.8132240199320928,1.581741125556654,1.0351546208415443,0.6201028919679825,0.2953859511433723,-0.29529979976455323,-0.5843100845022466,-1.0504803167481036
2.71184153145283,2.3022831342849477,-1.4861320395179636,-1.7708697329290173,-1.9475719027950413,-2.348890302404404,-2.6983272359045722,-2.683678351356093,1.863579560567488,1.549086320417337,1.1450212549551342,0.7623191461261294,0.3394851973361883,-0.18802723895642304,-0.4687975261355972,-0.9613662690781921
2.5650475008732836,2.2145424195414556,-1.2372535947412064,-1.7705645478342573,-2.0878044538372484,-2.266337734271832,-2.50590803365841,-2.6868827948510736,1.9597128654168792,1.4251811719447884,0.9390213159921532,0.4696466402513164,0.2842466951846334,-0.22190278447478007,-0.5638626831533284,-0.8888848090726986
2.8511585272107576,2.209354272930536,-1.2726550657333635,-1.5700579405769561,-1.9223941324773435,-2.3690325186585626,-2.603719856528981,-2.731134633591269,2.0146461824736743,1.5558003925020565,0.9272716898438942,0.4713251582724962,0.16415636039658454,-0.26539166047807594,-0.4666612304722775,-1.1325751072385364
2.8473437135262576,2.364846078710742,-1.4777394494120646,-1.7276860420204816,-2.1297674043667443,-2.2620651429451923,-2.5548902413673855,-2.6939020520305528,1.7660729227916772,1.311957501788839,0.9432939073187928,0.5267162529714311,0.22290449113787902,-0.21503611984268067,-0.591481934229106,-1.0399514309788849
2.6819333921663526,2.3047246150430274,-1.257395810995365,-1.8448771184083106,-2.058811869835051,-2.2390236682908142,-2.5564161668411853,-2.9484264210603692,2.0141884048315344,1.3780300748043728,1.0809323850555401,0.5131355162546124,0.0504749125984949,-0.10684800375027059,-0.6325293294743222,-0.9187929483591759
2.7722681802153044,2.286566101904809,-1.297985428598441,-1.578603123230235,-2.091771860069128,-2.1943140519084787,-2.50300877525819,-2.677116871818754,1.9586447175852193,1.538710027195498,1.1326612586173554,0.6130836347885031,0.12127785458280838,-0.22983759693853933,-0.7266789312077737,-0.9497692354773131
2.6622489535543346,2.1884490939394783,-1.429367611892609,-1.6539838416359482,-2.1059629669754667,-2.3362251209718656,-2.548481354377426,-2.683525758808713,1.9366713907625015,1.4671441224742847,0.9263561345596143,0.6017917862823842,0.03155343672337674,-0.33787312048356943,-0.515185660539113,-0.9987514431862885
2.559248984072844,2.2970949876740283,-1.4882683351812833,-1.5770771977564353,-2.037143728107093,-2.3984828803029,-2.469133229739833,-2.805142019070562,1.9600180505116391,1.5118537388566204,0.963283531025571,0.6347517765164612,0.03643639823953615,-0.36228792806436716,-0.6071989666092446,-1.0297277303044257
2.7722681802153044,2.2951112845580885,-1.2802846931023626,-1.8465556364294904,-2.1412118454202433,-2.353925856467944,-2.525439879723048,-2.925232353858611,1.7532551488117583,1.3844389617943322,0.9555013111091917,0.5352614356247103,0.18780820524048236,-0.22449685778023976,-0.7414804083036324,-0.9166566526958562
2.549177875945765,2.3483660835937035,-1.4423379784199075,-1.667564578352767,-2.0572859443612512,-2.225748116668756,-2.525287287175668,-2.7866783208375843,1.9902313748928764,1.5469500247540173,1.0633842421068418,0.582107347670366,0.07199046177907298,-0.24845388771889754,-0.6491619171387406,-1.1569899148193339
2.8142311307448007,2.3936860701655593,-1.3051572783253005,-1.7624771428231183,-1.969850414712519,-2.200875531445818,-2.6858146470194137,-2.7029050123259717,1.9323987994358618,1.29975009799844,1.0328657326308446,0.49635033604281387,0.04666009891399536,-0.37327459147572606,-0.6165071119994237,-0.8827811071774994
2.6053319333816,2.3262401642236057,-1.256480255711085,-1.785213432382736,-1.971528932733699,-2.4424295339483355,-2.6964961253360125,-2.771419066099585,1.8660210413255678,1.3688745219615737,1.1331190362594954,0.5297681039190308,0.07870453386379239,-0.2655442530254559,-0.5466197252993901,-0.974336635605491
2.71184153145283,2.1872283535604384,-1.502306849540242,-1.6323156999079904,-2.025394101958834,-2.3015866127166085,-2.581288752064123,-2.6862724246615537,1.9392654640679612,1.3931367369949914,0.9941072255963281,0.451793312207858,0.081908977358772,-0.33161682604098996,-0.5231204730028722,-0.8724048139556602
2.71214671654759,2.3512653419939236,-1.430588352271649,-1.8560163743670497,-1.9275822790882633,-2.230936263279675,-2.6610946543438554,-2.749750924371628,1.9006595495808247,1.312110094336219,0.844261344069182,0.6370406647271609,0.25403337080339616,-0.33085386330409006,-0.7715411401374896,-1.0903069716142801
2.8110266872498206,2.2137794568045557,-1.373060961909394,-1.677025316290326,-2.169594059232921,-2.39604139954482,-2.6165376305089,-2.7860679506480643,1.73570700586306,1.5533589117439766,0.9474139060980524,0.45316664513427785,0.21481708612673978,-0.3874656983820648,-0.7227115249758937,-0.9268803533703149
2.6767452455554333,2.178530578359779,-1.3675676302037147,-1.796352688341475,-2.1010800054593073,-2.189125905297559,-2.6504131760272567,-2.852598301305738,1.7047307187449228,1.4202982104286288,1.0408005450946038,0.5476214319624892,0.24258892974989732,-0.20298130859966168,-0.7745929910850893,-0.9789144120268904
2.679339318860893,2.345161640098724,-1.4215853919762296,-1.808560092131874,-1.9921289266299973,-2.440140645737636,-2.5498546873038457,-2.7534131455087474,1.7805692147927759,1.3790982226360327,0.9724390838683701,0.635972516895501,0.11303785702428915,-0.36915459269646655,-0.7547559599256908,-1.1531751011348343
2.727405971285589,2.0968935655114866,-1.4734668580854247,-1.8132904611006535,-2.0958918588483875,-2.2304784856375353,-2.548939132019566,-2.7511242572980477,1.6855040577750446,1.4465441285779865,1.038511656883904,0.5889740123024654,0.03552084295525626,-0.3804464412025854,-0.7839011364752682,-1.079778085845061
2.60624748866588,2.38773496081774,-1.3556654115080757,-1.6289586638656304,-2.0108978099577355,-2.3049436487589685,-2.691918348914613,-2.780116841300245,1.8295514225017513,1.3778774822569928,1.1209116324690964,0.6204080770627425,0.09136971529633109,-0.2461649995081978,-0.6368019208009619,-1.123724739490497
2.614640078771779,2.330207570455485,-1.3571913369818756,-1.8044400933526146,-2.143958511273083,-2.484087299383072,-2.494463592604911,-2.8577864479166575,1.8472521579978296,1.453410793210086,1.0247783276197053,0.5738673501118468,0.27097114356257457,-0.30292942713355253,-0.6061308187775847,-0.9981410729967686
2.703296348799551,2.3825468142068207,-1.285930617355422,-1.6315527371710905,-2.1720355399910005,-2.3774251087644616,-2.707177603652611,-2.8985286580671135,1.8355025318495706,1.4668389373795245,1.1160286709529368,0.4108985095100218,0.2113074575370002,-0.12790577528870872,-0.5641678682480886,-1.0765736423500814
2.5110297391007688,2.136415035282903,-1.3310980113798978,-1.6581038404152078,-1.905303767170785,-2.39482065916578,-2.5774739383796232,-2.8252842353247205,1.7909455080146148,1.5126167015935204,0.8590628211650406,0.6985354613212953,0.1339430360153473,-0.15048947230094667,-0.5260197314030921,-1.0051603301762477
2.6036534153604203,2.3045720224956474,-1.426010575850249,-1.699761605849944,-2.149451842978763,-2.360029558363143,-2.5127746982905093,-2.981996781483966,1.9476580541738604,1.2727412171121826,0.9536702005406319,0.6963991656579755,0.28150002933179374,-0.26523906793069596,-0.6110137802937443,-1.015536623398087
2.71046819852641,2.2078283474567364,-1.5103942545513815,-1.85326970851421,-1.9681718966913393,-2.2228488582685357,-2.5420724673874666,-2.7468516659714073,1.9143928788450233,1.4053441407853904,0.97274426896313,0.6443651070014003,0.05627342939893443,-0.2438761112974981,-0.7063841224062353,-1.1371528836599358
2.6624015461017145,2.363320153236942,-1.4929987041500632,-1.708001603408463,-1.9455881996791016,-2.471269525403153,-2.579152456400803,-2.7441050001185676,1.9125617682764635,1.331489347853477,0.9005679940523967,0.4501147941866782,0.15713710321710517,-0.14881095427976665,-0.7289678194184734,-1.0098906991450276
2.7292370818541487,2.2713068471668105,-1.5139038831411211,-1.6593245807942476,-2.0490459468027318,-2.4444132370642757,-2.685051684282514,-2.8567183000849976,1.9127143608238435,1.5225352171732194,0.8691339292921196,0.4765133048834157,0.2171059743374395,-0.14438577040574718,-0.5881248981867464,-1.1963587920433705
2.7568563329299263,2.1029972674066864,-1.3069883888938603,-1.820920088469653,-2.1909570158661187,-2.244669592543874,-2.7300664857596093,-2.9391182756701904,1.6731440614372657,1.2881530643975612,0.8962954027257571,0.5294629188242709,0.040556397018795876,-0.31040646195517185,-0.7480418878409716,-1.1946802740221907
2.505231222300329,2.287786842283849,-1.3628372612349349,-1.8366371208497916,-2.1921777562451585,-2.2509258869864532,-2.656669470469836,-2.9295049451852506,1.6771114676691452,1.363686375350654,0.9231516910646347,0.6448228846435402,0.24167337446561743,-0.15399910089068625,-0.6903619049313368,-1.0506329092954836
2.5856474947695816,2.201572053014157,-1.3909142899528524,-1.894164511212046,-2.0438578001918124,-2.329968826529286,-2.741968704455248,-2.9620071577771876,1.669939617942286,1.397561920869011,0.8515857863434213,0.6765621344985774,0.18078894806100299,-0.2225131546643,-0.676475983119758,-1.1704180589887727
2.6982607947360115,2.1528950303999412,-1.482164633286084,-1.63597792104511,-2.1702044294224407,-2.2498577391547934,-2.6600265065121955,-2.8802175523815157,1.896692143348945,1.3385086050329564,0.8816465181772785,0.4835325620628951,0.10281415634983015,-0.4153901345526021,-0.8102996471720059,-0.9332892403602746
2.5696252772946835,2.0717157951937892,-1.471330562422105,-1.7736163987818574,-2.1909570158661187,-2.3919214007655603,-2.644767251774197,-2.9484264210603692,1.6397262935610488,1.3237071279370978,0.9493976092139922,0.41761258159474113,-0.026126546186258093,-0.3976893990565238,-0.700585605605796,-1.2035306417702296
2.590072678643601,2.2963320249371284,-1.4997127762347824,-1.7987941690995548,-2.083837047605369,-2.3638443720476428,-2.5516857978724055,-2.765010179109626,1.6563588812254673,1.2657219599327032,1.0636894272016018,0.6110999316725634,0.11975192910900856,-0.3117797948815917,-0.6232211840841431,-1.143409178102515
2.6514148826903554,2.260777961397592,-1.3774861457834136,-1.8964533994227462,-2.147162954768063,-2.3115051282963077,-2.7213687105589504,-2.8744190355810764,1.8162758708796924,1.3400345305067562,1.0446153587791036,0.5636436494373878,0.0625297238415139,-0.28980646805887367,-0.5844626770496266,-1.0256077315251662
2.484326043309271,2.1824979845916586,-1.4463053846517875,-1.8570845221987096,-2.0620163133300307,-2.431595463084357,-2.741053149170968,-2.780269433847625,1.7387588568106596,1.2730464022069425,0.8599783764493205,0.5303784741085508,0.05871491015701413,-0.26691758595187576,-0.5826315664810668,-1.1456980663132148
2.595718602896661,2.049895060918451,-1.341932082243877,-1.789638616256756,-2.0551496486979315,-2.4848502621199717,-2.6078398553082405,-2.8570234851797576,1.7305188592521403,1.4293011707240482,0.9635887161203309,0.5093207025701127,0.23648522785469783,-0.3928064375403644,-0.5708819403328078,-1.034305506725825
2.506299370131989,2.1098639320387855,-1.4562239002314863,-1.6335364402870303,-1.96145782460662,-2.50728136658483,-2.690697608535573,-2.9632278981562274,1.6229411133492504,1.4984255946871818,0.8328169030156829,0.4287518375534801,0.033079362197176554,-0.24524944422391792,-0.7199648591230541,-1.070317347907502
2.588699345717181,2.1550313260632614,-1.4003750278904117,-1.8714282216524283,-2.0862785283634486,-2.3238651246340867,-2.493395444773251,-2.853513856590018,1.7099188653558421,1.2837278805235415,0.8051976519399054,0.6344465914217012,0.03246899200765663,-0.4416360527019598,-0.7802389153381486,-1.0927484523723598
2.6036534153604203,2.311591279675127,-1.4667527860007055,-1.841520082365951,-1.9675615265018194,-2.2603866249240125,-2.716638341590171,-2.8915094008876343,1.8849425172006862,1.4885070791074826,0.9168953966220552,0.5778347563437264,0.202762274883721,-0.35206422738990795,-0.6448893258121011,-1.1135010388160378
2.638749701257817,2.3263927567709857,-1.3916772526897523,-1.6503216204988287,-2.1393807348516836,-2.3562147446786437,-2.5204043256595083,-2.9620071577771876,1.678942578237705,1.2046849409807088,0.9396316861816731,0.5027592230327733,0.23389115454923814,-0.3114746097868317,-0.6116241504832642,-1.1296758488383163
2.5452104697138855,2.0547780224346104,-1.5180238819203806,-1.6849601287540854,-1.9933496670090372,-2.4764576720140727,-2.787136098479724,-2.8835745884238753,1.7978121726467142,1.3993930314375709,1.0183694406297459,0.43363479906963964,0.17483783871318348,-0.23288944788613897,-0.7454478145355119,-1.2366432245516865
2.5760341642846427,2.248265372512433,-1.5576979442391772,-1.8256504574384325,-2.1418222156097633,-2.425033983547017,-2.7839316549847446,-2.821164236545461,1.7592062581595778,1.203159015506909,0.8090124656244051,0.3625266719905662,0.17117561757606392,-0.3186464595136911,-0.841581119384903,-1.1394417718706356
2.5223215876068874,2.041349878265172,-1.4536298269260266,-1.8583052625777494,-1.9800741153869783,-2.3565199297734036,-2.5246769169861483,-2.798427946985843,1.7311292294416603,1.396951550679491,1.0156227747769062,0.4366866500172394,0.202762274883721,-0.2742420282261151,-0.6873100539837371,-1.1667558378516532
2.6524830305220153,2.139772071325263,-1.3433054151702968,-1.8871452540325668,-2.0490459468027318,-2.28922661637883,-2.732965744159829,-2.8103301656814823,1.668566285015866,1.29959750545106,1.027677586019925,0.5462480990360693,0.12127785458280838,-0.31971460734535095,-0.6252048872000828,-1.1820150925896518
2.547957135566725,2.307471280895867,-1.5203127701310803,-1.8468608215242504,-2.1973659028560784,-2.5171998821645287,-2.7044309377997715,-2.9356086470804508,1.6516285122566876,1.3559041554342748,0.7585043324416298,0.5116095907808125,-0.012545809469439284,-0.40303013821482336,-0.6148285939782439,-0.9967677400703487
2.6421067373001765,2.1542683633263615,-1.4969661103819427,-1.9153748752978643,-2.144416288915223,-2.5229983989649685,-2.669029466807615,-2.8493938578107585,1.6224833357071102,1.223606416855827,0.9817472292585492,0.570815499164247,0.10861267315026968,-0.31193238742897167,-0.7958033551709072,-1.0829825293400406
2.4568593847808735,2.223392787289495,-1.4675157487376054,-1.7263127090940618,-2.0426370598127725,-2.29059994930525,-2.5542798711778656,-2.8355079359991793,1.723041824430521,1.4608878280317052,0.9692346403733905,0.3675622260541057,0.1763637641869833,-0.38685532819254487,-0.8499737094908024,-1.1852195360846314
2.440684574758595,2.0791928300154083,-1.3698565184144145,-1.6814505001643458,-2.1398385124938235,-2.416793985988498,-2.546955428903626,-2.999087146790525,1.7328077474628403,1.3140937974521587,0.9287976153176941,0.3378066793150085,0.20398301526276086,-0.4332434625960606,-0.8644700014919007,-1.0335425439889252
2.505688999942469,2.2941957292738087,-1.4482890877677272,-1.8631882240939088,-2.1416696230623833,-2.424728798452257,-2.756007218814207,-2.779048693468585,1.7056462740292027,1.3052434297041196,0.8413620856689621,0.3982333280774829,-0.0361976543133371,-0.43385383278558054,-0.6932611633315569,-1.0559736484537834
2.6657585821440746,2.236820931458934,-1.616293482433092,-1.8471660066190103,-2.0748340873099496,-2.3758991832906617,-2.5747272725267836,-2.860533113769497,1.7082403473346623,1.3195871291578383,0.7986361724025661,0.43287183633273973,-0.07480356880047356,-0.3621353355169872,-0.8205233478464651,-0.9906640381751495
2.473186787350532,2.05889802121387,-1.41868613357601,-1.7145630829458027,-2.2484844062283735,-2.3830710330175213,-2.7437998150238077,-2.887541994655755,1.8568654884827689,1.3923737742580915,0.7408035969455514,0.48124367385219535,0.09121712274895111,-0.2931635041012335,-0.8229648286045448,-1.1988002728014502
2.556960095862144,2.2833616584098295,-1.493914259434343,-1.864714149567709,-2.0174592894950747,-2.4219821325994175,-2.61333318701392,-2.7755390648788447,1.754781074285558,1.2977663948825002,0.7931428406968866,0.3259044606193695,0.037046768429056076,-0.21778278569552034,-0.8316626038052037,-0.9767781163635707
2.559706761714984,2.191348352339698,-1.437455016903748,-1.9278874641830233,-2.144721474009983,-2.4447184221590357,-2.805447204165322,-2.8233005322087807,1.7306714517995203,1.334693791348457,1.004941296460307,0.5792080892701463,0.14676080999526597,-0.45399604903973856,-0.8955988811574178,-1.0689440149810823
2.6756770977237734,2.1098639320387855,-1.5633438684922365,-1.777278619918977,-2.0636948313512105,-2.4917169267520713,-2.7770649903526445,-2.926453094237651,1.6749751720058255,1.3157723154733385,0.7856658058752672,0.4716303433672562,0.15118599386928566,-0.2600509213197766,-0.6433634003383013,-1.079930678392441
2.4876830793516307,2.0993350462695664,-1.3672624451089548,-1.9419259785419816,-2.2407021863119945,-2.50438210818461,-2.5817465297062627,-2.9890160386634452,1.678179615500805,1.354073044865715,0.7433976702510112,0.4385177605857993,0.06542898224173355,-0.3465708956842286,-0.7459055921776518,-1.0874077132140605
2.505078629752949,2.1411454042516826,-1.5885216388099344,-1.918579318792844,-2.037601505749233,-2.437851757526936,-2.5330695070920473,-3.0364723208986213,1.768209218454997,1.1503619941134338,0.9216257655908349,0.5087103323805928,-0.07388801351619367,-0.2893486904167337,-0.7793233600538687,-1.1540906564191142
2.4011631049871784,2.025327660790273,-1.4731616729906647,-1.785060839835356,-2.0743763096678096,-2.372694739795682,-2.566334682420884,-3.0280797307927214,1.6475085134774279,1.3815397033941124,0.8373946794370826,0.4903992266949945,0.12906007449918766,-0.44148346015457984,-0.6868522763415972,-1.1406625122496754
2.550551208872185,2.137177998019803,-1.4362342765247083,-1.712579379829863,-2.091619267521748,-2.328290308508106,-2.8017849830282024,-2.9691790075040476,1.6308759258130094,1.1872893905793904,0.7182198999333135,0.4603384948611372,-0.03299321081835749,-0.24662277715033776,-0.7416330008510124,-1.1182314077848177
2.5664208337997034,2.146028365767842,-1.5238223987208204,-1.777278619918977,-2.112524446512806,-2.375288813101142,-2.6064665223818206,-3.024264917108222,1.7831632880982355,1.3578878585502145,0.9400894638238131,0.35016667565278736,0.06649713007339342,-0.450333827902619,-0.9093322104216166,-1.180946944757992
2.7380460819304693,2.2907973255597303,-1.1771734987452107,-1.5749822697648344,-1.9067184677689237,-2.2479154037105724,-2.457730156358053,-2.8297507868704592,1.8556033804320102,1.4210198054938101,1.063953244624643,0.6334896684657026,0.22545719677162013,-0.3144152358587702,-0.6109025554180829,-1.058456496883582
2.670600175988515,2.171775138603341,-1.1915171981989294,-1.7294059277133802,-2.0498502772113505,-2.2547820683426716,-2.6028456689164194,-2.70325156509245,2.0263544409502146,1.4323116539999292,1.1759561744015528,0.5167563697200133,0.1526705516713669,-0.3255544918175093,-0.6829262377814365,-1.0267172470285448
2.8183097618523414,2.4320980244335972,-1.283225319174301,-1.609773370567471,-1.7901377615706142,-2.194508012127577,-2.425838313955636,-2.5614930885764435,2.0338314757718337,1.5580479130410376,1.021227331358247,0.5216393312361729,0.10200982594121144,-0.21339896949321946,-0.6438625456521598,-0.8237691590131635
2.825023833937061,2.3495454563010245,-1.449551195818486,-1.7405451836721189,-1.9077866156005836,-2.2666842870383106,-2.4072220231752777,-2.8286826390387985,1.9167929919313846,1.465729421876146,1.043353250728345,0.6760629891847186,0.1116231564261505,-0.15846565243642452,-0.6536284686844791,-0.85993359274222
2.661139438050956,2.3226891679621473,-1.4313926826802676,-1.6140459618941105,-2.078995453760928,-2.0838784152770873,-2.3869272143737397,-2.8508085584088967,1.9517366852814013,1.6111501195292726,1.1220910051764177,0.6003770856842456,0.2419371918886586,-0.10719455651674936,-0.6774329060757567,-0.9308891272739133
2.750406078268248,2.3417632363846455,-1.272391248310322,-1.6274741060635494,-1.915874020611723,-2.2334191117094737,-2.524107914468347,-2.71027082227193,1.7947189540273958,1.4065235134927114,1.09492953174278,0.5181297026464331,0.15190758893446699,-0.13496640013990668,-0.46960185654421593,-1.0085587338903261
2.72538090049793,2.369992857649943,-1.4257467584272079,-1.7286429649764803,-2.0829628599928074,-2.1058517420998055,-2.564850124618803,-2.59979381796882,1.9932418581687574,1.443450909958668,1.0467102867707045,0.7000200191233765,0.12383056021654948,-0.08171160110429154,-0.4862344442086344,-0.8213276782550833
2.572788353117944,2.344357309690105,-1.1967053448098492,-1.4997541439065012,-1.8221821965204117,-2.2665316944909306,-2.478177557706971,-2.6104752962854185,2.012315926591256,1.3912642587547128,0.8980851456225982,0.6368467045080622,0.21981127251856059,-0.21965526393579893,-0.6229573666611019,-1.0422816868613034
2.7507112633630078,2.1749795820983207,-1.1643557247652918,-1.743902219714479,-1.9024458764422842,-2.2738561367651697,-2.4911479242342702,-2.6521330617201553,1.868878932054069,1.3584568610680159,1.0454895463916647,0.5730630197032281,0.20455201778056198,-0.13298269702396692,-0.654849209063519,-1.0627290882102214
2.660986845503576,2.241052155113855,-1.347466781621275,-1.6462429893912875,-1.9460873449929599,-2.1269095136382434,-2.4104264666702573,-2.695164160081311,1.9720314940829393,1.477326455477025,0.9138021780027368,0.6688911394578594,0.09392242093007219,-0.16060194809974426,-0.49432184921977385,-1.0610505701890416
2.7864179194499243,2.378690632850602,-1.4657260058407644,-1.586884488460473,-1.8911540279361652,-2.3768561062466604,-2.48519681488645,-2.582550860114882,1.9602818679346805,1.4918227474781236,1.0932510137216003,0.5881696818938468,0.19295498417968315,-0.3073959786792908,-0.45403741671145736,-0.9148669097990147
2.628179447816879,2.368314339628763,-1.2040297870840884,-1.7530577725572778,-1.9540221574567194,-2.1401850652603023,-2.469479782506312,-2.743078219958627,1.9389189113014824,1.5447723614189788,0.976670307523291,0.5861859787779069,0.23262904649847949,-0.3577515193146863,-0.6092240373969031,-0.9136461694199749
2.8436401247174192,2.422332101401278,-1.3735601072232528,-1.6515837285495873,-1.9920177017543357,-2.2106828221498556,-2.48489162979169,-2.8027419059842016,1.9181663248578045,1.465729421876146,0.8976273679804583,0.4970719311079952,0.3081623574515726,-0.28740635497251277,-0.4604463037014168,-0.9714787448769897
2.5836224239819234,2.172232916245481,-1.4745763735888033,-1.7219288928917607,-2.065567309591489,-2.1722295002100993,-2.3825020304997198,-2.59857307758978,1.8498048636315707,1.5582005055884176,0.9676673472278718,0.520723775951893,0.3157919848205719,-0.07652345449337217,-0.6962017894034949,-1.0390772433663233
2.8303645730953604,2.356564713480504,-1.4593171188508047,-1.6477689148650874,-2.1012739656784056,-2.3115464959680265,-2.606050112411399,-2.589875302389121,1.9654700145456,1.2871961414415625,1.1133932299757585,0.5111104454669539,0.291224584692394,-0.12138566342308788,-0.4546477869009773,-0.916850612914955
2.8341793867798604,2.3083454685084286,-1.3944652862143108,-1.6703526118773255,-1.8536162612806888,-2.229909483119734,-2.3541198166870427,-2.7716130263186844,1.9134359558890248,1.5667456882416968,1.1146139703547984,0.46334897813701814,0.1458038870392675,-0.14793676666720557,-0.5870981180268049,-0.9670535610029702
2.5515779890321264,2.241815117850755,-1.4233052776691282,-1.8005140547924534,-2.0683139754443287,-2.1565124678299608,-2.542724205248705,-2.7865670959619226,1.9965988942111172,1.347470197656657,0.9415740216258942,0.7010881669550364,0.30511050650397276,-0.2231648925255385,-0.6197529231661223,-1.026106876839025
2.682960172326294,2.241357340208615,-1.4281882391852876,-1.6314415122954289,-2.044051760410911,-2.1603272815144603,-2.467801264485132,-2.637789362266436,1.7100300902315035,1.4037768476398718,1.0926406435320803,0.564365244502569,0.2462097832152983,-0.26863747164477436,-0.5167529536846316,-1.117814997814396
2.609257971941761,2.1473603310225435,-1.2932964273013803,-1.6506681732653075,-1.9955273303440757,-2.263174658448571,-2.467343486842992,-2.8013685730577818,1.878187077444248,1.5218834793119809,1.1309413729244568,0.6968155756283968,0.03486910509401775,-0.1721989817006233,-0.64233662017836,-0.9649172653396505
2.530367624946308,2.345425457521765,-1.4674045238619442,-1.553619313131636,-2.1159228502268843,-2.251577624847692,-2.38448573361566,-2.838448562071118,1.9923263028844775,1.2867383637994225,0.923262915940296,0.5335415499318118,0.06294613381193503,-0.20103897315544073,-0.5233144332219708,-1.0024550319951269
2.602086122214901,2.152243292538703,-1.4257467584272079,-1.554840053510676,-1.9386103101713408,-2.3896738802265793,-2.4298057201875154,-2.7082871191559903,1.74848341217126,1.4704597908449255,0.976517714975911,0.5880170893464668,0.18685128228448367,-0.21370415458797942,-0.6118181107023628,-0.989637258015208
2.673652026936115,2.4043261808104397,-1.4326134230593075,-1.6013807804615716,-2.1011213731310256,-2.3319938973169445,-2.5437923530803648,-2.580414564451562,1.9845440829680983,1.518221258174861,0.9752969745968711,0.5401030294691512,0.06386168909621492,-0.3731633666000649,-0.7476254778705504,-1.0225972482492849
2.6254327819640393,2.344662494784865,-1.304588275807499,-1.7849496149596948,-1.9062606901267838,-2.134996918649383,-2.6589997263522545,-2.647097507656616,1.7178123101478828,1.5374479191447394,1.0201591835265869,0.6232659677912435,0.08995501469819267,-0.3585144820515862,-0.7209217820790528,-1.0470120558300828
2.706612017170192,2.2108388307326177,-1.272238655762942,-1.554534868415916,-1.9853036296696165,-2.370904996898841,-2.3629701844350817,-2.6361108442452563,1.7826641427843768,1.2842968830413426,1.0642584297194029,0.6124318969272645,0.23812237820415905,-0.37850410575836424,-0.5343010966333299,-0.9702580044979499
2.671973508914935,2.2221306792387363,-1.3425838201051157,-1.6286948464425892,-1.860177740818028,-2.1386591397865025,-2.661136022015574,-2.823036714785739,1.868268561864549,1.5516390260510782,0.9511873521108334,0.6109059714534647,0.09453279111959212,-0.38292928963238393,-0.6656832799274981,-1.0744787143584804
2.7201927538870105,2.1673499547293216,-1.262625325278003,-1.7086533412697018,-2.0065139937554344,-2.1778754244631586,-2.638094547361196,-2.6437404716142563,1.7550448917085995,1.3561679728573162,1.052356211023764,0.6383726299818622,0.09727945697243201,-0.17631898047988281,-0.5306388754962104,-0.9284476465158336
2.6309261136697186,2.191764762310119,-1.380274179307972,-1.7896799839284743,-2.0155169540508537,-2.2805702088498894,-2.4211079449868564,-2.606965667695679,1.953720388397341,1.4262079521047297,1.1050006398698593,0.5184348877411933,0.07301724193901427,-0.12901529079208718,-0.5448299824025491,-1.000471328879187
2.7023394258435522,2.3855572974827015,-1.4083512080258895,-1.674777795751345,-2.05656434929607,-2.303611683504267,-2.542419020153945,-2.606813075148299,1.9413603920595623,1.388975370544013,0.8489503453662428,0.6653815108681197,0.1747964710414649,-0.39132187973828314,-0.5869455254794249,-0.9705631895927098
2.588505385498083,2.369992857649943,-1.2859719850271407,-1.686527421899604,-1.9401362356451406,-2.2816383566815492,-2.4017286914695983,-2.6355004740557364,1.6999589821044245,1.4582523870545268,0.9646154962802721,0.47265712352719746,0.01945725780863916,-0.404444838812962,-0.5605470147826876,-1.0435024272403433
2.5373868821257872,2.086475904617929,-1.4420741609968664,-1.5798652312809938,-1.9799628905113171,-2.239065035962533,-2.6281760317814973,-2.5950634490000404,1.7535189662347996,1.42224054587285,1.010240667946888,0.5997667154947257,0.22545719677162013,-0.21400933968273939,-0.6569855047268387,-1.1608460961755522
2.5279261441882284,2.282557328001211,-1.2568268084775633,-1.554077090773776,-2.05549620146441,-2.303001313314747,-2.6438930641616363,-2.71072859991407,1.704994536167964,1.4298701732418493,0.9595799422167326,0.45999194209465855,0.049975767284636374,-0.28237080090897315,-0.7178699311314531,-1.1132372213929966
2.607274268825821,2.300563248592049,-1.424983795690308,-1.7661807316319567,-1.8745214402717467,-2.2157183762133954,-2.425380536313496,-2.743078219958627,1.7750345154153775,1.280024291714703,0.9391325408678145,0.5077534094245941,0.12657722606938915,-0.40063002512846224,-0.7975232408638058,-0.9537780093809114
2.628942410553779,2.3643469333968836,-1.5176074719499595,-1.8424770053219497,-2.135759881386283,-2.346947966960183,-2.4665805241060923,-2.7005048992396103,1.9383085411119625,1.5072345947635022,0.966141421754072,0.6260126336440833,0.10262019613073137,-0.4016981729601221,-0.525450728885291,-1.109422407708497
2.5900313109718827,2.267603258357972,-1.445736382133986,-1.5917674499766328,-2.091202857551327,-2.3060531642623467,-2.541808649964425,-2.6516752840780153,1.661658252712048,1.4706123833923055,0.9855206752713302,0.6144156000432044,0.17693276670478464,-0.2727574704240341,-0.5684818272464467,-0.9946728120787478
2.6684638803251954,2.160178105002462,-1.4214741671005684,-1.7175037090177412,-1.9085495783374835,-2.2556976236269515,-2.567291605376883,-2.838295969523738,1.7413115624444007,1.3407561255719376,0.9076984761075374,0.6760629891847186,0.23720682291987916,-0.26711154617097455,-0.7943187973688262,-0.9229543148101542
2.660986845503576,2.1368314452533244,-1.3216786411140573,-1.8304221940789307,-2.033980652283832,-2.423091648102796,-2.564087161881903,-2.887125584685333,1.9405974293226622,1.3869916674280733,0.9461517980472939,0.4049060324904836,0.19738016805370262,-0.41756779788764065,-0.5327751711595301,-1.0196979898490652
2.62024463535312,2.1238610787260255,-1.2496549587507042,-1.7608399924736573,-1.9544799350988593,-2.3127672363470664,-2.621004182054638,-2.823036714785739,1.9274744702479836,1.2655279997136044,1.0544925066870838,0.4741830490009973,0.035479475283537676,-0.34859596647188695,-0.6392847692307604,-1.0349572445870638
2.5924727917299624,2.0669440585532906,-1.4979230333379414,-1.6712681671616054,-1.9601258593519186,-2.3199390860739255,-2.556457534512904,-2.881174475337514,1.911299660225705,1.4062183283979515,0.9646154962802721,0.4230645456287019,0.1305446323012689,-0.28832191025679266,-0.7567810307133493,-1.0554046459359818
2.6548831436083766,2.118520339567726,-1.3111497553448386,-1.5693363455117746,-1.9070236528636837,-2.3420650054440237,-2.4813820012019505,-2.719426375114729,1.781748587500097,1.4007249966922721,0.8236199825011651,0.6444763318770615,0.10094167810955157,-0.2819130232668332,-0.7781439873465477,-1.0172565090909855
2.653357218134577,2.225640307828476,-1.2479764407295244,-1.719334819586301,-2.0797584164978278,-2.1913035686325975,-2.4613923774951725,-2.7313285938103675,1.7449737835815204,1.389585740733533,0.9315029134988152,0.4725045309798175,0.040972806989217014,-0.3034285724474113,-0.8094254595594448,-1.1188831456460564
2.5401745420039674,2.317542015376568,-1.343305788816675,-1.855253785276528,-1.952760423052339,-2.3072329106160465,-2.4793573040606702,-2.657280214305734,1.7621051429134194,1.3505630426295971,0.8793572563202005,0.47040922934183804,-0.04047061928635487,-0.36793422596380476,-0.5310556591130098,-1.0320169921615037
2.7100100472378923,2.1910427935985597,-1.3727561504610124,-1.594625714351512,-1.9558122739999386,-2.3710165954208806,-2.3990936241387977,-2.900207549734672,1.885094736101688,1.2835749143297832,0.7845972843972292,0.5163395861032138,0.11547896413599079,-0.34657126933060667,-0.6627430275019375,-0.9174199890791344
2.5397167643618275,2.3016723904490495,-1.4122776202324285,-1.7481338170157779,-1.932465614250801,-2.3145573528902856,-2.5257454384641864,-2.833677199076998,1.6963377549926453,1.4021393236440325,1.0317972111528064,0.5937040076248667,0.1577470997602468,-0.37480089059590416,-0.8229652022509231,-0.9334422065540329
2.5243049170764493,2.148469472879544,-1.5027650008287603,-1.734247895204199,-2.005710036993194,-2.4355632429626146,-2.6693350255487527,-2.7175542705208287,1.8454206737828915,1.417551170929411,0.8073335739568471,0.3762596276083867,0.06146120236347574,-0.3685445961533247,-0.6932615369779347,-1.0507858754892418
2.51499677168627,2.2627612908671533,-1.311566538961638,-1.791164915376934,-1.9388745012407602,-2.3092166137319863,-2.407638806792077,-2.609366154428418,1.6858088692234263,1.3282845307121192,0.8387676387171242,0.6167454822792446,0.16522413458186613,-0.43461716916885873,-0.5806482370115051,-1.1646199158347113
2.656297470560137,2.2948057258169503,-1.2953917289393595,-1.5894375677405925,-1.9988433723610948,-2.400772142159978,-2.5483291354764246,-2.7772179565464032,1.7134281202992037,1.306616388984161,1.0311868409632865,0.6339884401331831,0.009427143706900454,-0.3844142210808432,-0.779323733700247,-0.9073488809520551
2.5239997319816894,2.1019287459286478,-1.4626331608678242,-1.844114529317789,-2.018222625878353,-2.3777306675056,-2.691308352371471,-2.9118045833355506,1.8033051307060155,1.2860163950878631,0.8050446857461473,0.6007232648043461,0.17300635449824542,-0.4457564251275976,-0.6340556285945005,-0.9601459023455301
2.6625537650027162,2.2354472248861357,-1.3362865316371955,-1.7276864156668599,-1.9579485696632584,-2.4230506540774557,-2.691308352371471,-2.8391705307826776,1.8477095619935913,1.449595605879208,0.9341379808296154,0.5306832855569326,0.2114596764380019,-0.17520983862288242,-0.602316378739463,-1.0668080929641404
2.5220160288657496,2.028836915733635,-1.4157872488221686,-1.682061244000244,-2.169747025426679,-2.4468550914687337,-2.6205054103871577,-2.633628369461836,1.7933866151263165,1.2164341934825895,0.8821039221730402,0.4664418231099585,0.19406412603668355,-0.3717490396483043,-0.7166081967270728,-1.0448347661414226
2.5964811919871824,2.1850916842507404,-1.3397961602269355,-1.7319590069934994,-2.1589129545627,-2.1996551647131564,-2.431290651635975,-2.7291513041217073,1.678942204591327,1.2300149301994083,0.9410046454617148,0.36664629712344765,0.14157228973796832,-0.18772242750804136,-0.8473800098317206,-1.1994110166373484
2.6607226544341565,2.263371661056673,-1.3487991205223544,-1.5959990472779317,-2.0459944695015104,-2.2843440285090484,-2.5176580334530474,-2.8332194214348583,1.6725333176013675,1.4450178294578084,0.7682698818275707,0.5938566001722467,0.06329231293203552,-0.2425031520174563,-0.6648793231652572,-0.9345103543856927
2.7081789366693325,2.067900607862911,-1.3477309726906945,-1.7008301273279822,-1.9304819111348608,-2.168831470142399,-2.4793573040606702,-2.6383587384306155,1.809256240053835,1.3154667567322003,0.9237616876077764,0.601638820088626,-0.004611370652058078,-0.33421127299282793,-0.8023652083546247,-0.9662496042407298
2.688647090604694,2.134278365973205,-1.4679739000261236,-1.7923856557559739,-2.1525040675727407,-2.3984832539492777,-2.5829676437316813,-2.834897939456038,1.7289925601319622,1.1817956852273326,0.808554314335887,0.6225439990796842,0.03735157987743798,-0.45292827485445697,-0.7182867147482526,-1.0352214356564833
2.5450575035201273,2.1176457783087868,-1.4304361333706468,-1.6489486612187867,-2.0553026148916893,-2.3087588360898463,-2.5251350682746665,-2.8236060909499185,1.613327409217933,1.2583971440120856,0.8009246869668877,0.35489667097518884,0.09060637891305312,-0.2925535075580916,-0.7585711472565686,-1.2189428627019865
2.551618983057467,2.179750945092441,-1.407699843811029,-1.7933012110402538,-2.04797817261745,-2.2379558941055326,-2.5950224549747,-2.6279824452087768,1.623245924797632,1.221011969903989,0.7951261701664483,0.3510818572906891,0.19482708877358346,-0.2638661086506544,-0.6195593365934018,-1.1441725144857933
2.450907901786676,2.277104990320872,-1.3863368871778312,-1.8058137999254127,-2.068272981418988,-2.438920279004974,-2.4361736131521345,-2.70733056984637,1.6369792540618309,1.2948667628359023,0.8380046759802243,0.40479443396844417,-0.03329876955949551,-0.40638754790356124,-0.8101474282710042,-0.9996673721169467
2.6920041266470536,2.047605799061373,-1.4301309482758868,-1.6364360723336282,-2.1442640700142213,-2.292278840972808,-2.5100284060840474,-2.868163114784875,1.5870814910685753,1.2414593712529072,0.8669972599824216,0.3379588982160102,0.13623155057966896,-0.20160834931962013,-0.8145726121450236,-1.048649579825922
2.6668263563293557,2.198672420967559,-1.3417798633428752,-1.7173101224450207,-2.0578966881971494,-2.2187292331356545,-2.5579424659613634,-2.6775750231072726,1.7984221691898559,1.4460859772894683,0.7473647028365127,0.48917811266957645,0.1852137582886444,-0.484820117256874,-0.8545518595585802,-1.1412732560855736
2.549024909752007,2.2945005407221903,-1.5261116605778984,-1.8750908164359261,-1.9063722886488232,-2.291668470783288,-2.463029901491012,-2.7759972161673634,1.8248206798865936,1.3060060187946412,0.9098757657961977,0.40052184264180446,0.18384042536222456,-0.25822018439759487,-0.6522141417327187,-1.126929556631855
2.430460500437758,2.143891696458144,-1.4516464974564651,-1.7441664107838983,-2.0656789081135285,-2.3490432685981624,-2.513995812315927,-2.8884579235864125,1.6874873872446061,1.2171971562194894,0.8882076240682397,0.5053529226918549,-0.07068394366759212,-0.40287791931382144,-0.5922452706123842,-0.9671651595250097
2.6590441364129767,2.287176098447951,-1.4141087308009883,-1.778347141397015,-1.952455237957579,-2.406723251507797,-2.4665395300807518,-2.8381023829510177,1.612106668838893,1.2623645502439653,0.8564683742132025,0.5157292159136939,0.18200931479366456,-0.4915341893415932,-0.7845118803111664,-1.1478347356229128
2.6764396868142954,2.08407541788519,-1.2982909873395792,-1.863646375382427,-2.0864314945572064,-2.4705069363126313,-2.70656760710947,-2.658806139779534,1.7662251416926789,1.3978667323173928,0.7667439563537708,0.5099306991132544,0.004086404548601097,-0.4008942161978817,-0.7268318974015315,-0.9915799671058072
2.5551286116472065,2.001370257205237,-1.440965019139866,-1.7307382666144595,-1.953523385789239,-2.3488906760507824,-2.7117557537203894,-2.70687279220423,1.6967955326347852,1.342017859976318,0.9864772245809507,0.5198492146929536,0.0965574882608724,-0.4246986535891595,-0.766963737362468,-1.170571025182531
2.4364116097855772,1.9996917391840574,-1.3927457741677904,-1.6678701370939053,-2.0676626112294683,-2.365065486073061,-2.515369145242347,-2.8739616315853143,1.5678548300986972,1.362007483683096,0.8358683803169045,0.4188329483274029,0.13684192076918889,-0.485125302351634,-0.8652333378751789,-1.1189947441680959
2.567183422890225,2.0219702511015356,-1.3816065182090513,-1.7325693771830193,-2.1338877767923825,-2.2700003290553297,-2.667809100074953,-2.69985353502475,1.5982207470273144,1.2614489949596854,0.7261543387506946,0.4086092476529437,0.015836030696859904,-0.24647055824933584,-0.8574511179587998,-1.2453413733987242
2.438547905448897,2.180208722734581,-1.3741294833874322,-1.864867115761467,-2.210489235577135,-2.254741074317331,-2.69893797974047,-2.6845942802867517,1.7982695766424759,1.168062355963134,0.9956327774237498,0.307440388740013,0.17605820544584527,-0.4269875417998594,-0.7172185669165927,-1.2448835957565842
2.62211673994702,2.0434858002821135,-1.3391857900374156,-1.6994567944015624,-2.0713248323665883,-2.462877308943632,-2.5815943108052615,-2.900665327376812,1.7082399736882843,1.4210607995191507,0.7488906283103125,0.3370433429317303,0.14920191710696762,-0.5115238130483717,-0.8177770556400032,-1.1127384497255162
2.4083345810676597,2.0251746945965152,-1.50947907291348,-1.8784478524782857,-2.068730759061128,-2.202707015660756,-2.6931394629400307,-2.8066683181907406,1.634842958398511,1.2588549216542255,0.8926328079422593,0.4105929507688837,0.09289526712375284,-0.363966819731925,-0.6957030177360144,-1.255259888978423
2.5435315780463275,2.0700369035262307,-1.4447798328243655,-1.7630878866590165,-2.1961455361234163,-2.460588420732932,-2.578542459857661,-2.8582445992051753,1.7898769865365767,1.405954137328532,0.8747794798988009,0.319647792530412,-0.07114172130973206,-0.33985719724588725,-0.8124363164817039,-1.1038880819774772
2.567793793079745,2.142823548626484,-1.4939146330807214,-1.6477279208397468,-2.04980928318601,-2.4123691757608565,-2.7126713090046692,-2.8220801654761187,1.7267036719212625,1.2612964024123055,0.8206091255789059,0.5222906954510333,-0.020175810484816648,-0.49901122416321275,-0.7170659743692127,-1.0266762530032043
2.6520248792334975,2.114746519908567,-1.5575457253381755,-1.670616802946745,-1.9921293002763751,-2.2370403388212527,-2.6623157683692735,-2.787289064673482,1.5785363084152961,1.1851527212696924,0.9710653772955721,0.5302255079147926,0.10800192931437147,-0.41737421131492014,-0.8089266878919643,-1.2409161895247043
2.4359538321434373,2.251469442361034,-1.3507828236382942,-1.9277352452820211,-2.213846271619495,-2.3279854970597245,-2.5497024684028444,-2.6784905783915525,1.7952177256948763,1.1869838318382522,0.8199987553893859,0.29614854023389414,0.05139009423639673,-0.5006897421843925,-0.8003815052386849,-1.0262184753610644
2.5650471272269053,2.200350938988739,-1.5651753527071746,-1.6845027247583237,-2.0963500101369057,-2.2066744218926355,-2.714197234478469,-2.668114285169713,1.6812310928020266,1.112518668716819,0.9516861237783139,0.40174258302084453,0.06237675764775563,-0.2954527659583115,-0.8783562969498577,-1.2363384131033048
2.6286782194843594,2.07827690108475,-1.431809466297067,-1.888824145700125,-1.9742759722329168,-2.434189910036195,-2.4750847127340307,-2.688866871613391,1.5332163218434403,1.1317453296866973,0.9782372270224314,0.44492627392938044,0.04406565196215739,-0.4031831044085816,-0.7680318851941279,-1.1119754869886163
2.397042732561541,2.058745055020112,-1.3831324436828512,-1.683281984379284,-2.1984344243341165,-2.324628461017365,-2.4941587811565293,-2.8466475656042967,1.777211805104038,1.3261482350487994,0.7772728421229899,0.42692035333854217,-0.11096837617590838,-0.49122900424683325,-0.8943785144247562,-1.093206603660878
2.4588427142504354,1.959712491770501,-1.516498330092959,-1.8174108335262913,-2.1976714615972166,-2.4566210145010525,-2.6375957756937156,-2.932099392137089,1.8058992040114752,1.2760978795081641,0.8294594933269451,0.3408581566162301,0.11608933432551072,-0.3062868368222904,-0.8455488992631608,-1.1321177032427743
2.4591478993451954,2.0312783964917145,-1.5552568371274753,-1.7607989984483168,-2.241770707790032,-2.386581035253639,-2.5396313602757647,-2.834134976719138,1.8168858674228343,1.1483779173511157,0.7557572929424119,0.3577959293754085,0.10754415167223152,-0.3870082943863029,-0.8344096433044217,-1.105261414903897
2.636155254305979,1.9423169413691828,-1.4124302127798085,-1.9150700638494826,-2.203622570945036,-2.2611499613072907,-2.464098049322672,-2.9522416083912466,1.6497970280417495,1.2841852845193031,0.8549424487394027,0.4156285048324231,-0.05252543052937386,-0.37556385333280407,-0.7616229982041687,-1.2259621198814656
2.3593523733586843,2.168764281681082,-1.453019830382885,-1.9268196899977412,-2.1222907431915035,-2.3290536448913843,-2.667046137338053,-2.8081942436645404,1.723346635878903,1.1860682765539723,0.9414624231038548,0.4055573967053441,-0.14118170055714563,-0.33131201459260806,-0.7782555858685871,-1.2569384069996028
2.566878237795465,2.08102356693759,-1.5557146147696157,-1.6994567944015624,-2.1650166564578996,-2.454332126290353,-2.459520272901272,-2.659416509969054,1.5736533468991367,1.2054475300712304,0.6825128702000186,0.3600848175861082,-0.05954468770885324,-0.5421949150717489,-0.6480941429534588,-1.223062861481246
2.502789367895871,1.9313302779578236,-1.376418371598132,-1.8064241701149326,-1.9895352269709154,-2.2286477487153538,-2.569997277204382,-2.7112979760782494,1.6909970158343457,1.2304727078415483,0.8360209728642845,0.3407055640688501,-0.09433578851148994,-0.4379742052112183,-0.9096377691627549,-1.223368046576006
2.4545701229237955,2.1409924380579244,-1.5102420356503798,-1.8032197266199526,-2.2075899771769154,-2.2835810657721485,-2.70687279220423,-2.9295053188316293,1.7579851441341596,1.1730979100266734,0.8872920687839597,0.3248359391413316,0.01888788164445976,-0.5025208527529523,-0.7396496713814504,-1.2438154479249244
2.590987860281503,1.9885524832253185,-1.3538346745858942,-1.8404523081806694,-2.246043299116672,-2.3032655043841666,-2.7209113065631882,-2.852140897309976,1.5864711208790554,1.157075692551775,0.8875972538787197,0.39365517800970506,-0.06671653743571238,-0.28644980566289235,-0.9148259157736742,-1.2700613660742817
2.399484213319621,2.196383532756859,-1.4681264925735036,-1.875396001530686,-2.1103885244958644,-2.336835864807764,-2.5677083889936823,-2.9034119932296516,1.75523847828132,1.1048890413478198,0.8908016973736994,0.319495199983032,-0.07159949895187201,-0.3191046108022093,-0.7744407721840876,-1.0991577130086974
2.5230841766974095,2.1191717037825866,-1.441117611687246,-1.7853663985764943,-2.0472152098805503,-2.311047724300546,-2.570149869751762,-2.70458390399353,1.548017798939299,1.2257423388727686,0.6915158304954377,0.3535233380487688,0.048033058194036915,-0.4219519877363198,-0.8833918510133971,-1.0532273562473216
2.398721250582721,2.0306680263021946,-1.3495620832592543,-1.779873066870815,-2.2057588666083556,-2.4427350926894738,-2.48118841462923,-2.6881039088764913,1.6897762754553058,1.3029541678470415,0.7618609948376113,0.5131351426082342,-0.16315502737986365,-0.41996828462038005,-0.8936155516878563,-1.190865833984069
2.394296066708701,2.111542076413587,-1.4226539134542677,-1.9132389532809224,-2.0017426307613144,-2.450975090247993,-2.6461409583469955,-2.7083987176780298,1.6858088692234263,1.1808801299430527,0.7896328384607687,0.46934108151017817,-0.12134466939774735,-0.5551652815990473,-0.7079104215264134,-1.1200628919997557
2.3463820068313854,2.036924320744774,-1.4029694748422497,-1.896911550711264,-2.178749985722098,-2.2701529216027097,-2.465013604606952,-2.756007592460585,1.6577318405055088,1.253666775043306,0.9158268751440172,0.33429667707889066,0.03353676619293822,-0.39860532798718196,-0.7414807819500102,-1.310803576224738
2.4972960361901917,2.0633228314415115,-1.4107516947586287,-1.811917501820612,-2.0716300174613482,-2.4622669387541123,-2.755244629723685,-2.7689779589878842,1.7820947666201974,1.1512771757513356,0.8711172587616812,0.24915003564085847,0.07565230926981448,-0.462694197886776,-0.6845637617772757,-1.1077028956619768
2.333259047756707,2.0172398821327557,-1.6048494150259711,-1.9219367284815818,-2.26801662593939,-2.529255067053926,-2.714502419573229,-2.745478706691366,1.7271614495634025,1.1280831085495775,0.9150639124071172,0.2708181773688165,0.03002713760319864,-0.5141178863538314,-0.6651845082600176,-1.2421369299037441
2.4213049475949586,2.0814813445797298,-1.5462538768320564,-1.8847041469208654,-2.171730728542619,-2.5252876608220465,-2.5825098660895414,-2.8570238588261354,1.590743712205695,1.3498000798926972,0.6718313918834196,0.26044188414697733,-0.08884245680581038,-0.2862972131155124,-0.9119266573734546,-1.2445784106618243
2.3471449695682853,2.08346504769567,-1.6599353246301458,-1.7659871450592362,-2.0647633528292486,-2.2701529216027097,-2.7036683487092494,-2.9600238283076266,1.6378948093461108,1.1813379075851926,0.6689321334831998,0.37000333316580725,0.05963009179491596,-0.4915341893415932,-0.8154881674293035,-1.0581103177634814
2.552534538341747,1.982296188782739,-1.3976287356839499,-1.8505234163077482,-2.170204803068819,-2.3607928947464214,-2.5902920860059204,-2.7091616804149297,1.7376903353326214,1.1740134653109533,0.874169109709281,0.3303292708470109,-0.02032840303219663,-0.5338023249658495,-0.6923459816936548,-1.149360661096713
2.5726767545959044,2.0566087593567923,-1.6005768236993312,-1.855864155466048,-2.0139500345517134,-2.4840876730294497,-2.6842890951919918,-2.869078670069155,1.7016784941509449,1.1531082863198954,0.7334787810249339,0.23846855732425953,-0.12271800232416741,-0.4210364324520399,-0.8460066769053007,-1.1228095578525954
2.5740500875223247,1.8918088081864073,-1.461717605583544,-1.9440626478516796,-2.1882107236596573,-2.429764726162175,-2.519946921663747,-2.7274727861005275,1.6206518514921724,1.3055482411525012,0.7078432330650962,0.4450788664767604,0.09716785845039255,-0.5782067562534254,-0.9308481332485732,-1.0315592145193637
2.4914975193897524,2.067290237673391,-1.4881161162802816,-1.9342967248193608,-2.213235901429975,-2.5025513712624283,-2.4865291537875303,-2.907531992008911,1.602340745806574,1.167299393226234,0.8117587578308667,0.2421307784613791,-0.03970765654945496,-0.45903197674965646,-0.8133518717659838,-1.191018426531449
2.365913852896024,1.9447584221272625,-1.6634449532198854,-1.715479011876461,-2.0000641127401346,-2.4346476876783347,-2.5904446785533004,-2.780117214946623,1.5091066993574025,1.3108889803108008,0.6494002874185616,0.45026701308768,-0.09845578729074944,-0.4587267916548965,-0.8357829762308415,-1.0910703079975583
2.381783477823542,1.9551347153491014,-1.4110568798533887,-1.9588641249475383,-2.113440375443464,-2.398025476307138,-2.7181646407103486,-2.9761986383299046,1.5953214886270946,1.1325082924235972,0.6535202861978213,0.30637224090835313,0.007290848043580711,-0.5269356603337503,-0.8775933342129578,-1.3082095029192784
2.3048768339440295,1.9859584099198586,-1.6559679183982663,-1.8305337926009702,-2.233378117684133,-2.5176580334530474,-2.5986846761118194,-2.8001068386534014,1.6447614739782102,1.1402905123399765,0.6220862214375441,0.3509292647433091,0.05276342716281657,-0.5797326817272253,-0.9186407294581742,-1.2184850850598465
2.419016059384259,2.169374651870602,-1.4868953759012418,-1.8035249117147125,-2.018680403520493,-2.383223999211279,-2.665672804411633,-2.7410535228173467,1.6081392626070135,1.0412579490903657,0.655809174408521,0.2158848603120216,-0.16071354662178372,-0.3122379461701099,-0.7015015345364541,-1.210092494953947
2.5655514670854656,2.3700804138917033,-1.2193540781277066,-1.7700605816220758,-2.0677686415604284,-2.16130787310436,-2.3193937521900256,-2.5858203399154807,1.8416524223148119,1.3297044258549588,1.0968481985531005,0.5125713346351342,0.03327814331459833,-0.31051286593251026,-0.6930623822141349,-1.094380781823498
2.5760803528546843,2.1694212140870217,-1.3600444068120536,-1.6566843189187463,-1.985216073427856,-2.3110011620841258,-2.492586293466309,-2.6334292146980367,1.7407887484966411,1.471615494918346,0.862771230872202,0.41582765959622314,0.19960401995878296,-0.26702398992921417,-0.7505897725763897,-1.0226622845549045
2.6166699704577607,2.2585352617569336,-1.364927368328213,-1.5326265778988177,-1.8385746353956893,-2.191368604938217,-2.307796718589146,-2.6035210754115594,1.8833101877495482,1.296744435620882,1.0892185711841011,0.5571283584700901,0.044875176915477155,-0.288539539109792,-0.6787186827604161,-0.9924489601736672
2.720432902676151,2.321708576372248,-1.3052636823026385,-1.6247924765163293,-2.024890135746652,-2.1771774980318783,-2.543094426649085,-2.552249979491884,1.7629146678667391,1.2833162914514433,1.0634304306768834,0.6077890842002454,0.15123218243932746,-0.31158101376417013,-0.6956564555195945,-0.8645764054692391
2.7266891971187306,2.3250656124146074,-1.3289155271465365,-1.6301332156746287,-1.8318605633109701,-2.071125677602788,-2.3944692855009784,-2.7829699111304222,1.827766500503233,1.4459799469585084,0.8636867861564819,0.568572799523589,0.11415219342599081,-0.3143276796170098,-0.595250559343564,-0.8740371434067984
2.6185010810263205,2.104111603808388,-1.3232696028934767,-1.7276398534504396,-1.800426498550693,-2.115682701437744,-2.437042606219994,-2.759775843928665,1.7182050514844032,1.2231948277837288,0.7959356951197681,0.6557031440775609,0.08119220319191389,-0.12908032709770678,-0.6085261109656228,-1.1429052118903336
2.559905542832406,2.1514152934961834,-1.4772354831998826,-1.7911183531605137,-1.8875568431046652,-2.2058648969393158,-2.4890766648765696,-2.719644003967728,1.8039620631119553,1.4653592004757665,0.8314897586593049,0.5894779785146471,0.18831217145266388,-0.15486846760492434,-0.7667645825986682,-0.8926534341871566
2.633455150669559,2.303397470686649,-1.3437170042423952,-1.801494646382353,-2.0283997643363922,-2.301845609241327,-2.4730544474016716,-2.5849047846312008,1.721714680074143,1.3214644282964398,0.9445608362678745,0.38149433643572617,-0.001970735130178536,-0.26961806323467385,-0.5642742722254268,-0.9562845264446107
2.577606278328484,2.2289323075652163,-1.3031273866393187,-1.659430984771586,-2.0990501137733255,-2.2412663679314724,-2.37951521585774,-2.6755447577749125,1.9127605493938853,1.42736365617815,0.8499534568922831,0.5218794800253133,0.036482586809577944,-0.24306695999055639,-0.7203764481951525,-0.8917378789028767
2.724552901455411,2.2158093484905375,-1.324490343272517,-1.5979361881774516,-1.8784012902618659,-2.151847135166801,-2.528140357005846,-2.621832181097157,1.86026871309517,1.3927251479228933,0.9404408374886148,0.36699804443462747,0.03159962529341831,-0.1486121731623451,-0.7418919973757303,-0.8935689894714365
2.537627030914928,2.1587397357704226,-1.2288148160652654,-1.6945272706689827,-1.9121242432328427,-2.2636974723963306,-2.331601155980424,-2.6773758683434723,1.6269547081511717,1.4888584527722843,0.8238601312903056,0.426966915554962,0.14985884951290762,-0.17684179442764236,-0.6861957175820357,-1.005877104343106
2.7485099313940684,2.046584213446133,-1.2512459205301236,-1.684303569994524,-1.973313854732217,-2.1222441809750836,-2.357236703940262,-2.630835141392577,1.8924657405923473,1.3359607202975385,0.861550490493162,0.45321283370431953,0.13429440968014905,-0.14708624768854506,-0.5229216918854505,-0.9346163847166529
2.6951025398110735,2.1506523307592835,-1.4039910604574897,-1.671943573656745,-1.9263153501391814,-2.2002189726862564,-2.4896870350660896,-2.518374433973527,1.8909398151185473,1.2909459188204426,1.0046822999355889,0.525541701162433,0.24141437794089904,-0.22033067043093846,-0.6974875660881543,-1.0602000512103813
2.458889276466855,2.3107219129608887,-1.4381717910706064,-1.6440191374862074,-1.9888782945649757,-2.210442673360715,-2.493501848750589,-2.737039554369047,1.8488242720416712,1.4345355059050093,0.8327104990383447,0.6404438893395623,0.07966627771811408,-0.41168172484544074,-0.5925038934907243,-1.049823757988542
2.602021085909282,2.124253820062546,-1.4067377263103293,-1.582219155797313,-2.094167152257166,-2.1182767747432036,-2.575749231788402,-2.656623281899794,1.8215102060606538,1.459255498580567,0.7904423634140886,0.5975653835257864,0.14589144328102788,-0.4028313570974018,-0.5908253754695445,-1.1702192778713512
2.7056314255802922,2.032393106539794,-1.3270844165779767,-1.575352491165214,-1.854139075228448,-2.2542367344587713,-2.4481818621787337,-2.5319551706903454,1.731785788201222,1.4563562401803474,1.025740071474027,0.4883091196017164,0.06364406024321556,-0.2546639935914352,-0.538333539170829,-0.8998252839140157
2.6067514548780615,2.308433024750189,-1.4433599376815258,-1.6319643262431884,-2.0212279146095327,-2.2261597057408538,-2.4901448127082295,-2.7162869679253685,1.7067606104309043,1.2036629817190905,0.8266067971431452,0.5826113138825477,0.1202558953211903,-0.21972030024141853,-0.6057794451127831,-1.1421422491534337
2.7359973425089095,2.044905695424953,-1.28863109463822,-1.792796871181694,-2.05128864644339,-2.2322634076360535,-2.510592214057148,-2.5725447882934223,1.8155590967128343,1.253255559617586,0.7593134837485714,0.6161816743061446,0.1040810852989118,-0.25420621594929527,-0.651709801874159,-1.0365482063664833
2.654970699850137,2.0413960668352136,-1.4480903066503052,-1.6432561747493075,-1.866193886471467,-2.2728530252391295,-2.6113032953279385,-2.686989198828411,1.8070139140595551,1.31856516989622,0.9051919590438381,0.5792542778401881,-0.05720923728173344,-0.4315187560048388,-0.7849230957368865,-1.0728652326429198
2.5940862734455226,2.2916478445383905,-1.420928833216668,-1.6261658094427491,-2.115682701437744,-2.2635448798489506,-2.5484351658073843,-2.5810899709467012,1.7464346727497007,1.361901453352136,0.8989356646012586,0.602448345041946,0.040144807946697725,-0.453797267922317,-0.7269379277324917,-1.1021630017398771
2.589355904476743,2.1709471395608215,-1.3832384740138113,-1.6537850605185267,-2.0407597606741708,-2.147421951292781,-2.5957388554951795,-2.624121069307857,1.75436948521346,1.1824526176332726,0.8652127116302817,0.5456839174165911,0.11399960087861083,-0.36483581279978505,-0.6742934988863967,-1.050128943083302
2.520689258155749,2.124559005157306,-1.2503303652458437,-1.821026492446991,-1.8356753769954697,-2.307949311136526,-2.607030704001299,-2.645789211035815,1.742467266517821,1.2032052040769505,0.8568201215243825,0.4849520835593566,0.13337885439586894,-0.36254692458908533,-0.6613231323590978,-1.0293763566396241
2.448970760887156,2.0539086557203725,-1.2394962943818646,-1.6170102565999498,-2.0102412511981735,-2.180381941526858,-2.5783433050938616,-2.648535876888655,1.7526909671922801,1.458645128391047,0.8922215925165392,0.5997016791891061,0.05631961796897622,-0.31158101376417013,-0.8227660474871228,-1.151908172185753
2.653597366923717,2.1054849367348076,-1.5318636151619178,-1.8384220428483093,-1.852765742302028,-2.1657330569783793,-2.6103877400436586,-2.6203062556233574,1.6934850588088455,1.1824526176332726,0.99247489614519,0.46084246107331883,0.167101807366846,-0.4554757859434968,-0.7554727340925491,-1.0415837604300227
2.470181124972974,2.256856743735754,-1.3354770066838757,-1.7016991203958423,-2.0923360416886063,-2.2423345157631323,-2.5716292330091424,-2.646857358867475,1.678073211523467,1.394556258491453,0.9190778808554168,0.4179639552595429,0.21394771941250168,-0.32943434180762843,-0.6822283113501557,-1.146872618122213
2.4276078042539577,2.2054330552686983,-1.247888884487764,-1.6553109859923265,-1.8614635175026875,-2.3782944754787003,-2.3602885548878616,-2.7242217803891284,1.7613887423929393,1.1890140971706118,0.8118053200472867,0.5868839052091874,0.04655369493665695,-0.3729232178109245,-0.813000124454804,-1.0530282014835217
2.4860507499004925,2.155230107180683,-1.4180295748164484,-1.692543567553043,-1.9585123776363584,-2.3445715225077226,-2.4669507455064714,-2.5713240479143824,1.678073211523467,1.221821494857309,0.9253341752979962,0.43703802368204103,-0.04698553660727445,-0.24169362706413655,-0.7081690444047535,-1.094685966918258
2.674044768272635,2.1048745665452877,-1.5094325106970596,-1.7639568797268765,-2.1098841846373046,-2.127127142491243,-2.436737421125234,-2.6422795824460756,1.7796998480785375,1.1972540947291312,0.7678586664018506,0.4790009742115373,0.09843516104585226,-0.4208372776882401,-0.7406712569966905,-0.9684919302350097
2.526335182408809,2.034529402203114,-1.2620799913941028,-1.5898487831663126,-2.1330782518390623,-2.3392307833494232,-2.332974488906844,-2.7394810351271266,1.5723265761891367,1.2566125956599457,0.9375415790883951,0.3523491598861488,-0.038592946501375236,-0.23711585064273688,-0.8587778886687998,-1.0452459815671427
2.62124774687916,2.0937353105865486,-1.3554666303906542,-1.6725539438462649,-1.8986960990634039,-2.234399703299373,-2.397978914090718,-2.7252899282207883,1.8541650111999708,1.2651577783132248,0.7605342241276113,0.5125713346351342,0.1719847688830054,-0.3712446997897447,-0.8482490028995806,-0.9829882222361084
2.5180951848502895,2.18895306015166,-1.2706251740473817,-1.6092280366835707,-1.8933553599051045,-2.2188352634666146,-2.4170529825132165,-2.6351077327192165,1.7523857820975202,1.2996436940211018,0.7287949742725743,0.3190839845573119,0.1490958867760075,-0.27038102597157376,-0.595403151890944,-1.039142279671943
2.5946966436350425,2.1710997321082015,-1.353025149632574,-1.704598378796062,-1.9820116299328765,-2.1632915762202996,-2.5801744156624213,-2.7893787981203824,1.7618465200350792,1.2358600092162675,0.7367297867363335,0.3224410205996717,-0.06209219879789307,-0.3610209991152855,-0.6489631360213188,-0.9828356296887284
2.5850833131501036,2.0226271835074754,-1.2748977653740212,-1.582371748344693,-1.9701094112372375,-2.116445664174644,-2.5446203521228847,-2.7068262299878096,1.6815828401132067,1.2358600092162675,0.719486828882395,0.35173878969662886,-0.052478868312953786,-0.36147877675742546,-0.6828386815396761,-1.107656333445557
2.5165692593764897,2.045516065614473,-1.497530292001421,-1.7993583507190332,-1.8668042566609868,-2.117056034364164,-2.59756996606374,-2.7164395604727485,1.5524895450297385,1.3361133128449185,0.9898808228397302,0.30245139689289346,0.08866923801353321,-0.29357509317333186,-0.6587290590536381,-1.1444311373641334
2.447597427960736,2.1486686276433438,-1.434204384838727,-1.856427963439148,-2.146964173650641,-2.3061182005679663,-2.4188840930817763,-2.5696455298932026,1.6950109842826453,1.3344347948237385,0.7765564416025099,0.32396694607347154,0.11048997228887125,-0.29616916647879155,-0.788585316874006,-0.9727645215616492
2.505582595965131,2.0351397723926343,-1.5121791765498998,-1.812023532151572,-1.9136501687066425,-2.139944916471162,-2.542941834101705,-2.7538247345808458,1.546843620776679,1.2776703671983838,0.960583053742773,0.40636692165866384,-0.06102405096623298,-0.43716468025789856,-0.5969290773647438,-1.0348696883453035
2.62338404254248,1.9896671932733982,-1.3359347843260156,-1.7940176115607338,-1.8608531473131675,-2.302303386883467,-2.5214262849211266,-2.8038750901214806,1.7999946568800758,1.3492362719195972,0.8139416157106064,0.5690305771657289,0.013441112155200052,-0.225976594683998,-0.683601644276576,-0.9469763810544314
2.577911463423244,2.166979733328942,-1.4485480842924456,-1.812786494888472,-2.135824917691902,-2.4169003899658366,-2.3865344730372193,-2.614812923917678,1.7381946751911814,1.1563592920312948,0.7361194165468136,0.4469565392617403,0.1251388568373497,-0.22612918723137798,-0.5859424139533846,-1.1123867024143363
2.6265884860374595,2.177813804192921,-1.4955465888854813,-1.8733657361983265,-2.0015434759975146,-2.3601359623404816,-2.6120662580648384,-2.5551492378921035,1.6751739531232472,1.1180585626389186,0.7924260665300285,0.3795106333197864,0.05372554466351631,-0.3678876637473847,-0.8416875233622414,-1.0334963554188836
2.6461203321020976,2.177813804192921,-1.3862903249614114,-1.787913909665534,-1.8997642468950637,-2.37325892141516,-2.5774277498095817,-2.678138831080372,1.7914494742267966,1.1523918857994153,0.7509208936426722,0.3964484060789648,-0.09459441138983005,-0.3604106289257656,-0.8513008538471802,-1.2251525949281459
2.468502606951794,2.154314551896403,-1.5568887929322353,-1.5886280427872723,-1.9122768357802227,-2.275294505997209,-2.6286988457292573,-2.8353091548817577,1.5718687985469968,1.1636837343055344,0.7197920139771552,0.40712988439556397,0.15046921970242755,-0.4045098751185816,-0.6401127682732799,-1.2260681502124258
2.5199262954188493,2.1138775268407066,-1.432983644459687,-1.639288768517428,-2.025042728294032,-2.1750412023685586,-2.542331463912185,-2.7881580577413425,1.6432821107208302,1.2303666775105881,0.8858127055265799,0.3865298904992658,0.1600825501873666,-0.40512024530810153,-0.8215453071080829,-1.212182228400847
2.6572595880608367,1.96998275466138,-1.4917317752009813,-1.8492561137122885,-2.0892841907410067,-2.283992281197868,-2.3869922506793593,-2.6212218109076373,1.7124065346839639,1.1925237257603516,0.9506645381630738,0.5635372454600496,0.044722584368097174,-0.3840624737696632,-0.7589823626822887,-1.2089777849058674
2.506040373607271,2.0305619959712344,-1.4245910543537876,-1.7844042810757945,-2.084706414319607,-2.128805660512423,-2.48632999902373,-2.5546914602499635,1.8025887301855354,1.1392689267247365,0.7690794067808906,0.40804543967984386,0.09111071877161292,-0.29174398260477163,-0.6285157346724008,-1.203484453200188
2.397699664967481,1.9849368243046186,-1.299922943144339,-1.680488756310024,-2.081654563372007,-2.1634441687676795,-2.4812944449601906,-2.7561136227915455,1.6916539482402857,1.296134065431362,0.6863742461009381,0.3190839845573119,-0.10039292819026935,-0.4205320925934801,-0.7815660596945269,-0.9573526742762706
2.5075662990810708,1.9924138591262381,-1.5251495430771982,-1.6559213561818464,-1.9043420233164636,-2.38195669661582,-2.492738886013689,-2.5534707198709237,1.5495902866295188,1.3126140605484005,0.6755401752369592,0.3116069497356926,-0.07765663863065164,-0.3167691603750895,-0.8072016076543642,-1.019152655965165
2.591644792687443,1.96876201428234,-1.3093836810818984,-1.8233153806576907,-1.9922353306073353,-2.431091496872175,-2.4837359257182703,-2.647925506699135,1.6759369158601471,1.349999234656497,0.6752349901421992,0.504026151981855,1.2967985761225265e-05,-0.3933706191598425,-0.6944357151405547,-1.0367007989138632
2.6249099680162797,2.0740508719745305,-1.3264740463884568,-1.8028679793087727,-2.1632915762202996,-2.3224456031376253,-2.5224944327527865,-2.825848416944199,1.6368732237308707,1.3681577477947156,0.927012693319176,0.4066721067534238,-0.000292217108998738,-0.24245658980103646,-0.7954519815061056,-1.07011856679008
2.537932216009688,2.000196079042617,-1.5765732315442538,-1.7342013329877792,-2.1764145352949784,-2.245233774163352,-2.444519641041614,-2.671119573900893,1.503659929868143,1.3138348009274403,0.8125682827841866,0.30779213605119304,-0.1476966178780652,-0.24779732895933582,-0.8871601024814773,-1.103536334666297
2.5551751738636264,2.058791617236532,-1.3492103359480745,-1.789287242591954,-1.993608663533755,-2.3787522531208403,-2.415069279397277,-2.5783433050938616,1.5888065713061752,1.307731099032241,0.6918675778066177,0.26247214947933717,-0.10939588848568871,-0.49698095883085314,-0.7344149625541112,-1.1581644666283322
2.6320818177431393,2.167742696065842,-1.5857287843870527,-1.6849139401840438,-2.042896056337491,-2.404845578722817,-2.59207663435806,-2.6651684645530738,1.5849917576216754,1.232197788079148,0.7402394153260732,0.2791047371437556,-0.014483324015337251,-0.29449064845761175,-0.6521675795162989,-1.1046044824979568
2.492459636890452,2.039564956266654,-1.5414769456468567,-1.6951376408585026,-1.9806382970064567,-2.2200560038456545,-2.4881611095922898,-2.583836636799541,1.5015236342048233,1.2181592737201892,0.6857638759114182,0.5075357805715945,-0.11519440528612801,-0.3738387730952044,-0.8682386266063586,-1.07545930594838
2.5664670223697454,1.96876201428234,-1.4491584544819656,-1.8635998131660072,-2.1536782457353607,-2.349149298929123,-2.4332277925354946,-2.8353091548817577,1.7021828340095047,1.2335711210055678,0.7472586725055526,0.526152071351953,-0.1501380986361449,-0.30990249574299034,-0.885634177007677,-0.9774948905304286
2.527555922787849,2.1187604883568665,-1.5799302675866134,-1.8161435309308316,-2.062580494949509,-2.256220437574711,-2.6370914358351563,-2.7802232452775826,1.7429250441599609,1.2700407398293845,0.7712157024442103,0.4295609888604217,0.09355219952969263,-0.4321291261943587,-0.6445379521472994,-1.2048577861266079
2.5304551811880684,2.110367898250967,-1.607396926115011,-1.7734176176644354,-2.1234649213541235,-2.2583567332380308,-2.552402572039264,-2.8523995201883166,1.6091013801077132,1.231129640247488,0.8694853029569213,0.41643802978574307,-0.08238700759943107,-0.4360965324262387,-0.7862964286633063,-1.2503303652458437
2.3484122721637455,2.1080790100402673,-1.4691480781887436,-1.7631939169899766,-2.1310945487231225,-2.437500383862134,-2.6358706954561164,-2.5711714553670024,1.75299615228704,1.1189741179231985,0.8572778991665224,0.3761535972774268,-0.14983291354138495,-0.3967276552022021,-0.8139156797390839,-1.0196104336073049
2.610413676015181,2.1088419727771672,-1.3293733047886764,-1.7332857777034993,-2.120565662953904,-2.1532204680932208,-2.5124233246257077,-2.753214364391326,1.6316850771199511,1.222279272499449,0.8896275192110795,0.3769165600143267,-0.11687292330730803,-0.280604726646033,-0.8561838153633401,-1.2419377751399443
2.4393574304022168,2.1286790039365653,-1.5416295381942366,-1.6632457984560856,-2.030841245094472,-2.254999697195671,-2.436432236030474,-2.6261047724237967,1.5436391772816993,1.1041726408273398,0.9000038124329185,0.25346918918391803,0.1098796020993511,-0.35812174071506586,-0.7296845935853318,-1.18395260713555
2.489255193395472,2.090225681996809,-1.4116206878264888,-1.6777420904571843,-1.966142005005358,-2.1948782335279566,-2.654486986236474,-2.639838101687996,1.7674924442881388,1.2889622157045029,0.6372394458445827,0.3940069253208851,-0.137472917203606,-0.41671727890898014,-0.800792720664405,-1.1616740952180717
2.5821840547498836,2.0107249648118364,-1.5585673109534155,-1.8585642591024678,-2.15962935508318,-2.2401982200998125,-2.4684766709802712,-2.7800706527302026,1.6983680203250051,1.0500022865074448,0.9027504782857583,0.4278824708392419,-0.1502906911835249,-0.4724135587026752,-0.7487586620078299,-1.1526711349226528
2.3468863466899457,1.8894138896447474,-1.4792191863158224,-1.757242807642157,-2.0345034662315915,-2.3856189177529394,-2.59741737351636,-2.679969941648932,1.6863132090819861,1.2972022132630219,0.8887119639267995,0.3132854677568724,0.09370479207707261,-0.28335139249887265,-0.7281586681115315,-1.2094355625480073
2.4552270553297353,1.894449443708287,-1.6087702590414308,-1.7073450446489016,-1.9681257081212977,-2.1657330569783793,-2.4402470497149737,-2.6335818072454167,1.5727843538312767,1.1645992895898143,0.9151104746235371,0.22462919772910062,-0.03157368932189586,-0.3613261842100455,-0.7310579265117516,-1.2710829516895217
2.5602107279271658,1.9509086862388818,-1.4850177031162621,-1.7374057764827588,-2.0532723495593297,-2.26781747117559,-2.438415939146414,-2.80723212616384,1.6295487814566314,1.1975592798238912,0.66745277022582,0.4399372820822609,0.036482586809577944,-0.28487731797267246,-0.8499275209207604,-1.275965913205681
2.533659624683048,1.9286301743214038,-1.5094325106970596,-1.683082829615484,-2.0607493843809492,-2.244318218879072,-2.5382114651329255,-2.753061771843945,1.6944006140931254,1.1407948521985363,0.7339831208834938,0.328392129947491,-0.013109991088917416,-0.3120387914063101,-0.9396519387801923,-1.2748977653740212
2.5029885226596713,2.1286790039365653,-1.4105525399948289,-1.8997642468950637,-2.0027642163765544,-2.4249877949769756,-2.452912231147513,-2.720712151799388,1.5105265945002424,1.3251266494335594,0.8435445699023237,0.3381580529798103,-0.12740180907652698,-0.29174398260477163,-0.8805986229441376,-1.2427007378768442
2.589661089571503,1.97196645777732,-1.4058221710260494,-1.8750442542195063,-2.094319744804546,-2.2295167417832134,-2.526461838984666,-2.5702559000827225,1.6623561791433283,1.0556482107605043,0.8028023597518674,0.38332544700428595,-0.15227439429946465,-0.37765358677970395,-0.8406193755305815,-1.191124456862409
2.3458181988582854,1.9860049721362785,-1.5648236053959947,-1.8413213012485294,-2.116750849269404,-2.3805833636894,-2.494417404034869,-2.784801021698983,1.514494000732122,1.199085205297691,0.8340838319647645,0.3317491659898508,-0.09444181884245006,-0.5395542795498689,-0.9378208282116325,-1.281306652363981
2.2922582147279105,1.8926183331397273,-1.4711317813046834,-1.6882709762264034,-1.9794175566274164,-2.315578938505525,-2.647620321604375,-2.7825121334882823,1.6480124796896096,1.070754872951123,0.7123149791555359,0.49288689602311586,-0.08452330326275082,-0.3765854389480441,-0.9031823199563758,-1.0365482063664833
2.456142610614015,1.9954657100738378,-1.385374769677131,-1.6749954246043446,-1.9823168150276365,-2.3995048395645178,-2.5942129300213796,-2.8299684157234584,1.4986243758046034,1.0229934056211873,0.7030068337653566,0.30428250746145324,-0.03905072414351518,-0.429687645436279,-0.9425511971804119,-1.2542977714777233
2.4074655879997997,1.8675931553694096,-1.607091741020251,-1.9432531228983598,-2.179161201147818,-2.237298961699593,-2.422393721671516,-2.6532662458574343,1.494046599383204,1.1319444844504973,0.699649797722997,0.3199995398415918,0.07661442677051422,-0.49331873769373313,-0.7995719802853651,-1.1192533670464355
2.4981055611435115,2.039107178624514,-1.5376621319623571,-1.7291657789242394,-2.039233835200371,-2.2865863545033287,-2.662269206152854,-2.751993624012285,1.5917058297063948,1.0852511649522216,0.8610927128510221,0.297873620471494,-0.013872953825817325,-0.32912915671286846,-0.9184415746943744,-1.3150296053349577
2.397852257514861,2.0838167950068494,-1.4430547525867659,-1.8761124020511661,-2.2101374882659552,-2.470002596454071,-2.4494026025577735,-2.710946228767069,1.6158154521924326,1.2695829621872445,0.7492423756214924,0.2868869570601349,0.03922925266241761,-0.377348401684944,-0.9056238007144555,-1.1375644727320342
2.3330004248783665,2.0081308915063767,-1.5155362125922593,-1.9475257142249993,-2.0805864155403473,-2.2876545023349886,-2.48632999902373,-2.8127254578695196,1.5949102732013745,1.1580378100524746,0.8661282669145617,0.2147106821494016,0.05006332352639675,-0.3704817370528448,-0.6929097896667549,-1.3070947928711982
2.5232833314612093,2.1373767791372247,-1.5368991692254572,-1.8387272279430693,-2.1422338046818616,-2.429718163945755,-2.605657371074879,-2.6500618023624547,1.4998451161836432,1.2979651759999218,0.5920720518201068,0.3750854494457667,-0.06636479012453256,-0.34438841145086707,-0.7998771653801251,-1.0806474525592993
2.319114503066788,2.103501233618868,-1.4407658643760661,-1.889998323862745,-2.152610097903701,-2.1889271241801374,-2.632208474318997,-2.7390232574849867,1.580719166295036,1.0982215314795203,0.622743153843484,0.41582765959622314,0.04411221417857725,-0.4519661573537572,-0.7960623516956256,-1.0649304201791607
2.340019682057846,1.9333605432901835,-1.574589528428314,-1.7984427954347533,-1.997881254860395,-2.2731582103338894,-2.645941803583195,-2.8307313784603583,1.5048806702471829,1.1165326371651187,0.6064157512738255,0.42574617517592217,0.011915186681400236,-0.47531281710289486,-0.7640179167458285,-1.2283570384231255
2.4112804016842997,1.9353442464061232,-1.463044376293544,-1.9315034967501008,-1.954697563951859,-2.217614523087575,-2.6441106930146354,-2.623968476760477,1.5938421253697146,1.1470511466411157,0.6821016547742986,0.2223403095184009,-0.01875591534197696,-0.5378757615286891,-0.9611674879607701,-1.3136562724085379
2.501615189733251,1.9870731199679386,-1.5700117520069141,-1.9383701613822004,-2.0531197570119497,-2.2975730179146874,-2.503572956877669,-2.778239542161643,1.6612880313116685,1.0083445210727087,0.6167920444956645,0.439174319345361,0.04777443531569703,-0.6170712936189018,-0.8830401037022173,-1.2507881428879837
2.461178164677555,2.0230849611496153,-1.4607554880828442,-1.7630413244425966,-2.039233835200371,-2.4411626049992545,-2.544009981933365,-2.6256469947816568,1.6506065529950695,1.0300126628006665,0.742833488631533,0.31389583794639253,-0.003954438246118297,-0.35720618543078597,-0.7248016320691719,-1.268946656026202
2.3583307877434443,1.9223738798788244,-1.5651287904907547,-1.756937622547397,-2.237146369152213,-2.341061893917983,-2.58963515359998,-2.6839373478808115,1.6718169170808874,1.0411519187594056,0.7953253249302481,0.2751373309118761,-0.06300775408217296,-0.38177358555896346,-0.74479125577595,-1.1090296663719768
2.5176374072081495,1.9956183026212178,-1.639746546159568,-1.8910664716944048,-2.011919769219354,-2.4677137082433713,-2.5324129483324853,-2.6685255005954334,1.439571059968549,1.1571222547681947,0.8498008643449031,0.330223240516051,0.04548554710499708,-0.6054742600180232,-0.9262237946107534,-1.3368503396102955
2.3572626399117844,1.9728820130615998,-1.6304384007693886,-1.8686353672295466,-2.1318575114600224,-2.38195669661582,-2.5937551523792397,-2.8049432379531405,1.5105265945002424,1.0672452443613831,0.7602290390328513,0.2527062264470181,-0.0025811053196984624,-0.3474402623984667,-0.9404149015170922,-1.0547067195047015
2.526335182408809,2.091293829828469,-1.6345583995486481,-1.8376590801114094,-2.031299022736612,-2.3464026330762824,-2.687752161565311,-2.7419225158852063,1.5209028877220814,1.122636339060318,0.7954779174776281,0.36989730283484734,-0.09200033808437014,-0.5432165006869889,-0.7084742294995134,-1.3145718276928178
2.242513044282035,2.0816804993435296,-1.5642132352064748,-1.9034264680321837,-2.172599721610479,-2.2394352573629126,-2.6833269776912916,-2.8633861835996752,1.4237014350410302,1.0231459981685673,0.7773194043394098,0.2502647456889382,-0.23162251893705732,-0.5577127926880872,-0.9643719314557502,-1.3299836749781964
2.329643388836007,1.9574701657762212,-1.4075006890472292,-1.9406590495929001,-2.2092219329816754,-2.2664441382491702,-2.6666943900268736,-2.6012321872008597,1.526548811975141,1.2051889071928903,0.7184186810507351,0.39110766692066523,-0.21590548655691877,-0.39703284029696206,-0.8172727157814434,-1.28939405737512
2.254873040619814,1.9010109232456265,-1.4926473304852612,-1.7065820819120017,-2.147879728934921,-2.4733596324964315,-2.6039788530536994,-2.647467729056995,1.6292435963618714,1.2294511222263083,0.5589594690386499,0.3058084329352533,-0.1885914205759014,-0.5217009515064106,-0.7139675612051928,-1.267725915647162
2.2667752593154527,1.851418345347131,-1.5491065730158562,-1.853223519944168,-2.0108516213876935,-2.258051548143271,-2.6036736679589394,-2.6674573527637735,1.6608302536695285,1.1679563256321739,0.8046334703204273,0.21150623865442175,-0.003954438246118297,-0.4588328219858564,-0.9015038019351955,-1.3394444129157557
2.232136751060196,1.9925664516736181,-1.570774714743814,-1.9395909017612403,-2.0990501137733255,-2.283992281197868,-2.5794114529255214,-2.6111507027805585,1.417292548051071,1.1917607630234517,0.764196445264731,0.3166425037992322,-0.09016922751581036,-0.41427579815090043,-0.7896534647056659,-1.0911763383285185
2.274099701589692,2.039564956266654,-1.4781510384841625,-1.744425033662238,-2.0541879048436096,-2.4919759232767893,-2.511812954436188,-2.8270691573232387,1.4992347459941233,1.1583429951472346,0.6868320237430781,0.40804543967984386,-0.21178548777765926,-0.486146887966874,-1.0132015466173456,-1.2336977775814253
2.5090922245548706,2.027357552476255,-1.6812517190469238,-1.9788071864378964,-2.0209227295147727,-2.212731561571415,-2.711556598956589,-2.6735610546589728,1.5492851015347588,1.0994422718585601,0.5993964940943461,0.33922620081147015,-0.03142109677451588,-0.47607577983979477,-0.9950430334791269,-1.3147244202401978
2.4846774169740726,1.8975012946558867,-1.5414769456468567,-1.6987998619956226,-2.0103938437455535,-2.37951521585774,-2.581852933683601,-2.7321565928528875,1.4896214155091843,1.1081400470592193,0.644411295571442,0.2169995703601013,0.026716663777258898,-0.6024224090704231,-1.0077082149116658,-1.3315096004519962
2.416926325937359,1.9858523795888985,-1.4346621624808669,-1.7171109676812208,-2.16130787310436,-2.340909301370603,-2.680580311838452,-2.8197447150489996,1.5592036171144579,1.2265518638260886,0.8172986517529661,0.2894810303655946,0.014814445081619887,-0.4127498726771006,-0.9369052729273526,-1.2430059229716042
2.328270055909587,2.0102671871696964,-1.5137051020236996,-1.716500597491701,-2.103780482742105,-2.37264855122564,-2.582921081515261,-2.7007225280926104,1.4517784637589477,1.033369698843026,0.7039223890496364,0.23393734311927972,-0.10069811328502931,-0.39642247010744214,-0.8432134488360412,-1.082783748222619
2.384424113345422,1.8579798248844703,-1.6704176481829451,-1.8622264802395874,-2.1210234405960438,-2.290858945829968,-2.6442632855620154,-2.800212868984361,1.5526421375771184,1.0315385882744663,0.7181134959559752,0.24309289596207906,-0.10252922385358931,-0.5964712997226038,-0.9251556467790936,-1.3713362553181727
2.3320848695940866,2.0726775390481107,-1.498293254738321,-1.7136013390914808,-2.212121191381895,-2.4640514871062518,-2.462220376537692,-2.8159299013645,1.4768036415292656,1.0348956243168261,0.6387653713183825,0.3140484304937725,-0.08406552562061087,-0.42282098080417985,-0.8812089931336575,-1.1282563273418549
2.436610764549377,1.9428212812277426,-1.4554147489245448,-1.8378116726587894,-2.0541879048436096,-2.4255981651664955,-2.639075138951096,-2.7312410375686076,1.6066598993496335,0.9570734251530333,0.548277990722051,0.13459959477490901,-0.11260033198066832,-0.5642742722254268,-0.7728682844938675,-1.2855792436906204
2.319419688161548,1.7883976232791967,-1.6261658094427491,-1.821484270089131,-2.1655804644309993,-2.48678777666587,-2.6450262482989153,-2.6270203277080766,1.6284806336249715,0.9975104502087295,0.5690305771657289,0.17167958378824544,-0.19164327152350102,-0.40145802417098153,-0.986345258278468,-1.1992118618735486
2.4956640803854317,1.948924983122942,-1.6847613476366639,-1.8834368443254053,-2.0677686415604284,-2.348691521286983,-2.5794114529255214,-2.7948721298260617,1.470852532181446,1.2302140849632082,0.6015327897576659,0.3581476766865883,-0.22292474373639815,-0.5192594707483309,-0.9961111813107872,-1.1624370579549717
2.3111796906030286,2.070693835932171,-1.4567880818509646,-1.7871509469286342,-2.0480842029484103,-2.414764094302517,-2.534701836543186,-2.648688469436035,1.6417561852470304,1.1905400226444118,0.6618068459727604,0.2806306626175554,-0.26977065578205384,-0.41854838947754036,-0.8264282686242428,-1.3174710860930374
2.3806092996609225,1.894296851160907,-1.4821184447160425,-1.853681297586308,-2.2221922995089742,-2.4039300234385372,-2.557743311197563,-2.638312176214196,1.4662747557600464,0.9627193494060927,0.6186231550642245,0.26704992590073684,-0.21895733750451862,-0.429840237983659,-1.0142696944490055,-1.1689985374923113
2.4248917451997585,2.242543651080675,-1.277156046786081,-1.6731337072371448,-1.9963247225879548,-2.1623454141373797,-2.4129023769353166,-2.660865266427794,1.724034175083483,1.2677824584173247,0.731267061829294,0.5744019231226685,0.15706130603840696,-0.42477407712147963,-0.5717207002484059,-0.9954702043226269
2.6076976169609813,2.006482980283837,-1.2985190034192793,-1.6188107603698696,-2.030658045748452,-2.2763320470302295,-2.344540915709083,-2.674751188239372,1.786139341867137,1.3504876190972772,0.8867588676094997,0.4747589896835378,0.13600353449996883,-0.430114816279779,-0.7493384253987099,-0.9631205842780699
2.6745331527134155,2.235371801353816,-1.4035026760167093,-1.7581277561277968,-1.800548484299433,-2.0848284000683472,-2.4394534801794343,-2.5101038296163676,1.75378972182258,1.2670194956804248,0.9377247784344152,0.5449515614783313,0.1857487049458444,-0.4380496287435385,-0.7967947076338855,-0.9367220735813326
2.3890324965654615,2.221791064636997,-1.3140834432520379,-1.5657085538816347,-1.8600595777776276,-2.0916950647004464,-2.4888934655305492,-2.48309494873011,1.6950415910812855,1.2732757901230043,0.839912955563844,0.5527337813947106,-0.0002616103103585399,-0.42034889324746016,-0.8273132171098827,-1.0934346197405782
2.6713287092184355,1.9907659479036983,-1.2791397499020207,-1.636053718223808,-1.8037529277944127,-2.078114327983627,-2.352017950530702,-2.707558585926069,1.5822756985674757,1.3109661493258606,0.8892003483675797,0.44454566530230055,-0.06419788766257262,-0.2404422798864565,-0.6786880759617762,-0.9347383704653924
2.634553905299859,2.18638959364484,-1.4364626662507867,-1.6958699967967625,-2.029742490464172,-2.1156520946391044,-2.5174282718906067,-2.6077630599395585,1.6298845733500316,1.1960639611487314,0.8595973941758623,0.5330493427826923,0.15263612216438727,-0.36572076128542497,-0.776652491379727,-1.1988760699801482
2.62341464934112,2.159685897853343,-1.4758315434748228,-1.6163692796117899,-1.9020225283071235,-2.078266920531007,-2.26656612399791,-2.530551230965286,1.732121580094622,1.1060343581945395,0.9401662591924949,0.48452491271585685,0.04826281975647695,-0.48047035691517426,-0.5973562482082437,-0.9738020625946691
2.4509850708017358,1.9558222545536814,-1.5013144988872806,-1.526492269204978,-1.812755888089832,-2.0549202607818695,-2.335385362866284,-2.658423785669714,1.7995674860365758,1.167681747336054,0.8734833159874411,0.406550121004684,0.09678724982331244,-0.49756072222173264,-0.7291962091445514,-1.1091516521207168
2.635927238226279,2.2021066260249786,-1.3935841604370105,-1.6244566846229294,-1.9449010341208997,-2.1623454141373797,-2.4772964319296706,-2.521700863217246,1.797736375468016,1.3439261395599378,0.8920996067677993,0.4355427050068814,0.08625836405409348,-0.37182446318062423,-0.736215466324031,-1.0291931572936037
2.6412679773845786,2.1947821837507395,-1.3726789814459521,-1.6908344427332231,-1.9348299259938204,-2.0569039638978093,-2.3256194398339645,-2.610967503434538,1.7843082312985772,1.3218002201898398,0.8566981357756425,0.32369236777735155,0.056045039672856234,-0.212212658621159,-0.6196347601257215,-0.9448094785924717
2.4107006382934197,2.1874577414765,-1.3604715776555536,-1.801006261941573,-2.0346254519803315,-2.247949833217552,-2.256189830776071,-2.6897052578826113,1.64590679082493,1.2998268933671218,0.8933203471468392,0.5275560110770128,0.03437689794489818,-0.39410297509810244,-0.7815354528958869,-1.0664257388543206
2.40612286187202,2.07759110736291,-1.2428227236255842,-1.5374789326163372,-1.8750136474208663,-2.1095483927439043,-2.449524588306513,-2.506441608479248,1.7366993565160216,1.275869863428464,0.8309099952684249,0.2942420061330142,0.07603466337963427,-0.47207776680927527,-0.7862658218646663,-1.1164760943949559
2.4461021092855764,2.1947821837507395,-1.4326478525662867,-1.6024833578002111,-1.9268951135300614,-2.093373582721626,-2.2535957574706114,-2.508272719047808,1.7148786222406835,1.2339069128989677,0.8389974002795642,0.5499871155418707,-0.0005667954051185031,-0.49237257561081327,-0.8231932183306228,-1.0417057461787627
2.6424887177636185,1.9877140969560985,-1.3317841787481162,-1.8307618086806703,-1.9653484354698176,-2.3411838796667235,-2.546420855892804,-2.451966069064593,1.7809511952562176,1.332176513411679,0.8647855407867817,0.48711898602131654,0.02461097491257913,-0.5051903495907322,-0.7699384192950078,-1.1259368323325152
2.538115415355708,2.012281497084276,-1.3943471231739104,-1.6012626174211713,-1.930557334667181,-2.1972891074873964,-2.3981008998394584,-2.717324508958389,1.514829792625522,1.1902654443482918,0.6711455981615797,0.4517175150291599,-0.0898334356224102,-0.377470387433684,-0.7537636092727293,-1.2022331060225082
2.3444754727305055,2.018232606432096,-1.28814271019744,-1.7504981287587977,-1.8913410499905248,-2.1211454263447838,-2.3337068448451035,-2.619665278635198,1.7133526967668837,1.2770906038075038,0.7738403825483102,0.3310168100515909,-0.1087549114975288,-0.5051903495907322,-0.8151058133194837,-1.0653575910226607
2.3789613884383827,2.037611859949354,-1.358030096897474,-1.6847307408380234,-2.007158793451934,-2.2995261142319867,-2.4959127227100293,-2.6221067593932776,1.7278489887679824,1.297843190251182,0.678775225530579,0.3410879181786699,0.1167768735300907,-0.4258422249531395,-0.8691235750919986,-1.1851427407159494
2.502866536910931,1.97138669438644,-1.3880908287313307,-1.5922596571257523,-1.8911884574431448,-2.1591409706424,-2.3071557416009867,-2.6478948999004954,1.601807544632114,1.2816683802289035,0.7202803984179351,0.3137738521976525,0.08732651188575336,-0.43118296411143886,-0.6690747454768369,-1.017748716240105
2.4580043279812154,2.07774369991029,-1.4642345098739438,-1.6563485270253464,-2.071858033541048,-2.279689083072589,-2.532229748986466,-2.4934712419519496,1.5081157205408027,1.1695128579046137,0.8977455310208589,0.48528787545275676,-0.10814454130800888,-0.4794022090835144,-0.668159190192557,-1.2188656936869267
2.505460610216391,1.9588741055012813,-1.3365145477168956,-1.5672344793554345,-1.8563973566405076,-2.1055809865120247,-2.540622339092365,-2.540317153997605,1.786291934414517,1.3010476337461618,0.9136151559483774,0.4825412095999171,-0.053821594440733644,-0.30804077837579014,-0.7822984156327868,-1.0563546307272413
2.5616146676522256,1.948955589921582,-1.2817338232074809,-1.8350344000073098,-1.9926625014508352,-2.15898837809502,-2.369413500932021,-2.668037116154653,1.7811037878035976,1.10267732215218,0.8106151864668869,0.4115856750682234,0.1294420549626294,-0.4459844412072975,-0.6527473429071784,-1.2220701371819063
2.536894674976668,2.101700729848948,-1.4660656204425035,-1.8020744097732329,-1.9317780750462208,-2.351712765435942,-2.385740903501679,-2.666206005586093,1.678714188511627,1.0749054785290224,0.7097515126487162,0.4440878876601606,0.12272798287790998,-0.5262481211291701,-0.8085443337821441,-0.9452672562346116
2.372552501448423,2.07728592226815,-1.3073693711673182,-1.8554818013562278,-1.8907306798010048,-2.0984091367851656,-2.3488135070357226,-2.6478948999004954,1.64499123554065,1.179431373484313,0.8470848052907034,0.4060923433625441,0.04566874645101726,-0.2985800404382313,-0.8285339574889226,-1.104268690604557
2.3786562033436227,1.9303392991412238,-1.5376315251637171,-1.7395114653474386,-1.9149928948344224,-2.2288757647950534,-2.27282241844049,-2.5607645553465233,1.5625912599554577,1.3271409593481391,0.7118878083120359,0.26418127429915716,-0.10570306054992873,-0.34176373134676696,-0.8044243350028846,-1.039264265420683
2.371026575974623,1.9974800199884175,-1.4657604353477436,-1.5679974420923344,-1.8405277317129891,-2.1000876548063454,-2.3892505320914186,-2.6008963953074593,1.6689482654793077,1.265646162754005,0.8835544241145201,0.31438422238717245,-0.12142009293006728,-0.37624964705464414,-0.7034080686373341,-1.0652049984752807
2.6093761349821616,2.1847110756236603,-1.3398715837592552,-1.6371218660554678,-1.8570077268300276,-2.1095483927439043,-2.5096460519742276,-2.724496358685248,1.6935156656074857,1.0662077033283632,0.6696196726877797,0.46835010269357835,-0.1403415688051859,-0.27645412106813305,-0.6300110533475607,-1.083668696708259
2.3339465869612868,2.154497751242423,-1.410064155554049,-1.6381900138871277,-1.8696729082625665,-2.3066979639588467,-2.287929080631108,-2.4605112517178727,1.4948401689187438,1.3120342971575205,0.8432699916062039,0.44179899944946066,-0.01216382900599755,-0.48352220786277433,-0.789165080264886,-0.9959279819647668
2.503934684742591,2.113908133639347,-1.2904315984081398,-1.6690137084578849,-2.061939517961349,-2.2065972528775752,-2.3828416451014593,-2.523531973785807,1.698856404765785,1.1847721126426123,0.6799959659096189,0.24144498473953924,-0.16033119251196393,-0.3176541088607294,-0.8482183961009406,-1.114644983826396
2.534758379313348,2.101853322396328,-1.421661189154928,-1.7475988703585776,-1.9583291782903385,-2.1013083951853853,-2.320278700675665,-2.5258208619965066,1.6358356826978508,1.0533899293484446,0.6964759610266573,0.35253235923216897,-0.044666041597934525,-0.4905414650422535,-0.7999991511288651,-1.0772598097182997
2.4348102607794573,2.1764710780651413,-1.5341218965739776,-1.6241514995281694,-1.8867632735691249,-2.27358538117739,-2.5564919640198838,-2.5899097318961006,1.4779023961595654,1.1602047125144348,0.8866062750621198,0.427150114900982,0.0767976261165344,-0.518160716118031,-0.6251280918314013,-1.1584390449244522
2.5440665247035272,2.0029733516940973,-1.5098596815405596,-1.7933766345725735,-2.0407291538755308,-2.207970585803995,-2.3396579541929237,-2.561222332988663,1.6770356704904472,1.2091869202234102,0.7602596458314914,0.3706908723703872,0.08457984603291369,-0.33291336359872803,-0.8540169129013799,-1.1814805195788298
2.370873983427243,1.9405629998156828,-1.344601952728035,-1.8075677414789122,-1.841901064639409,-2.2046135497616355,-2.3732283146165205,-2.7208341375481284,1.5020120186456032,1.1536432329770951,0.8798922029774003,0.22939017349652024,0.03575023087131801,-0.39654445585618214,-0.7299591718814513,-1.232293837856365
2.429622114168538,2.0304400102224944,-1.4117426735752288,-1.5882922508938724,-2.0031913872200544,-2.2909809315787077,-2.37765349849054,-2.6973348852516104,1.4759186930436257,1.0831454760875419,0.7984077826764879,0.37908346247628644,-0.09883639591782956,-0.31231336970243007,-0.8717176483974582,-1.170951633809611
2.4779939516879934,1.8831882020008082,-1.5232878257099984,-1.8397647689760892,-2.0906269168687865,-2.3346224001293843,-2.553592705619664,-2.4797379126877503,1.6140149484225128,1.1112225048054591,0.8971351608313389,0.21092647526354202,-0.09715787789664976,-0.43728666600663857,-0.8352480295736417,-1.0442998194842223
2.4554102546757557,2.0662992588567914,-1.4932270938761412,-1.7605692368858765,-1.986101021913496,-2.1554787495052805,-2.343930545519563,-2.529788268228386,1.461117215947767,1.263204681995925,0.6220107979052241,0.4204360428162628,-0.04771789254553416,-0.4954244265584129,-0.877210980103138,-1.1988760699801482
2.51904134693321,1.8912756070119474,-1.3996878623322098,-1.8568551342826476,-1.8496832845557885,-2.2387942803747523,-2.496523092899549,-2.6950459970409106,1.6288164255183715,1.0630032598333836,0.622621168094744,0.49383305810603595,-0.013537161932417385,-0.2898822652375719,-0.7165310277120125,-1.192772368084949
2.482724320656773,2.001752611315057,-1.5478552258381764,-1.6543648239094062,-2.0823869193102666,-2.3471349890145428,-2.3263824025708644,-2.620428241372098,1.733494913021042,1.221699509108569,0.688541148562898,0.396631605424985,0.0070628319638808,-0.41516074663654035,-0.6976095518368943,-1.1089990595733368
2.453579144107196,1.8607570975359502,-1.5316804158158979,-1.6107233553587306,-2.088490621205467,-2.233300948669073,-2.3787216463222,-2.4612742144547726,1.6333942019397711,1.1238876862379978,0.6876255932786182,0.45995751258767914,-0.1833726671663416,-0.5698895896798462,-0.8523383948802001,-1.0668835164964605
2.569854665210745,2.037917045044114,-1.39739897412151,-1.7289825795782194,-2.038287673117451,-2.352475728172842,-2.2909809315787077,-2.6961141448725705,1.4660001774639264,1.1156476886794788,0.6027841369353459,0.3690123543492074,-0.04314011612413471,-0.5695844045850862,-0.8630198731967993,-1.0356020442835634
2.438167296821817,1.9971748348936575,-1.3050804829566185,-1.668861115910505,-1.929946964477661,-2.174705410475158,-2.555271223640844,-2.7385348730442063,1.6861912233332463,1.1925543325589918,0.8699736873977013,0.2501427599401984,-0.05458455717763355,-0.45849703009245646,-0.9245146697909337,-1.2461797596679438
2.371484353616763,2.0846103645423897,-1.4918537609497213,-1.7598062741489766,-2.153037268747201,-2.0982565442377856,-2.3816209047224195,-2.5499304844825437,1.603180877558534,1.186298038116412,0.6159070960100248,0.25823016495133766,-0.18566155537704132,-0.3226896629242688,-0.8068658157609643,-1.103963505509797
2.526213196660069,1.9153852294979852,-1.333920474411436,-1.6139277988537102,-1.949936588184439,-2.360563133183981,-2.3593423928049413,-2.7522682023084055,1.5178816435731217,1.2525232036793261,0.6947974430054775,0.46468788155645857,-0.15331193533248433,-0.40234297265662144,-0.7177517680910528,-1.1010642471095773
2.339592511214346,2.0614162973406316,-1.409148600269769,-1.7376803547788788,-2.079182475815287,-2.2522224245441915,-2.320583885770425,-2.6402652725314955,1.5613705195764176,1.1589839721353947,0.7263841003131346,0.44439307275492057,0.014539866785500122,-0.3040733721439106,-0.6654125243397173,-1.1294464609222548
2.3679747250270236,1.839394140902752,-1.3601663925607936,-1.844800323039629,-2.0775039577941072,-2.328518698234184,-2.5020164246052286,-2.693825256661871,1.4310564841139097,1.0717010350340428,0.6334552389587231,0.36351902264352787,0.0163709773540599,-0.3138392951762299,-0.7203458413965125,-1.192619775537569
2.5230087531650893,1.897226716359767,-1.3555886161393937,-1.8689099455256666,-2.0224180481899325,-2.1225187592712036,-2.3082238894326466,-2.5909778797277605,1.6289690180657515,1.1437247173973961,0.6793855957200989,0.26692794015199683,-0.08586602939053067,-0.30880374111269004,-0.6785354834143962,-1.2185605085921667
2.4103954531986598,2.0028207591467173,-1.454010809199485,-1.7758284916238751,-1.8946980860328844,-2.3572060971416215,-2.3729231295217605,-2.5198697526486864,1.699619367502685,1.10191435941528,0.6049204325986657,0.265707199772957,-0.12813416501478692,-0.47070443388285543,-0.9232939294118938,-1.172324966736031
2.266958458661473,1.830391180607333,-1.5655559613342547,-1.6758803730899845,-2.1412876425989413,-2.3581216524259014,-2.4228208925150154,-2.691841553545931,1.4664579551060664,1.0347736385680861,0.8669218364501017,0.4245560415955223,-0.10829713385538886,-0.49756072222173264,-0.8886554211566366,-1.168052375409391
2.397882864313501,2.048751115908093,-1.4141841543333085,-1.6368166809607079,-2.137015051272302,-2.26580316126101,-2.4394534801794343,-2.553287520524904,1.6700164133109676,1.2798372696603435,0.5747071082174284,0.3496331008319493,-0.14720823343728506,-0.31673855357644953,-0.820904330119923,-1.2821916008496208
2.3141095558018883,2.1085673944810472,-1.4012137878060096,-1.7961233004254136,-1.9478002925211193,-2.248560203407072,-2.321194255959945,-2.6982504405358902,1.6054697657692336,1.1110699122580792,0.8280107368682053,0.275473122805276,-0.15224378750082446,-0.49679775948483273,-0.841656916563601,-1.0655101835700407
2.2709258648933526,1.929423743856944,-1.3668804646455128,-1.8734877219470665,-1.9926625014508352,-2.314174998780466,-2.4470831075484334,-2.5816697343375807,1.5601497791973777,1.026381048462187,0.8548670252070827,0.3532953219690689,-0.07930454985319146,-0.5610392219318072,-0.9104761554319749,-1.1553871939768525
2.4039865662087,2.088577770774269,-1.453247846462585,-1.8831010524320053,-2.1066491343436846,-2.1237394996502434,-2.4379275547056345,-2.731057838222587,1.6504845672463295,1.135332127291497,0.7483574271358526,0.2373249859602795,-0.1954274784093606,-0.5985769885872836,-0.7867235995068063,-1.28905826548172
2.467617658466154,1.906687454297326,-1.4666759906320235,-1.6467351965404071,-2.103292098301325,-2.3027305577269663,-2.319820923033525,-2.7592874594878847,1.5599971866499978,1.046523264716345,0.6049204325986657,0.17384648625020538,-0.14125712408946578,-0.4783340612518545,-0.8926228273885166,-1.0151546429346454
2.4723480274349336,2.036848897212454,-1.4404300724826662,-1.8055840383629724,-2.0363039700015113,-2.1544106016736206,-2.4858416145829496,-2.676887483902692,1.4769868408752855,1.255269869532166,0.5608211864058499,0.2870701564061551,-0.09364824930691018,-0.5604288517422868,-0.7755843435480672,-1.3073693711673182
2.4224502644416783,1.951244478132282,-1.5965322484523918,-1.83350847453351,-2.1634135619690396,-2.1722639297170785,-2.459290511338833,-2.7049645126206094,1.5314623802899405,1.2302446917618481,0.8309099952684249,0.16789537690238587,-0.12798157246740693,-0.6092584669038827,-0.8708020931131784,-1.0758864767918794
2.352715470289025,1.929118558762184,-1.409301192817149,-1.648413714561587,-2.007616571094074,-2.352170543078082,-2.3558327642152017,-2.4876727251515094,1.5328357132163604,1.1025247296048,0.8449485096273837,0.26082423825679735,-0.1809311864082619,-0.5058007197802521,-0.9637309544675898,-1.18010718665241
2.3669065771953637,2.0438681543919333,-1.3671856497402728,-1.7260833211779998,-2.120840241250024,-2.304714260842907,-2.545657893155904,-2.7040489573363296,1.6079112465273133,1.2514550558476663,0.785742601243949,0.25151609286661825,-0.012469014100757514,-0.35992224448498567,-0.7520850912515495,-1.2419071683413043
2.3746887971117427,2.050582226476653,-1.4350893333243664,-1.711739621724281,-1.9452062192156596,-2.2687024196612295,-2.416869783167196,-2.48141643070893,1.6376667932664106,0.99326846568073,0.7268418779552746,0.15446723273294727,-0.06892825663135227,-0.6232969812628415,-0.7092065854377734,-1.257166423079303
2.429469521621158,1.874185241705389,-1.6175900199908297,-1.7326448007153394,-2.176536521043718,-2.322262403791605,-2.4370119994213546,-2.507204571216148,1.5952460650947746,1.1682921175255738,0.6694670801403997,0.20009240439956288,-0.24563042649737588,-0.4018851950144815,-0.8460821004376209,-1.1088464670259568
2.4653287702554545,1.7959052648994562,-1.6207944634858094,-1.9113306736973028,-2.026385454421812,-2.1966787372978764,-2.3163112944437856,-2.741586723991807,1.5830386613043759,1.0282121590307467,0.580353032470488,0.4228775235743425,-0.14827638126894493,-0.5677532940165264,-0.9736494700472891,-1.2791397499020207
2.3353199198877066,2.0415792661812335,-1.4149471170702084,-1.876844757989426,-2.184471333507478,-2.287929080631108,-2.4695142120132916,-2.530398638417906,1.570526072419217,1.1237350936906179,0.7288255810712143,0.24831164937163863,-0.256769682456115,-0.5724836629853058,-0.9658672501309096,-1.1624064511563317
2.448238404948896,2.068740739614871,-1.4973470926554007,-1.7787277500240948,-2.0816239565733667,-2.2694653823981294,-2.4794327275929904,-2.5169704942484667,1.4321246319455696,1.0923010289303408,0.8252640710153654,0.1805605583349248,-0.08693417722219055,-0.35915928174808576,-0.7217191743229323,-1.277308639333461
2.306632520980269,1.9542963290798816,-1.3545204683077339,-1.7979544109939734,-1.9517676987529993,-2.4051201570189376,-2.5578652969463036,-2.6555245272694945,1.5833438463991358,1.0449973392425451,0.6574122688973809,0.19017388881986386,-0.2532600538663754,-0.47482443266211494,-0.7276702836707516,-1.2794449349967807
2.3441702876357455,1.9823733577977989,-1.5243559735416583,-1.6609263034467459,-1.8948506785802643,-2.16081948866358,-2.6095941705081183,-2.6225645370354176,1.5201705317838214,1.154711380808755,0.7286729885238343,0.20131314477860296,-0.03139048997587568,-0.3832689042341233,-0.820904330119923,-1.2736464181963414
2.462582104402615,1.9306444842359838,-1.4593515483577844,-1.6507026027722866,-2.1388461618408616,-2.417937930998856,-2.4942342046888495,-2.530246045870526,1.3547602104239167,0.9432181101400946,0.7956611168236483,0.27944052903715577,-0.020556419111896762,-0.377470387433684,-0.7507117583251297,-1.3270538097793367
2.3702636132377233,1.8593837646095304,-1.5889026210833923,-1.820690700553591,-2.102834320659185,-2.2851824147782684,-2.588536398969681,-2.7385348730442063,1.5543512623969384,0.9691588431946923,0.8048166696664474,0.21840351008516135,-0.006212719658178045,-0.49160961287391336,-0.7421665756718503,-1.280665675375821
2.218891806236777,1.9977852050831775,-1.4813248751805022,-1.8058892234577324,-2.15898837809502,-2.2113276218463556,-2.5493201142930237,-2.7675274570464037,1.4777498036121854,1.2146802519290896,0.6308611656532634,0.32872792184089117,-0.12233564821434717,-0.6144466135148021,-0.8573739489437395,-1.1630168213458516
2.341118436688146,2.0319659356962942,-1.6067559491268506,-1.8364077329337296,-2.095662470932326,-2.297695003663427,-2.475770506455871,-2.610662318339778,1.513609052246482,0.9737366196160918,0.7141766965227356,0.12425390835171002,-0.2140437691897188,-0.6010184693453633,-0.9593057705935704,-1.301570854366879
2.3884221263759415,1.8924963473909873,-1.4997885734134808,-1.6494818623932468,-1.9789291721866364,-2.410766081271997,-2.572056403852642,-2.546268263345424,1.6173719844648726,1.1392995335233764,0.5975959903244263,0.3102642236079127,-0.10020972884424939,-0.385557792444823,-0.9731916924051491,-1.235956058993485
2.267874013945753,1.9414785550999627,-1.5216093076888186,-1.8020744097732329,-2.1161098722812444,-2.2941853750736874,-2.5093408668794677,-2.650641565753335,1.3489616936234774,1.090775103456541,0.7646848297055111,0.2707427538364964,-0.135763792383786,-0.39410297509810244,-0.8494391364799805,-1.3299530681795564
2.180591076844401,1.960552623522461,-1.6226255740543691,-1.6833574079116036,-2.118093575397184,-2.282130563830669,-2.5891467691592007,-2.610662318339778,1.4103038976702318,0.9818240246272311,0.5766908113333684,0.35588939527452856,-0.2741652328574333,-0.4565133269765167,-0.8265502543729828,-1.0847368445399188
2.3585139870894642,1.938426704152363,-1.6052300236530508,-1.7271514690096597,-2.0608713701296892,-2.2108698442042156,-2.505068275552828,-2.7356356146439866,1.5828860687569957,1.0272966037464668,0.710667067932996,0.26936942091007654,-0.030017157049455845,-0.5193814564970709,-0.7929798939493855,-1.3504004695284744
2.2022592185723586,1.9578059576696212,-1.385801940520631,-1.72486258079896,-2.1492224550627013,-2.432129037905195,-2.505678645742348,-2.570530478378842,1.3652890961931359,1.0912328810986809,0.7962714870131682,0.15645093584888703,-0.24196820536025632,-0.4583444375450765,-0.8495917290273605,-1.139212383954574
2.418177673115039,1.7832400834669173,-1.5576211488704952,-1.8370181031232495,-2.078877290720527,-2.424804595630955,-2.457001623128132,-2.508272719047808,1.5100994236567424,1.1743958194207733,0.6537500477602611,0.19078425900938378,-0.03413715582871557,-0.4905414650422535,-0.9730390998577692,-1.3377352880959354
2.3565302839735245,1.948802997374202,-1.5530433724490957,-1.8069573712893923,-2.1983572553190562,-2.408019415419157,-2.4046623793767976,-2.70176006912563,1.362695022887676,1.0010506855971093,0.6313189432954034,0.16224945264932655,-0.07976232749533141,-0.3875414955607628,-0.9770065060896487,-1.2196286564238266
2.448543590043656,1.8453452502505716,-1.4067071195116894,-1.672370744500245,-1.9726728777440572,-2.2534431649232314,-2.537265303050005,-2.5770919579161813,1.5972297682107144,1.1075602836683394,0.7422537252406531,0.2647916444886771,-0.1630778583648036,-0.4871844289998939,-0.7760421211902071,-1.2577767932688229
2.4438132210748766,2.0078563132102567,-1.4167782276387682,-1.8785232760106059,-2.0445439675600303,-2.1977468851295363,-2.547641596271844,-2.7455541302236863,1.5551142251338383,0.928874410686376,0.7033426256587567,0.08320651310649363,-0.041919375745094856,-0.6066643935984226,-0.9469457742557914,-1.1370760882912538
2.3482902864150055,1.9034830108023462,-1.5086389411615198,-1.889815124516725,-2.0979513591430257,-2.355069801478302,-2.4962179078047892,-2.716256361126729,1.3823794614996943,1.0868076972246614,0.5713500721750688,0.28111904705833557,-0.01018012589005779,-0.45452962386057694,-0.8917072721042367,-1.3668804646455128
2.1612118233271427,1.9184370804455848,-1.4970419075606407,-1.8036003352470327,-2.019976567431853,-2.2297913200793333,-2.473634210792551,-2.5087304966899477,1.4667631402008263,1.1768373001788532,0.48116787667349703,0.08824206717003324,-0.2607370886879945,-0.6435917900643795,-0.9002524547575157,-1.2931782642609795
2.2130932894363378,1.7460075019062007,-1.647955936919447,-1.8614329107040475,-2.1635661545164195,-2.328518698234184,-2.562443073367703,-2.765391161383084,1.5758668115775163,1.156389898829935,0.6830478168572185,0.18834277825130408,-0.2470037594237957,-0.40310593539352135,-0.9126124510952947,-1.3116419624939581
2.3028177072957696,1.7736267529819782,-1.442108590503846,-1.962296584522218,-2.1098535778386642,-2.1733320775487384,-2.5003379065840488,-2.763865235909284,1.493924613634464,0.9314684839918357,0.6803011510043788,0.2060435137473824,-0.14659786324776514,-0.3918140868874027,-0.7815354528958869,-1.17995459410503
2.3354725124350866,1.7705749020343784,-1.6368166809607079,-1.7747603437922153,-2.1309113493771026,-2.2134639175096753,-2.5424534496609246,-2.6297363867622767,1.3597957644874563,1.1449454577764362,0.7663633477266909,0.09480354670737268,-0.22289413693775817,-0.409514822383481,-0.8347902519315018,-1.3298004756321764
2.359582134921124,1.9756592857130797,-1.5286285648682978,-1.7498877585692778,-1.9523780689425192,-2.4382327398003945,-2.523379381238427,-2.548862336650884,1.404505380869792,0.9636655114890127,0.5629574820691696,0.32445533051425146,-0.18825562868250145,-0.4105829702151409,-0.9379428139603725,-1.18025977919979
2.3046488178643294,1.7841556387511972,-1.61591150196965,-1.7332551709048594,-2.215447620625615,-2.1896594801183973,-2.4208371893990757,-2.580143808863781,1.3881779783001336,0.9656492146049526,0.5570063727213501,0.2681486805310367,-0.06572381313637266,-0.615667353893842,-0.756968052767709,-1.3494849142441945
2.318992517318048,1.7362415788738816,-1.4611826589263441,-1.6777114836585443,-2.039508413496491,-2.3749068326377003,-2.6166134276875983,-2.7676800495937837,1.53848163746942,0.928569225591616,0.6384907930222625,0.19047907391462382,-0.15224378750082446,-0.42477407712147963,-0.9202420784642942,-1.3677960199297927
2.2068369949937585,1.9031778257075862,-1.454010809199485,-1.755838867917097,-1.9848802815344562,-2.2783157501461693,-2.360410540636601,-2.653235639058795,1.3869572379210937,0.9159040441590771,0.7376759488192535,0.2348835052021998,-0.08098306787437126,-0.6292480906106608,-0.8813309788823975,-1.28951604312386
2.365838429363704,1.776373418834818,-1.5725752185137338,-1.8725721666627861,-2.215600213172995,-2.3744490549955604,-2.4316712602630552,-2.5894519542539607,1.307609113283501,1.1658506367674941,0.5629574820691696,0.31102718634481286,-0.28362597079499263,-0.5247221956553703,-0.9817368750584281,-1.2062005122543877
2.3250962192132474,1.9533807737956017,-1.647650751824687,-1.777354417097675,-2.1606668961162,-2.3404209169298236,-2.402220898618718,-2.651404528490235,1.3536920625922568,1.077652144381862,0.537932304298852,0.2817294172478555,-0.15285415769034438,-0.4235533367424398,-0.9130702287374346,-1.3589456521817538
2.2817599357573313,1.926677078004104,-1.6236937218860295,-1.776896639455535,-1.9783188019971165,-2.368345353100361,-2.3987112700289783,-2.749521536455566,1.295554302040482,0.8995766415894186,0.6394063483065426,0.15187315942748736,-0.1050926903604088,-0.5666851461848665,-0.8794998683138378,-1.3505530620758543
2.2393392075856955,1.7699645318448585,-1.5219144927835786,-1.9476476999737393,-2.217126138646795,-2.3779586835853,-2.465241620686652,-2.7420445016339468,1.558013483534058,1.0167677179772479,0.7344715053242739,0.2542627587194579,-0.04314011612413471,-0.6373354956217998,-0.9603739184252302,-1.1582864523770722
2.3449332503726454,1.7267808409363226,-1.703194439071002,-1.9485632552580192,-1.9789291721866364,-2.4290771869575956,-2.5258208619965066,-2.548099373913984,1.4579127724527874,0.9381825560765551,0.6178907991259646,0.23854572633931936,-0.21801117542159876,-0.47223035935665525,-0.7731428627899875,-1.2461797596679438
2.2532251293972743,1.9184370804455848,-1.5554848532071754,-1.865095131841167,-2.0848284000683472,-2.443573478958694,-2.5018638320578486,-2.611883058718818,1.3507928041920372,1.1093913942368994,0.5010049078328953,0.26830127307841667,-0.34374743446270717,-0.47314591464093514,-1.0543709276113016,-1.167289412672491
2.2617703120505532,1.8667082068837697,-1.4591989558104044,-1.8237425515011907,-2.1228239443659636,-2.3419468424036234,-2.417174968261956,-2.788737821132222,1.3510979892867971,0.8798922029774003,0.4601101051350591,0.3311694025989709,-0.0976156555387897,-0.4674999903878758,-0.9242094846961737,-1.203301253854168
2.3359302900772265,1.7956000798046963,-1.5884448434412524,-1.7521766467799775,-1.963059547259118,-2.3491186921304825,-2.410308303629857,-2.5690045529050423,1.3260728115164793,1.1257187968065578,0.6453574576543619,0.30843311303935295,-0.3219267001873689,-0.6184140197466816,-0.8724806111343582,-1.309047889188498
2.3826236095755022,1.7685911989184386,-1.603856690726631,-1.908889192939223,-2.208428363446135,-2.2220091001629543,-2.4135127471248365,-2.747690425887006,1.4330401872298495,0.9345203349394354,0.6165174661995447,0.25487312890897784,-0.0847978815588708,-0.7110376960063332,-0.9719709520261093,-1.1817857046735898
2.359124357278984,1.699314182407925,-1.4491278476833251,-1.703194439071002,-2.1087854300070044,-2.176536521043718,-2.48217939344583,-2.548709744103504,1.3773439074361546,1.0488121529270449,0.6674833770244599,0.12333835306743013,-0.24730894451855567,-0.5534095945628077,-0.9268035580016334,-1.3250701066633965
2.309226594285729,1.839699325997512,-1.6136226137589502,-1.9079736376549432,-2.223382433089374,-2.399779417860638,-2.457764585865032,-2.7379245028546864,1.3504876190972772,1.0538477069905845,0.6636685633399604,0.2512109077718583,-0.12508231406718728,-0.6889117766362354,-0.9351961481075324,-1.3598612074660337
2.102005914943708,1.7670652734446388,-1.594548545336452,-1.7721662704867556,-1.9841173187975563,-2.2629039028607902,-2.530856416060046,-2.7350252444544667,1.4670683252955863,1.0655973331388433,0.6801485584569988,0.04856800485123691,-0.15148082476392455,-0.7085962152482534,-1.051471669211082,-1.3381930657380754
2.3688902803113034,1.7719482349607985,-1.659552970520326,-1.83289810434399,-2.0569039638978093,-2.232995763574313,-2.602727505876019,-2.5265838247334065,1.5021646111929832,1.0173780881667678,0.43844196340710107,0.28539163838497505,-0.33932225058868726,-0.5640910728794069,-0.8494391364799805,-1.2551827199633632
2.1407644219782243,1.8454978427979516,-1.6096552075270707,-1.9287262240986212,-2.2050713274037754,-2.1861498515286577,-2.548404559008744,-2.7780563428156233,1.5296312697213805,0.8480003605749833,0.5438834136466713,0.2789827513950156,-0.24410450102357606,-0.679756223793436,-0.8837724596404772,-1.1616434884194318
2.18623700109746,1.8668607994311497,-1.6409366797399678,-1.9113306736973028,-2.151358750726021,-2.419616449020036,-2.4789749499508504,-2.546268263345424,1.3584224315610363,0.9889958743540904,0.42394567140600237,0.18193389126134463,-0.12615046189884715,-0.5653118132584467,-0.85340654271186,-1.276698269143941
2.549256883018399,1.9919888999866902,-1.506805618889008,-1.5576189371665432,-1.9395580832586479,-2.0636158242785765,-2.203390597678644,-2.4919431047741973,1.6723075132256195,1.2529831930254183,0.6661122558019921,0.46987823987133015,-0.11210973583593642,-0.527466649804258,-0.8628650689454673,-0.9986724361136545
2.383541376563734,2.036545923821646,-1.2840204997142286,-1.7855922029522424,-1.801004050237621,-2.0973387772495533,-2.2946409410118758,-2.494384585532277,1.4624927605781388,1.1177861960467506,0.7517166748821642,0.42577899367851435,-0.061449010105780744,-0.48611406946428204,-0.6882991947427635,-1.0223242809575526
2.395291002711993,1.9700155731639721,-1.3291878937387045,-1.7614825804662044,-1.8113803434594598,-2.156239500538228,-2.24611651094504,-2.3597979587431297,1.6713919579413397,1.1190069364257904,0.8989684831038507,0.4329508434053735,-0.12324899179467508,-0.3809778043194716,-0.6344340255176282,-1.0453657556119302
2.577181319188936,1.8990600386322787,-1.2458723628692319,-1.616061882813078,-2.0567491596464773,-2.0475936068036784,-2.438535713191202,-2.436704602622642,1.7264778675455146,1.0343180726298982,0.6969359503727492,0.4584337988178313,-0.002243101722346541,-0.48840295767498176,-0.800912494709193,-0.9841761441125558
2.4467146911790483,1.8557237551763626,-1.4453108222948736,-1.755989248760525,-1.7949003483424213,-2.2625965060620787,-2.4013031316304856,-2.3276009312459527,1.5780053189447882,1.1718039578192656,0.8438825734996758,0.44210639624817283,0.07924131857856631,-0.43209630769176677,-0.8437910005229687,-1.1862086768436573
2.341273240939478,2.0431074033589853,-1.449888598716273,-1.7027344497249097,-1.8124484912911196,-2.0488143471827183,-2.4040497974833253,-2.598300110298047,1.6575060361297609,1.0495773273678968,0.8451033138787156,0.4926145294309481,0.005233933099273003,-0.44003112015552626,-0.6098666253894507,-0.9483168954782593
2.53796503451228,1.88715781993664,-1.5097048772892276,-1.735694439958987,-1.873638102790494,-2.114276550008732,-2.3837549886817877,-2.4597460772770203,1.7130497233760758,1.0514084379364568,0.6444441140740342,0.25716422882362977,0.10518205163316363,-0.5473036809636564,-0.6623584616881657,-1.04689168108573
2.4262672898301303,2.1172673813856586,-1.3886989872168987,-1.7623981357504843,-1.9511551168595274,-1.9880825133254838,-2.3156987125503132,-2.382229063207987,1.4788201631477973,1.2670217073843768,0.7189092771954673,0.1964323949663953,-0.17009490384033077,-0.4259926057965675,-0.659459203287946,-0.9834131813756559
2.3991058163964927,1.938581508403695,-1.257469396470111,-1.7111270398308092,-1.8383892243457174,-2.0559861969095774,-2.3463698145736904,-2.5163579123549953,1.5865505015980674,1.1608172944079067,0.6972411354675092,0.45889157645997125,-0.16933194110343086,-0.5202948000773988,-0.7974028661194534,-0.9855494770389761
2.280693999629624,1.9629963159844928,-1.4385967502101544,-1.6546677973002142,-1.7944425707002813,-2.205832078436724,-2.3146305647186534,-2.4357890473383623,1.4472335058401402,1.158833591291967,0.6235389350829761,0.24709312069655076,-0.0025482868171065043,-0.4906918458856815,-0.6225318068219892,-1.1299020268604427
2.263756226870445,1.9967192689554698,-1.4688100745913912,-1.623538917634697,-1.906903278119331,-2.2407757717867405,-2.3146305647186534,-2.4495223766025616,1.689245285984798,1.0359965906510782,0.6944944696146695,0.4042634444979363,0.09663686897988466,-0.527008872162118,-0.7935880524349535,-1.1552323897255201
2.3469191651925376,2.1279488597022578,-1.2618945803441304,-1.7173833342733884,-2.0543076788883976,-2.291589090064276,-2.35735647798505,-2.5142216166916755,1.4948423806226958,1.0036469706065212,0.6976989131096492,0.3027894004902456,-0.19161045302090907,-0.5604266400383349,-0.6448103187394674,-1.1749168283375386
2.372554713152375,2.013809634262028,-1.3705404740786804,-1.6185033635711576,-1.8678395859900547,-2.02867213092856,-2.334162410783292,-2.3472853698579703,1.6388897453494027,0.9975432687113217,0.6482589277585338,0.4309671402894337,-0.035660869598563405,-0.3765526204454521,-0.8482161843969886,-1.1889553426964974
2.364162123046476,1.9689474253323123,-1.4492782285267531,-1.603854479022679,-1.8954588370658323,-2.275414280041997,-2.278618723536977,-2.438688305738582,1.525513482646073,1.1646321080924062,0.8272499858352573,0.1811731402283967,-0.11500899423615607,-0.3272652276417163,-0.6756340133102245,-1.1968901551602564
2.263603634323065,1.951551874930994,-1.4170812010295761,-1.757362581686945,-2.0627002689942966,-2.1199224742617915,-2.3289742641723725,-2.3636127724276292,1.6257667862747238,1.1508987788282075,0.6180456033772965,0.4364604719951133,-0.18291267782024967,-0.5436414598265364,-0.6617480914986458,-1.0102694697145336
2.268791780933985,2.0524155487491647,-1.4193700892402759,-1.7828455370994027,-1.9362010472162883,-2.02806176073904,-2.391232023503407,-2.3955046148300463,1.4151890708903432,1.189046915673204,0.6449018917161742,0.45904416900735123,0.07130650611480682,-0.4487288953561852,-0.7665791715486963,-0.9646442980479177
2.2713858542394445,2.081102947656602,-1.4912411790562494,-1.7166203715364885,-1.8858455065808934,-2.155629130348708,-2.4008453539883456,-2.4177831267475245,1.5113223757397343,1.0855891685495735,0.7099063169000481,0.1770531414491372,-0.14018676455385348,-0.3689229930764526,-0.6377910615599878,-1.1329538778080424
2.493865788319464,2.0542466593177244,-1.519013022679407,-1.7392040685487267,-1.8475447771885167,-2.1608172769596274,-2.286095758358596,-2.3370616691835115,1.6114230868210053,1.0088351172174406,0.7303537182489663,0.3726767871902792,0.03361614691195047,-0.4481185251666653,-0.7731406510860355,-1.1373790616820618
2.327387319127899,2.082781465677782,-1.5039063604887883,-1.6888485279133314,-1.8853877289387535,-2.2172765194902224,-2.229636515828002,-2.494842363174417,1.429532770344062,1.0756706529698745,0.7767418526524819,0.16896573643799795,-0.18016601196741,-0.4584948183885045,-0.6832636406792236,-1.1619464618102398
2.4692983881912864,1.9593340948473732,-1.5231330214586665,-1.7730796140670835,-1.854106256725856,-2.2258217021435014,-2.332178707667352,-2.5810571524441093,1.634159376380623,1.2401654190454994,0.809854435433939,0.2177953515995934,-0.14018676455385348,-0.5143436907295791,-0.6536606864875063,-1.1651509053052194
2.2600940057333254,1.9463637283200743,-1.3938871338278185,-1.7819299818151229,-1.961989187723506,-2.227347627617302,-2.2737357620208174,-2.3453016667420306,1.4858394203272767,1.179586177735645,0.7186040921007073,0.18742943467097617,-0.15407268636543225,-0.5837732997874729,-0.8079317518886722,-0.9925687342184553
2.4218421059561104,2.062486656876244,-1.5347300550595455,-1.8000884949533411,-1.833048485187418,-2.2155980014690426,-2.4768364425835783,-2.6108126991832066,1.5744956903550484,1.0836054654336338,0.656804110411813,0.44958343106979215,0.059709472513927775,-0.3019348647766389,-0.7694784299489159,-1.0887020390678463
2.394680632522473,1.971083720995632,-1.4285256420830752,-1.7195196299367086,-1.9697714076398851,-2.2488631767978795,-2.269157985599418,-2.3855860992503475,1.4574572065145994,1.2400128264981194,0.7819299992634015,0.16728721841681793,-0.09120455684487805,-0.5823999668610531,-0.8248695246478506,-1.1106753658905646
2.4752494975391057,2.0673696183924033,-1.385036766079779,-1.6519211314473745,-1.9152958682252308,-2.2632068762515987,-2.24550614075552,-2.57556382073843,1.4960631210017357,1.0239417794080592,0.6914426186670699,0.18224128806005657,-0.23509932902420516,-0.4310281598601069,-0.6852473437951634,-1.2393108833318927
2.353480644729877,1.8656422707560618,-1.3029419755893468,-1.7411877716646664,-2.0160069494960213,-2.1850794919930454,-2.430448308180063,-2.4972838439324967,1.3939787068045253,1.1841639541570443,0.6607715166436927,0.2025360968615948,-0.1987823027477682,-0.35717336692819357,-0.950148006046819,-1.0928220378471059
2.350276201234897,1.9874111235652905,-1.5332041295857457,-1.6757255688386525,-1.8843195811070936,-2.042863237834899,-2.2412335494288804,-2.389858690576987,1.4339579542180814,1.0308084440401586,0.7807092588843616,0.18987091542905588,0.029343555585310543,-0.3873866913094308,-0.668614756130745,-1.038651683527211
2.255211044217166,1.9478896537938741,-1.3406323347922031,-1.7015137093458699,-1.8608203288105756,-2.0804010044903753,-2.2499313246295394,-2.6280556570371445,1.6163060483371647,1.0233314092185393,0.6952574323515694,0.2467879356017908,0.037583553143829995,-0.4768059240741027,-0.9029969089064034,-1.1064027745639247
2.264214004512585,1.8450422768597636,-1.5667744900093425,-1.834116633019078,-2.0770439684480158,-2.268700207957278,-2.3459120369315505,-2.6341593589323447,1.3953520397309451,1.1576128509129269,0.5386974787397039,0.20528276271443446,-0.07182530332761994,-0.32238226612555687,-0.7903836089399738,-1.0995361099318255
2.416043589155671,1.9452955804884144,-1.2928708674622675,-1.6711477924172526,-1.8176366379020394,-2.1194646966196515,-2.2984557546963753,-2.4908749569425375,1.517731262729694,1.1534928521336671,0.6729789204340915,0.41296121969859545,-0.2456282147934239,-0.37517928751903185,-0.8059480487727324,-1.0090487293354937
2.331354725359779,1.972304461374672,-1.4013641686494376,-1.7054811155777498,-1.8834040258228137,-2.2961668664856756,-2.319208341140053,-2.454100153023961,1.3591876060018884,0.9424573591071468,0.8260292454562175,0.42135380980449466,-0.1412549123855138,-0.4530014866828247,-0.9246650506343617,-1.1250190653442829
2.448698394294988,1.8941770771161193,-1.539460424028325,-1.636356691614616,-1.853038108894196,-2.02775657564428,-2.4246497913796237,-2.4646290387931797,1.3630024196863881,1.1548661850600872,0.7282174225856464,0.37313456483241914,0.009964302068052433,-0.45239111649330477,-0.8843806181260452,-1.2493819914589714
2.262993264133545,1.8107089536992669,-1.5806604118209213,-1.6836603813024116,-1.8464766293568569,-2.220633555532582,-2.398709058325026,-2.5615253063794707,1.5763268009236084,1.2078157990009424,0.7504959345031244,0.2898190339629467,0.040482811544049646,-0.4618518544308641,-0.7482680658630976,-1.1088442553220044
2.462584316106567,1.841074870627884,-1.5879848540951604,-1.7988677545743013,-1.8866084693177934,-2.2712942812627377,-2.3552201823217302,-2.3936735042614865,1.3889431527409857,0.9922025295530221,0.7419507518498452,0.25899533939218955,-0.115619364425676,-0.5738547842077737,-0.8669850677247268,-1.0665761196977486
2.267113262912805,2.0110629684091883,-1.4762871094130108,-1.7785729457727628,-1.8624988468317554,-2.278618723536977,-2.4005401688935857,-2.5334482776615532,1.3695638992237273,1.060563990779256,0.666722625991512,0.32201606146012374,-0.08571122513919871,-0.39745779943651005,-0.9416028233935401,-1.0354472400322314
2.4645680192225066,1.8409222780805041,-1.5744041173783416,-1.6760307539334125,-2.091235075354354,-2.2567979892616385,-2.2954039037487757,-2.487975698542318,1.5041505260128751,1.0144810414705001,0.6421552258633343,0.3615375312315401,-0.22045044447572648,-0.3706015110976324,-0.885601358505085,-1.1901760830755372
2.448850986842368,2.0331888877792865,-1.3882412095747587,-1.614993734981418,-2.0808587821325153,-2.2471846587766997,-2.318597970950533,-2.6126438097517664,1.5332957025624525,1.1919461740734238,0.6760307713816913,0.28875088613128685,-0.05671864113700131,-0.37334817695047207,-0.7879421281818941,-1.179799789853698
2.3577532360565163,1.9590289097526132,-1.3627582541623013,-1.6009552206224593,-1.9925076971995033,-2.13151950786267,-2.3283638939828526,-2.422971273358444,1.589449759998287,1.0549180665261964,0.7039552075522286,0.23122349576903223,-0.08037048598089935,-0.43942074996600633,-0.8749198801884859,-1.1404309126296615
2.20989105764531,1.9468215059622143,-1.344599741024083,-1.6342203959512962,-2.003799545705622,-2.043778793119179,-2.325312043035253,-2.5075075446069555,1.3343150207789507,1.1772972895249452,0.6268959711253357,0.11998352872902229,-0.1879482318837895,-0.5694296003337542,-0.873546547262066,-1.2075716334768556
2.242545862784627,1.9692526104270722,-1.4450056372001137,-1.822214414323439,-1.9697714076398851,-2.1834009739718656,-2.415189053442065,-2.5401623497462733,1.4968260837386356,1.0314188142296785,0.6488692979480537,0.17766351163865712,-0.2497482135726834,-0.5427259045422566,-0.8732413621673061,-1.0285805754001318
2.3489028683084774,1.8308511699534251,-1.4016693537441975,-1.59241003796918,-1.987166958041204,-2.326837968509053,-2.470885333235759,-2.592349000950228,1.5107120055502143,0.9766380897202636,0.7143315007740676,0.20513017016705448,-0.07243567351713986,-0.6304666192857487,-0.9882961428918158,-1.0751213023510275
2.416043589155671,1.9553666886154935,-1.441496008610374,-1.604159664117439,-2.0552232341726775,-2.2409283643341205,-2.3953520222826663,-2.646214170175363,1.3509476084433691,0.9461195802442663,0.5457167359191832,0.3699301213374393,-0.2610400620788025,-0.5082399888343798,-0.7214117775242204,-1.255943470996311
2.3617206422883963,1.7734763721385502,-1.3433790006450428,-1.7617877655609644,-2.0395062017925394,-2.0948972964914736,-2.3837549886817877,-2.406643870788785,1.5728171723338686,0.9345225466433875,0.5805078367218199,0.19292276637665573,-0.08174381890731919,-0.5674458972178145,-0.72476881356658,-1.0291909455896517
2.1723532909898338,2.0103000056722884,-1.6004974429803194,-1.6265907685822971,-1.9339121590055885,-2.2732779843786775,-2.286400943453356,-2.6137119575834262,1.547791994563551,1.1853846945360844,0.5097048947375065,0.23656423492733158,-0.12446973217371493,-0.5296029454675777,-0.9638813353110178,-1.3149967868323658
2.2404095671213073,1.8723563428407812,-1.582491522389481,-1.7300485157059273,-2.122821732662011,-2.2876216838323957,-2.470580148140999,-2.455626078497761,1.602725311620346,1.179280992640885,0.5144352637062861,0.19170202599761588,-0.16521194232417136,-0.4568163003673247,-0.9788354049542565,-1.3075197520107462
2.2022614302763106,1.9361400276456153,-1.5985137398643796,-1.8852351363913735,-1.8443403336935371,-2.090166927522694,-2.283806870147896,-2.380703137734187,1.5555742144799303,1.0201269657235597,0.7034974299100887,0.265556818929529,-0.028794204966463788,-0.5660725642913946,-0.7479628807683376,-1.288293091040868
2.1746421792005335,1.9344615096244355,-1.3594012181199413,-1.6004974429803194,-1.8519699610625362,-2.1852320845404254,-2.4159520161789647,-2.4103060919259045,1.3543046444857287,1.0240943719554392,0.5516678452670027,0.16896573643799795,-0.15086824287045264,-0.4404888977976662,-0.9492324507625391,-1.2380901429528528
2.1935636550756517,1.8448896843123836,-1.4402752682313342,-1.6911374161240311,-1.978011405198405,-2.2421491047131603,-2.46157718784558,-2.550996420610252,1.4139683305113033,1.005630673722461,0.7363048275967856,0.20390942978801463,-0.0406964236621028,-0.6425214305287676,-0.8239539693635707,-1.2495345840063514
2.2504806752483866,1.77622303799139,-1.443021934084174,-1.692052971408311,-1.995101770504963,-2.108172848113533,-2.382686840850127,-2.607303070593467,1.4536423928300997,1.0663625075796954,0.775215927178682,0.25151830457057023,-0.044053459704462394,-0.4259926057965675,-0.8382976688172894,-1.039719831358871
2.330896947717639,1.8574022731975426,-1.4584337813695525,-1.7709433184037637,-1.8795892121383133,-2.220328370437822,-2.471343110877899,-2.5938749264240277,1.4348735095023613,0.8815729327025323,0.5640278416047815,0.2585375617500496,-0.10509047865645682,-0.5492873840795962,-0.8459272961862889,-1.2626575430810303
2.1509903343566354,1.8233741351318056,-1.429746382462115,-1.6395611351095956,-2.073534339858276,-2.2180394822271223,-2.4118320173997043,-2.5485549398521723,1.298303179597274,1.0881832418550332,0.7143315007740676,0.12578204552946204,-0.02894679751384377,-0.3867763211199109,-0.9510635613310989,-1.2217627403831943
2.395901372901513,1.8041474741619274,-1.4140293500819765,-1.8672292158005348,-1.9470351180802679,-2.2561876190721186,-2.4432660821599814,-2.6442304670594234,1.3019654007343937,1.0718558392853748,0.4900204561254884,0.19521165458735545,-0.0448164224413623,-0.44247260091360596,-0.8703421037670864,-1.082445744625267
2.3562273105827165,1.9111148498752977,-1.5449537557340043,-1.8930173563077526,-1.8612781064527155,-2.2166661493007025,-2.422360903168924,-2.4019135018200055,1.4579149841567394,0.9552751330870655,0.5457167359191832,0.2373271976642315,-0.16750083053487108,-0.6617480914986458,-0.7958769406456532,-1.0842768551938269
2.3667561963519357,1.8250526531529856,-1.3957182443963783,-1.6380352096357957,-1.931012900605369,-2.122058769925111,-2.3854335067029675,-2.6028778867194475,1.5708334692179289,0.8849299687448919,0.5638752490574015,0.23931090078017148,-0.16109194354491185,-0.5439466449212964,-0.757118433611137,-1.0542161233599696
2.3429517589606577,1.88380078389428,-1.441343416062994,-1.6183507710237777,-1.986098810209544,-2.2467268811345598,-2.511474950838836,-2.4009979465357256,1.5740379127129085,0.918652921715869,0.4926145294309481,0.2914975519841265,-0.10005492459291743,-0.4551377823461449,-0.8842280255786652,-1.1179998081648037
2.4189428475558907,1.7692037808119108,-1.5208441332479667,-1.8570055151260756,-2.1354869140945505,-2.3308053747409323,-2.4841608848578183,-2.4359416398857423,1.5686971735546091,0.9134647751049494,0.5824915398377599,0.17567980852271736,-0.032914203745723736,-0.5407422014263168,-0.7694784299489159,-1.2138279279194348
2.384762116942774,1.8953978174951591,-1.4002960208177777,-1.6969359329244704,-2.1286202494624504,-2.291283904969516,-2.3546098121322103,-2.5447401261676728,1.5599993983539497,1.0129551159967003,0.525116742022885,0.1523331487735795,-0.24456006696176402,-0.5375377579313372,-0.930616159982181,-1.204062004887116
2.3243354681802995,1.7952971064138883,-1.6346781735934361,-1.713263335494129,-1.9178899415306905,-2.3359935213518517,-2.503692730922456,-2.4751579245623985,1.4951475657174558,0.9345225466433875,0.6894589155511299,0.24831386107559061,-0.3179570822515374,-0.48611406946428204,-0.9733420732485771,-1.288140498493488
2.352412496898217,1.8090304356780869,-1.430967122841155,-1.7259285169266678,-1.92231512540471,-2.1743980136764467,-2.404965352767605,-2.5978423326559072,1.3008972529027338,1.057512139831656,0.6604663315489328,0.14394055866768007,-0.2976622734499994,-0.5442518300160564,-0.7529984348318775,-1.2145908906563347
2.352259904350837,1.7711874839278505,-1.6104159585600186,-1.8118381211015997,-2.0884884095015144,-2.331720930025212,-2.3866542470820074,-2.518341615470935,1.5210882987720535,1.1098513835829913,0.4753715715770097,0.26082644996074933,-0.05153049452608194,-0.49847406580206055,-0.9380931948038005,-1.2940916078413074
2.313348804768941,1.797585994624588,-1.570894488788602,-1.8179418229967994,-1.854106256725856,-2.1605120918648675,-2.3944364669983864,-2.390621653313887,1.5540482890061305,0.9561906883713454,0.6624500346648725,0.14928129782597965,-0.13393047011127424,-0.4769585166214827,-0.8718680292408862,-1.3117923433373857
2.3685873069204955,1.874187453409341,-1.6497848357840548,-1.7732322066144635,-1.9104129067090705,-2.3530838866584105,-2.253593545766659,-2.428464605064123,1.4898068265591564,1.0851313909074336,0.47750786724032945,0.17598499361747733,-0.2473067328146037,-0.46215703952562404,-0.9359568991404803,-1.2396160684266526
2.231864384468028,1.742957862662553,-1.5856959658844607,-1.7015137093458699,-2.0640736019207164,-2.3546098121322103,-2.5323801298298934,-2.4188512745791844,1.548249772205691,0.9967803059744218,0.6418500407685743,0.211081279514874,-0.10585344139335673,-0.4026459460474294,-1.0114902100935734,-1.3490249248981026
2.135731079618637,1.690923804005978,-1.3821375076795595,-1.733558144295667,-2.100390628197153,-2.275261687494617,-2.4032868347464253,-2.4341105293171825,1.516052744708514,0.8905758929979515,0.6799981776135708,0.11601612249714277,-0.29705190326047903,-0.6268043981486291,-1.0426190897590906,-1.123187954775723
2.2690969660287448,1.8364970942064844,-1.5689107856726623,-1.9204840148361502,-2.0453047185929787,-2.1025269238604736,-2.3068483448022743,-2.6443830596068034,1.384517968866966,0.9520706895920859,0.4564500957018913,0.23107090322165225,-0.14430676333311343,-0.45391704196710503,-0.9986724361136545,-1.1698812742739988
2.2137058713298097,1.7176274997974754,-1.365352327467761,-1.744849992801786,-2.1280098792729305,-2.114276550008732,-2.412747572683984,-2.5297860565244337,1.3866542645302857,0.9409314336333467,0.5141300786115262,0.06260873091414787,-0.07029937785382012,-0.7079836333547815,-0.8366191507961096,-1.2338175516262129
2.1830347693064325,1.679021585310339,-1.6423078009624357,-1.7344736995799468,-2.1438795042004495,-2.090624705164834,-2.283654277600516,-2.494079400437517,1.4353312871445014,0.9786217928362033,0.6108737536504372,0.2707449655404486,-0.05824456661080113,-0.5291451678254377,-0.7636799131484762,-1.2089449664032754
2.158925146820395,1.8596911614082423,-1.5852381882423208,-1.7741477618987433,-2.0161595420434013,-2.326837968509053,-2.3367564840887516,-2.4756157022045384,1.460356464914819,0.8351847982990166,0.6578722582434728,0.15675833264759897,-0.21541489041218664,-0.48672443965380197,-0.8997924654114238,-1.2512131020275317
2.2289651260678083,1.7804956293180296,-1.656041130226634,-1.8187047857336993,-2.059190640404557,-2.24581132585028,-2.3068483448022743,-2.6608630547238414,1.4455549878189604,1.0175328924180997,0.4566026882492713,0.2507553418336703,-0.13469343284817414,-0.591860704798612,-0.9400768979197403,-1.2911923494410877
2.3246406532750594,1.7318186067038142,-1.4558397080640928,-1.70487074538823,-2.0405743496241993,-2.310357973392014,-2.4084749813573447,-2.396877947756466,1.4675283146416784,0.8567003474795947,0.6362041165155148,0.09892575719058438,-0.05824456661080113,-0.7096621513759613,-1.0171361343466332,-1.1459242443353412
2.2584154877121456,1.7606585981586313,-1.4878841430138898,-1.8641773648529352,-2.043626200571799,-2.3358409288044717,-2.398709058325026,-2.4031342421990454,1.4315164734600017,1.0947447213923727,0.591647092680559,0.2510605269284303,-0.23876155016132472,-0.6718191996257246,-0.7639850982432361,-1.232139033605033
2.3614154571936363,1.8583178284818225,-1.6192663263080576,-1.9352854919320084,-2.1302987674836302,-2.202627634941744,-2.439298675928102,-2.484923847594718,1.4106112944689437,1.0730765796644146,0.6206396766827562,0.048570216555189116,-0.30315560515567874,-0.6892147500270434,-0.7763450945810151,-1.1787316420220382
2.32036806194842,1.8482467203547435,-1.6441389115309955,-1.777047020298963,-2.003036582968722,-2.268700207957278,-2.4595934847296403,-2.5450453112624327,1.3817713030141263,1.0198217806287997,0.46148564976543094,0.21123387206225397,-0.11378825385711622,-0.5642414537228349,-0.7751243542019752,-1.1382946169663417
2.1160466410066188,1.8728141204829212,-1.5458693110182842,-1.8800469897804533,-2.1675313490443475,-2.2821283521267164,-2.4183934969370444,-2.396877947756466,1.2639698564367772,1.036759553387978,0.5299997035390447,0.025070964258671058,-0.3323007817052561,-0.7034058569333816,-1.0687124153610683,-1.301110865020787
2.3600421242672165,1.6814630660684187,-1.4591967441064524,-1.679692975070532,-2.0958128517757535,-2.0935239635650538,-2.267632060125618,-2.4762260723940583,1.2561876365203979,0.9871669754894825,0.45797602117569136,0.23000275538999215,-0.2811822783329605,-0.7299569601774993,-1.0160679865149733,-1.1065553671113046
2.232779939752308,1.7180852774396154,-1.6337626183091563,-1.768807022740444,-1.9877773282307238,-2.3681905488490287,-2.5134586539547756,-2.454863115760861,1.2738883720164762,0.9838099394471229,0.6297952295255556,0.2068086881882345,-0.30651264119803834,-0.4957273999492209,-0.7885524983714141,-1.15569016736766
2.2202673508671493,1.808114880393807,-1.495361177835509,-1.9096499439721706,-2.1339609886207507,-2.299523902528035,-2.3797875824499073,-2.551911975894532,1.287163923638535,0.9757225344359837,0.4202856619728348,0.265556818929529,-0.24044006818250452,-0.494964437212321,-1.0328531667267717,-1.224204221141274
2.352412496898217,1.646519372718402,-1.409451573660577,-1.7471388810124857,-1.978926960482685,-2.1205328444513114,-2.470122370498859,-2.447080895844482,1.3582720507176085,0.9355906944750474,0.6322367102836353,0.031785036343390694,-0.26393932047902213,-0.4754325911476829,-1.0333109443689117,-1.2748649468714293
2.2401043820265474,1.8851741168207,-1.4431745266315539,-1.820535896302259,-1.882335877991153,-2.316919452929353,-2.3305001896461723,-2.592959371139748,1.3787194520665267,1.048203994441477,0.5341197023183042,0.1352427834670209,-0.26928005963732193,-0.45178074630378484,-1.0743583396141276,-1.26952420771313
2.312891027126801,1.9199652176233368,-1.627811508961337,-1.8762321760959537,-2.1827906037823457,-2.2395550314077006,-2.511932728480976,-2.527497168313734,1.406949073331824,0.9970854910691818,0.5968352392914784,-0.003006064459246449,-0.12172306632087526,-0.5173955416771792,-0.9033020940011633,-1.2823419816930488
2.0559251773389042,1.8789178223781207,-1.6214026219713773,-1.8809625450647331,-1.9592425218706664,-2.316461675287213,-2.4327371963907627,-2.486144587973758,1.406338703142304,1.0521714006733567,0.4320352881210936,0.11632130759190273,-0.22334970287594613,-0.6576280927193863,-0.8926206156845646,-1.3113345656952458
2.1485488535985557,1.9092837393067377,-1.571352266430742,-1.833048485187418,-1.994186215220683,-2.366206845733089,-2.4409771939492817,-2.615237883057226,1.2819757770276154,1.057817324926416,0.6294900444307956,0.15919981340567868,-0.2744682062482413,-0.5619525655121347,-0.8022858276356128,-1.3920560232592587
2.10078738626862,1.765083782032651,-1.4767448870551507,-1.8757743984538138,-2.035691388108039,-2.309595010655114,-2.277397983157937,-2.4833979221209184,1.2181920922227814,0.9195684770001489,0.3938871512760971,0.045060587965449095,-0.1366771359641139,-0.636112543538808,-0.9428235637725799,-1.1089968478693844
2.091174055783681,1.8949400398530192,-1.450956746547933,-1.80970182543828,-1.9606158547970862,-2.2822809446740964,-2.5372630913460528,-2.3951994297352863,1.416714996364143,0.7920011073904805,0.5832545025746598,0.134327228182741,-0.09517196307675801,-0.61520736454775,-0.9370250469721402,-1.2087923738558954
2.1044496074057397,1.8290200593848651,-1.6841181589445515,-1.8049714564695005,-2.036149165750179,-2.147999502979709,-2.533600870208933,-2.6027252941720675,1.23360393950816,0.9664143890458046,0.4457686173852924,0.2168797963153135,-0.2212134072126264,-0.5758384873237135,-0.8833124702943853,-1.3125553060742856
2.268944373481365,1.8668630111351017,-1.5055848785099681,-1.91422772039357,-1.9831995518093244,-2.2101046697633633,-2.35888240345885,-2.518341615470935,1.3169194703776324,0.8579210878586345,0.6580248507908528,-0.0020905091749665594,-0.3348948550107158,-0.7488784360526175,-1.0174413194413932,-1.2280190348257736
2.2939695512516822,1.765083782032651,-1.4465315626739135,-1.8846247662018536,-2.13808098740001,-2.124500250683191,-2.5484023473047923,-2.6274452868476246,1.244132825277379,0.993270677384682,0.6613818868332126,0.18697165702883622,-0.2672963565213822,-0.7316354781986791,-1.0754264874457875,-1.3626056616149214
2.1073488658059594,1.8241370978687055,-1.7024292646301498,-1.8705862518428944,-1.9157536458673707,-2.212393557974063,-2.541993460314833,-2.5006408799748563,1.3599505687387883,0.7982574018330599,0.5005493418947073,-0.015518653344404942,-0.1230963992472951,-0.5003051763706203,-0.8563035894081277,-1.3355967807286637
2.1931058774335117,1.8770867118095607,-1.495513770382889,-1.946119562795988,-2.171956532918367,-2.372463140175668,-2.447233488391862,-2.406491278241405,1.3132572492405126,0.8852351538396519,0.5605182130150419,-0.030320130440263604,-0.2430341414879642,-0.5231940584776185,-1.083971670099067,-1.2904293867041878
2.1284066373443977,1.77546007525449,-1.4369182321889742,-1.9177373489833105,-2.1657002384757877,-2.1930143044568045,-2.4011505390831056,-2.5239875397239944,1.2950987361022943,0.8402203523625562,0.40441603704531626,0.18819239740787608,-0.2668385788792422,-0.6724295698152449,-0.9699850372062175,-1.4080782407341572
2.122150342901818,1.8783074521886007,-1.6899166757449913,-1.736609995243267,-1.92170475521519,-2.2653431719149184,-2.5334482776615532,-2.454710523213481,1.1759239565985253,0.9113284794416296,0.6105685685556772,0.03910947861762981,-0.2949156075971593,-0.6367229137283279,-0.8764458056622861,-1.417996756313856
2.1511429269040154,1.7386852713359136,-1.6320841002879765,-1.9108706843512104,-2.1930143044568045,-2.195760970309645,-2.3286690790776126,-2.535737165872253,1.4434186921556407,0.9954069730480017,0.41036714639313576,-0.0373393876197432,-0.2517319166886236,-0.6339762478754882,-1.0778679682038672,-1.3125553060742856
2.298699920220462,1.7914822927293885,-1.6174352157394978,-1.8187047857336993,-2.0239417619597804,-2.2178868896797423,-2.388790542745327,-2.4521164499080212,1.4394512859237611,0.8255714678140775,0.4253212160363742,0.12807093374016176,-0.14735861428071306,-0.623447362106269,-0.8238013768161907,-1.1578264630309802
2.191579951959712,1.7411267520939933,-1.4396648980418143,-1.9203314222887702,-2.011429173074622,-2.105578774808073,-2.2954039037487757,-2.5491653100416922,1.198202468516003,0.7594988947985435,0.6053804219447578,0.02064578038465159,-0.34130374200067504,-0.7188177042187602,-1.0020294721560146,-1.2071138558347156
2.2372051236263277,1.6486556683817217,-1.4936826598143291,-1.7706381333090038,-2.1687520894233874,-2.1850794919930454,-2.372768325270428,-2.444944600181161,1.1827906212306245,0.7659077817885029,0.5657063596259613,0.12929167411920162,-0.3033081977030587,-0.700354005985782,-1.0999938875739654,-1.4129612022503166
2.1622821828627545,1.819559321447306,-1.539002646386185,-1.9322336409844088,-2.187215787656365,-2.2477950289662196,-2.4499801542447015,-2.6430097266803836,1.4240394386383826,0.9127018123680495,0.5240485941912252,0.03437910964885038,-0.37731558318235203,-0.7272102943246597,-0.9681539266376573,-1.2400738460687926
2.2488021572272063,1.7910245150872486,-1.5620441210405627,-1.6867122322500112,-1.9992217692842225,-2.2627490986094587,-2.423276458453204,-2.5447401261676728,1.2567980067099178,0.9546647628975455,0.43920713784795296,0.09480575841132488,-0.2431867340353442,-0.5500503468164961,-1.0819879669831272,-1.277306427629509
2.1729636611793537,1.7199163880081751,-1.4381389725680145,-1.8484603324727966,-2.0401165719820593,-2.188589120582785,-2.519104578207835,-2.6617786100081213,1.158070628555067,0.819925543561018,0.34749901687258156,0.13554796856178086,-0.37960447139305176,-0.5242622063092783,-1.0047761380088542,-1.2506027318380117
2.241477714952967,1.6695608473727799,-1.494598215098609,-1.8762321760959537,-2.011581765622002,-2.3871120247241473,-2.35628833015339,-2.6285134346792844,1.2842646652383154,0.7987151794751999,0.4006012233608165,0.2356486796430517,-0.2260963687287858,-0.5210577628142987,-0.8500472949655484,-1.3351390030865238
2.230185866446848,1.797738587171968,-1.5728781919045418,-1.7863551656891423,-2.043015830382279,-2.234672069891541,-2.4081697962625848,-2.5151371719759554,1.2087313542852223,0.829844059140717,0.6033967188288178,0.015152448678971808,-0.24623858498294382,-0.6411480976023478,-0.9438917116042398,-1.3682515858679807
2.0203711137993676,1.6440778919603223,-1.59118929759014,-1.9644306684815858,-2.0550706416252975,-2.3352305586149518,-2.4656971866248396,-2.639194912995884,1.1595965540288669,0.9891506786054225,0.5512100676248628,0.022782076047971334,-0.3892178018779906,-0.7269051092298997,-0.8875850616210248,-1.2615893952493704
2.4522741791835787,2.0327972664359972,-1.291889155879137,-1.5638090753102718,-1.8064312256444497,-2.0180770888604904,-2.2849614542280854,-2.263903682689648,1.371766351185898,0.9912005380202129,0.5820999184944706,0.33856221287601285,-0.13813690513906307,-0.5594449284552043,-0.8051189297369818,-1.1985025168825856
2.402071231095563,1.9995320911071603,-1.3646758009793905,-1.5772372194797106,-1.7171645854271578,-2.109785209835862,-2.108869654551582,-2.370108095666118,1.5644907385268203,1.0168360859800507,0.6544287859525839,0.20107632768664585,0.06755784872915793,-0.5321308624741867,-0.6658019339790546,-1.107099581001974
2.209652028849401,1.7694225296581414,-1.517726126001516,-1.5598416690783923,-1.8400015860680465,-1.956887477361116,-2.24086220803527,-2.3792636485089167,1.3693248704278183,1.0914538416488637,0.774824305835393,0.38540812492166876,-0.1396628306128629,-0.4718568062590922,-0.7565944996701464,-0.9822788772451454
2.2554297930633966,1.78437659930138,-1.3015024863640763,-1.5012461308844776,-1.7835423435374516,-2.198899257505773,-2.0661437412851855,-2.3253984792837823,1.6070640592458363,1.0114953468217511,0.7752820834775329,0.4299651487566247,-0.0790835893030084,-0.312245001699627,-0.7045604410135708,-0.9581692547591079
2.3141779238046913,1.905992859563229,-1.355520248136591,-1.723573472417117,-1.9603971059508556,-1.964822289824875,-2.200272590432194,-2.4531184414408305,1.5408388936829223,1.0476597805508079,0.5656199233774322,0.23983483472116207,-0.16835022952030032,-0.5910315857628614,-0.7243974721729693,-1.2059795517042047
2.1910357380690426,1.9021780458787292,-1.270983976888079,-1.4934639109680985,-1.747988279997915,-1.9864904315528333,-2.3508814346962392,-2.4296191891443124,1.6128625760462758,0.9322998147315384,0.7710094921508932,0.27325260259737894,-0.08579766138772804,-0.4627012534162933,-0.6813663738118132,-1.1466210507733905
2.360108280566067,1.935443221207566,-1.3533839524732714,-1.5348164913080744,-1.852971952595345,-2.0107526465862504,-2.1807407443675553,-2.3579006918757193,1.382447829502497,0.9466435141852572,0.6698406332379625,0.2303740967836032,-0.23427020998845416,-0.5106153132936089,-0.6529841599991357,-1.062237372072258
2.201412031290882,1.8502965797695339,-1.3852757948756884,-1.7414268004605757,-1.8723512061126035,-2.1120740980465618,-2.1697540809561966,-2.288165897723065,1.3636789461747587,1.208187140394553,0.6304717560139261,0.13927634599775152,-0.20207318249127715,-0.45995458756345364,-0.8922492742909536,-1.009898128320923
2.438388257372,1.9603158064305037,-1.4881231718097987,-1.5892920307227296,-1.756380870103814,-2.2046977743062133,-2.077740774886065,-2.3316547737263615,1.5622018503161206,0.9590035105230359,0.6496984169838045,0.24487038878470146,-0.22618280497731513,-0.48986272684993093,-0.8896552009854939,-1.2335988027799822
2.175623890783664,2.036001709930977,-1.485223913409579,-1.7487512427348149,-1.771334939747053,-2.1557155665972374,-2.1071911365304024,-2.472039917315948,1.513677420249285,1.1521856755060982,0.6895250718499808,0.29537852196747716,0.044668966622160244,-0.44606866575187487,-0.835942624307739,-1.0762758864312167
2.2365083171882785,1.7921588192177593,-1.4641661418711411,-1.497889094842118,-1.8618223203433848,-2.1969155543898333,-2.2651244230686878,-2.378348093224637,1.5200863072392443,1.0400301531818086,0.7147028421676784,0.3306274004122538,-0.21092355023931653,-0.553493819107385,-0.6847234098541728,-1.1934669628190462
2.200191290911842,1.9754224686211224,-1.4392935566482032,-1.5343587136659345,-1.9132460088104395,-2.1380148311011595,-2.326161442020682,-2.417564377901293,1.4884996499315872,1.0615457023623864,0.7308776521899569,0.2686748261759795,-0.2515131678423925,-0.32857240426928547,-0.7146315491406501,-0.9645781417490671
2.239407575588498,1.8519750977907137,-1.3143202603439947,-1.6877142237828204,-2.014262275175991,-2.078503737622965,-2.094678547645243,-2.2671081261846275,1.56784777456918,0.9294005563313186,0.5209103069950962,0.3942584926697079,-0.13325394362290366,-0.4919990225132507,-0.8919440891961936,-1.0060833146364234
2.2580238663688563,1.794447707428459,-1.444329110711743,-1.6326283141786457,-1.8192489996243681,-1.9204178585372995,-2.2675659038267675,-2.2271288787710706,1.5861588802547781,1.0182094189064705,0.5839310290630304,0.34542887750811246,-0.07435322033422898,-0.38075905547324096,-0.8335011435496593,-1.1840062248814869
2.228420912177139,1.970386914557583,-1.3993143092346472,-1.6008890643236087,-2.0110578316810104,-2.0810978109284246,-2.296558487828965,-2.432976225186672,1.3890093090398365,1.0513220016879274,0.6713665587117623,0.20168669787616578,-0.11616357831634527,-0.46148051303725346,-0.6682434147371343,-1.0262255308905814
2.229031282366659,1.9284239640280867,-1.4254076348366245,-1.594022399691509,-1.8635008383645646,-2.1050548408670817,-2.150680012533698,-2.368276985097558,1.4761396535938083,1.188502701782535,0.7252317279368974,0.37121701801533,-0.08625543902986799,-0.34169536334396433,-0.7007456273290713,-1.0347707135438604
2.1818801852262433,1.9870195022220014,-1.5082653880639572,-1.795749747327851,-1.9034800857781207,-1.9770296936152736,-2.278857752332886,-2.4767702862847276,1.5393129682091224,1.0137842350324509,0.6158228714654475,0.2782881566609188,-0.16072060215130124,-0.3836583138734606,-0.7732270873345648,-0.9990640574569438
2.1901201827847627,1.9214047068486075,-1.335378031882433,-1.7843053062743515,-1.7737764205051327,-1.9343037803488778,-2.3723969838768175,-2.474786583168788,1.3999959724511952,0.9226864842465994,0.7781813418777526,0.3510748017611718,-0.22709836026159502,-0.6159041709857993,-0.8281604043913595,-1.0074566475628433
2.2754194167701747,1.7511114239725432,-1.4583676250707018,-1.5456505621720535,-1.9953407993008723,-1.9791659892785933,-2.2277392489605905,-2.3643095788656785,1.3461308032260604,1.1097649473344622,0.7510198684441152,0.10891042906913428,-0.14622431015020254,-0.5460167842857655,-0.8702759474682358,-1.2606076836662399
2.415041597622862,1.9276610012911868,-1.4554683666704817,-1.5848668468487102,-1.8303882555831077,-1.9913733930689927,-2.3083081139772235,-2.2452873919092893,1.5708996255167795,1.1560004891905977,0.7128717315991187,0.14965263921959027,-0.01529990449817431,-0.4732301391855125,-0.9299396334938104,-0.9833470250768053
2.2807601559284745,1.7215084697808258,-1.3945839402658673,-1.5398520453716142,-1.9439171108338167,-2.141066682048759,-2.207597032706433,-2.4277880785757526,1.3087456291179638,1.1163264268718014,0.6207058329816071,0.23754594651046235,-0.12989690758054406,-0.40120645682215894,-0.7251604349098693,-1.2375662090118618
2.174403150404624,1.8101647398085976,-1.4949898364418983,-1.7930030814750104,-1.9672637705829548,-2.1003244718983023,-2.111616320404422,-2.34477773280104,1.5741040690117594,1.1074760591237622,0.5463932624075538,0.09044673083615606,-0.04719174690059136,-0.44973088688899443,-0.82388781306472,-1.1344136469829915
2.1670787081303846,1.7657603085210218,-1.4904120600204989,-1.7836949360848315,-1.9596341432139557,-2.0568355958950066,-2.1610563057555368,-2.464715475041709,1.2982167433487448,0.8950672331708218,0.7153132123571984,0.16765855981042854,-0.04734433944797134,-0.36794128149332206,-0.8072552254003016,-1.247026946949421
2.1354920508227275,1.7418032785823638,-1.4913276153047788,-1.6211838731251467,-1.771182347199673,-2.2256029532972708,-2.1140578011625015,-2.303577745008444,1.5669322192849,0.9809768373457539,0.6428317523517051,0.3568733185616113,-0.19719022097511774,-0.5466271544752854,-0.7309589517103086,-1.0228684948482218
2.400240120527003,1.7614877171943821,-1.3474328431254516,-1.5972268431864887,-1.9056163814414404,-2.061565964863786,-2.208665180538093,-2.337911068168941,1.45782854790821,0.9916583156623529,0.6722821139960424,0.1621652281047492,-0.012095461003194696,-0.630553055534278,-0.7889441197147034,-0.9967751692462441
2.262754235337636,1.904466934089429,-1.510096498632517,-1.6979379244572792,-1.9820652476788139,-2.1721955617142763,-2.225297768202511,-2.3173110742726424,1.3781752381758574,1.0645975533099863,0.512670309436577,0.09136228612043595,-0.21824799251355564,-0.5309101220951469,-0.9749544349709063,-1.1022166194858145
2.143121678191727,1.8951587886992498,-1.4951424289892783,-1.7168594003323978,-1.8984445317145813,-2.030284492650889,-2.3492029166750594,-2.2764162715748064,1.3021841495806243,1.1364686431259596,0.4757429129706203,0.3434451743921727,-0.015757682140314255,-0.5385397494641464,-0.7457604288061672,-1.085278846726636
2.1174861302318893,1.8895128644461903,-1.345143954914752,-1.667114229886522,-1.7931556740223904,-2.1857762984310947,-2.2332325806662707,-2.3476769912012596,1.4086937476518546,1.13067012632552,0.6138391683495077,0.0959400625418354,-0.04093545245801211,-0.5354878985165468,-0.7829930103668836,-1.216203252378664
2.2552772005160167,1.762861050120802,-1.291431378236997,-1.594327584786269,-2.0078533881860308,-1.9791659892785933,-2.159682972829117,-2.2742799759114867,1.5184077892180645,1.144250863042339,0.7569709777919345,0.09288821159423577,-0.22847169318801486,-0.40776793635949815,-0.856390025656657,-1.2018595529249452
2.3575142072606075,1.8976002694573295,-1.4179306000150054,-1.6884771865197203,-1.8503778792898853,-2.052868189663127,-2.103528915393282,-2.4218369692279333,1.4312774446640923,1.0360627469499288,0.5508184462815735,0.13179931117613197,-0.074200627786849,-0.45827606954227385,-0.985330728192745,-1.1989602945247255
2.2932727448136334,1.8702862034763121,-1.3221024802603742,-1.7969704877068908,-1.956734884813736,-2.0649230009061457,-2.294727377260405,-2.391623644846696,1.5647959236215803,0.91368352395118,0.6939502557240003,0.15163634233553003,-0.09785247263074703,-0.6191086144807789,-0.8025248564315222,-1.0259203457958215
2.337982361195969,1.839157323810795,-1.2786136042570782,-1.5371053795187746,-1.853429730237485,-2.0003763533644117,-2.280536270354066,-2.3325703290106414,1.490635945594907,1.02187164004359,0.5752332538623712,0.11974449993311298,-0.30507315197276785,-0.5634123346870838,-0.71524191933017,-1.1757662273229674
2.310515702667572,1.8319854740839356,-1.3010447087219363,-1.6079083215030878,-2.02082375471333,-1.9846593209842736,-2.3879614237095765,-2.4540339967251104,1.4721722473619288,1.0284331195809295,0.7114983986726988,0.21999780356176402,-0.15019171638208206,-0.4192123774129972,-0.9691559181704665,-1.1280047599930318
2.2107201766810607,1.9334595180916263,-1.4052654185824665,-1.80383715233899,-1.7545497595352542,-2.095746695476903,-2.1863866686206146,-2.23842072727719,1.3029471123175242,1.1135797610189617,0.6850998879759611,0.13973412363989146,-0.2986642649828082,-0.5803501074462623,-0.7092908099823507,-1.2621336091400397
2.2572609036319564,1.872269906592252,-1.5705231473949914,-1.7258623606278167,-1.8291675152040678,-2.176468153040916,-2.2501703534254487,-2.353017730359559,1.5429751893462422,0.9561042521228162,0.6814376668388415,0.15758745168334976,-0.1897131861534982,-0.6204819474071988,-0.9441307404001491,-1.1690521552382482
2.3244016244791506,1.8094017770716977,-1.4038920856560466,-1.795139377138331,-1.7594327210514136,-1.9474267394235563,-2.321278480504522,-2.3632414310340186,1.4567604000765502,1.121514573482721,0.6258939795925267,0.13118894098661205,-0.09846284282026696,-0.6043071373849203,-0.9068981588394323,-1.2644224973507394
2.2804549708337145,1.9247617428909671,-1.300739523627176,-1.5648772231419317,-1.8638060234593246,-2.0188400515973903,-2.1711274138826164,-2.3450829178958,1.4512670683708708,0.848984283862066,0.522283639921516,0.2837814883665981,-0.19886873899629753,-0.6007975087951807,-0.7187515479199096,-1.1005381014646347
2.3245542170265305,1.7053336597585473,-1.508875758253477,-1.6329334992734057,-2.0266222715137694,-2.2040874041166933,-2.1636503790609964,-2.3969643840049955,1.3124078502550836,0.9396242570057778,0.4894762422348191,0.1928363301281264,-0.2257250273351752,-0.4958138361977502,-0.7507959828697066,-1.279376566993978
2.124352794863989,1.9322387777125865,-1.489954282378359,-1.6549068260961235,-1.9603971059508556,-2.231096285002951,-2.3180740370095423,-2.4528132563460705,1.4434848484544913,0.9432864781428973,0.4995473503618981,0.17696670520060787,-0.03788360151041248,-0.4039531226749986,-0.9871618387613048,-1.1647795639116088
2.3536993935761075,1.8687602780025123,-1.3826817215702287,-1.6553646037382634,-1.7681304962520734,-2.1554103815024774,-2.270312569679607,-2.3946754957942957,1.4018270830197552,0.8466953956513663,0.7150080272624384,0.2831711181770782,-0.18009985566855935,-0.4814701367440315,-0.9868566536665448,-1.094739584664195
2.32989495618483,1.8470921362745543,-1.3648283935267704,-1.8415275115418464,-1.9068371218204803,-2.1728059319037962,-2.136641498174739,-2.464410289946949,1.437381146559292,0.9600716583546958,0.6257413870451467,0.17483040953728812,-0.04566582142679154,-0.4388968160250153,-0.7468285766378271,-1.2944832291845967
2.151209083202866,1.6568092296917118,-1.3158461858177946,-1.8154341859398686,-1.948952664897356,-2.1314533515638194,-2.175705190304016,-2.4773806564742475,1.329040437919502,0.9057487114874208,0.5878984352949101,0.2193874333722441,-0.23915317150461401,-0.5531886340126251,-0.9641203641069271,-1.0884832902216157
2.1345764955384476,1.9311706298809266,-1.379782463170009,-1.58608758722775,-2.045085969746748,-2.2445244291723894,-2.150832605081078,-2.2336903583084107,1.3230893285716825,1.0046286821896517,0.6600747102056435,0.17483040953728812,-0.13859468278120302,-0.5805026999936422,-0.8983529761861533,-1.1132032828971732
2.253140904852697,1.935748406302326,-1.3271380343239136,-1.682220892077141,-1.9871008017423533,-2.0028178341224914,-2.192795555610574,-2.231554062645091,1.2699871220834473,0.9643442496813355,0.6413058268779053,0.27859334175567874,-0.2585324250218721,-0.4686523627641126,-0.7344685803000481,-1.029429974385561
2.1733350025729643,1.8553321338330735,-1.4176254149202454,-1.7650786453044738,-1.7696564217258732,-2.087201512823624,-2.1622770461345766,-2.279773307617166,1.262357494714448,0.9664805453446552,0.708599140272479,0.23357854027858282,-0.11189098698970534,-0.4694153255010125,-0.945198888231809,-1.1350240171725114
2.1927142560902224,1.7814773409011604,-1.4630979940394813,-1.6404105340950248,-1.8537349153322449,-2.0809452183810446,-2.2123274016752124,-2.5095776839714246,1.372224128828038,0.9541205490068765,0.5544806674186931,0.29705703998865696,-0.2724183468334509,-0.651153049430576,-0.7532374636277863,-1.2770876787832783
2.077506882818333,1.9000417502154094,-1.389243201107568,-1.6712342286657824,-1.9282000784536786,-2.0824711438548444,-2.150985197628458,-2.287708120080925,1.3887041239450766,0.8196865147651087,0.6243680541187266,0.2669963081547997,-0.2380850236729537,-0.41143015749661815,-0.7941322663256227,-1.2645750898981194
2.2998342243509726,1.7790358601430805,-1.4989572426737778,-1.6901557045409001,-1.7731660503156128,-2.2178207333808917,-2.303577745008444,-2.4290088189547925,1.4555396596975103,0.8915576045810822,0.653971008310444,0.27050593674453927,-0.19276503710109827,-0.6894537788229522,-0.9786166561080258,-1.2812076775625378
2.2755720093175547,1.7552314227518027,-1.5337483434764145,-1.7122816239109984,-1.8218430729298278,-2.1528163081970177,-2.2753481237431465,-2.3083081139772235,1.5080314959962253,0.9225338916992194,0.6071250962647883,0.050467483422599546,-0.06870729608116966,-0.47841828579643186,-0.7550685741963465,-1.0973336579696547
2.201259438743502,1.9229306323224074,-1.5374105646135345,-1.747377909808395,-1.9230119318427592,-2.1059703961513625,-2.1136000235203616,-2.3734651317084774,1.3111871098760435,0.8769087200326036,0.4130273759974461,0.053977112012339123,-0.10960209877900562,-0.5382345643693864,-0.8722596505841755,-1.0828373659685564
2.1927142560902224,1.720135136854406,-1.518031311096276,-1.6120283202823473,-1.9043956410624006,-2.060955594674266,-2.271228124963887,-2.45754362531485,1.3972493065983556,0.8178554041965489,0.6037680602224287,0.11882894464883309,-0.23274428451465434,-0.5077160548933892,-0.941231481999929,-1.119306984792373
2.3208919958894105,1.9169795229745878,-1.4099957875512459,-1.6433097924952444,-1.8338978841728473,-2.1787570412516155,-2.367819207455418,-2.4917243559279667,1.3027945197701443,0.795119114636931,0.5520391866606134,0.2618081615438803,-0.29149241525594904,-0.517481977925708,-0.8985055687335333,-1.312946927417575
2.0511083721215955,1.8031454826291182,-1.3375143275457528,-1.6098920246190276,-1.9831333955104737,-2.0106000540388704,-2.353170322906939,-2.3174636668200224,1.406099674346395,1.0327057109075692,0.6080406515490682,0.2660807528705198,-0.3375753645647048,-0.7022715528028711,-0.9683929554335666,-1.2068951069884846
2.079185400839513,1.7746106762690608,-1.5758638865532908,-1.7252519904382968,-1.8892889788717824,-2.109937802383242,-2.1694488958614366,-2.3987954945735552,1.4653055827298294,0.9158198196145,0.6377961982881655,0.16796374490518895,-0.28447315807646945,-0.7131056236668503,-1.0253099756063015,-1.0935188442851551
2.2697734925171154,1.7222714325177257,-1.6153853563247074,-1.860448987416965,-1.8180282592453283,-2.045696339936268,-2.313801445682903,-2.4354177059447517,1.2554908300823486,0.9786879491350542,0.6602273027530234,0.14568523298771074,-0.16880800716244027,-0.4306568184664963,-0.856084840561897,-1.227342508337403
2.2935779299083934,1.8184047373671168,-1.6225572060515665,-1.6558223813804034,-1.8261156642564682,-2.014109682628611,-2.3003733015134644,-2.3748384646348972,1.2060508447312333,0.992421278399253,0.5843888067051703,0.10555339302677469,-0.1134169124635056,-0.6764834122956538,-1.0233262724903618,-1.3372091424509929
2.264585345906196,1.804824000650298,-1.5032298340004173,-1.8345082543623672,-2.02296005037665,-2.0511896716419473,-2.1236711316474404,-2.5246843461620436,1.2385530573231702,1.0517797793300674,0.5477665953339739,0.17055781821064864,-0.28981389723476925,-0.627043426944538,-1.0266833085327214,-1.3385824753774127
2.1783705566365037,1.7802566005221205,-1.465386882250181,-1.6135542457561476,-1.9343037803488778,-2.1461022361122986,-2.2201096215915914,-2.465631030325989,1.403963378683075,0.8630227982210248,0.6527502679314041,0.26714890070217967,-0.2808109369393499,-0.6246019461864583,-0.7663604227024652,-1.1469262358681505
2.2484105358839175,1.7875810427963597,-1.380698018454289,-1.8180282592453283,-1.9642119196353551,-2.052563004568367,-2.231401470097711,-2.3636992086761586,1.3201900701714626,0.8318939185555076,0.40493997098630685,0.012929716767123178,-0.2425102075469736,-0.49123605977635076,-0.8055767073791218,-1.0890936604111356
2.0448520776790162,1.7016714386214278,-1.348043213314972,-1.69213940765684,-1.8572445439219853,-2.0019022788382115,-2.166549637461216,-2.4828739881799278,1.4099144880308945,1.0501012613088876,0.5503606686394336,0.10448524519511437,-0.26738279276991106,-0.5400656749379462,-0.8318226255284791,-1.1165603189395332
2.0308135633200575,1.7166255082646662,-1.3553676555892111,-1.7128919941005183,-1.8613645427012449,-2.215684437717572,-2.3641569863182985,-2.3971169765523754,1.437228554011912,0.883775384664703,0.4128747834500661,0.10448524519511437,-0.34657832486012374,-0.48879457901827106,-0.8212937397592603,-1.2178817703998437
2.101006135114851,1.6333099773951938,-1.542446118677074,-1.6014994345131286,-2.0908637339607434,-2.117872614847001,-2.255663685131128,-2.303730337555824,1.446536699402091,0.9605294359968357,0.631845088940346,0.1290526453232923,-0.33223462540640547,-0.4712464360695723,-0.9998270201938437,-1.2305469518323826
2.21834980405006,1.6471958992067726,-1.5631987051207519,-1.6365957204105253,-1.8874578683032226,-2.247423687572609,-2.12687557514242,-2.2349110986874505,1.198421217362234,0.9567146223123362,0.4995473503618981,0.13607190250277146,-0.20024207192271737,-0.550594560707165,-0.9059826035551524,-1.2546565743184206
2.1519720459397664,1.6354462730585138,-1.4484491094910026,-1.8665526893121642,-1.884558609903002,-2.270770347321747,-2.181351114557075,-2.4709717694842883,1.4083885625570947,0.9852494286723936,0.3985310839963476,0.11150450237459397,-0.31239759424700697,-0.5318256773794268,-0.8534907672564374,-1.1640166011747088
2.1144342792842896,1.644449233353933,-1.5682342591842917,-1.6219468358620466,-1.868231207333344,-1.9947304291113523,-2.2024088860955136,-2.4525080712513105,1.3839737549762967,0.883622792117323,0.6397799014041052,0.2581459404067603,-0.17933689293165944,-0.6737367464428137,-0.9940285033934044,-1.3196609995022945
2.1994283281749416,1.7773573421219007,-1.3942787551711073,-1.7281512488385165,-1.940712667338837,-2.078351145075585,-2.415885859880113,-2.392996977773116,1.1621041910857972,1.0002034983156323,0.599037691253649,-0.01804657035101398,-0.22282576893495554,-0.6015604715320806,-0.9793796188449257,-1.182327706860307
2.119164648253069,1.7822403036380603,-1.562588334931232,-1.617826837082787,-1.8827274993344423,-2.045848932483648,-2.2523066490887684,-2.491113985738447,1.2466404623343095,0.8825546442856629,0.5553962227029732,0.18047633379034744,-0.2380850236729537,-0.6201767623124388,-0.82388781306472,-1.2241380648424234
2.142053530360067,1.838241768526515,-1.4359365206058436,-1.8430534370156462,-2.0151778304602708,-2.198899257505773,-2.409782157984914,-2.4438102960506507,1.445926329212571,0.9649546198708554,0.5283873418167155,0.12966301551281223,-0.25670131445331235,-0.6255175014707381,-0.8670715039732562,-1.2419913928858817
2.229946837650939,1.8441928778743346,-1.4664550300818409,-1.788425305053611,-1.9629911792563153,-2.2292651744343903,-2.415885859880113,-2.45784881040961,1.2104760286052527,0.9554938819332963,0.6152125012759275,0.07213562515055738,-0.20893984712337677,-0.517939755567848,-0.836400401949879,-1.3695587624955499
2.0756757722497734,1.6059959114141764,-1.3578091363472908,-1.8831852769765822,-1.8165023337715285,-2.231096285002951,-2.391165867204556,-2.4630369570205293,1.1701915960969365,0.9240598171730192,0.42859181583020467,0.20367040099210554,-0.18589837246899865,-0.6143782455119995,-1.009287758131403,-1.2897528602158173
2.0405794863523763,1.623544054362875,-1.5282550117707352,-1.6135542457561476,-2.094525955097863,-2.214005919696392,-2.410697713269194,-2.5248369387094236,1.371918943733278,0.8891161238230023,0.6342865696984259,-0.038493971699932406,-0.4024271972011988,-0.5606656688342442,-0.9760225828025662,-1.247942502233701
1.9923602413803008,1.7785780825009405,-1.5723542579635512,-1.7360860613022764,-1.9066845292731003,-2.214463697338532,-2.166854822555976,-2.3562221738545395,1.316985626676483,1.0060020151160716,0.5886613980318101,0.011861568935463307,-0.259600572853532,-0.6445915698932363,-0.8019144862420022,-1.2633543495190795
2.242154241441338,1.8222195510516166,-1.4244920795523446,-1.6889349641618603,-1.9156874895685192,-2.109785209835862,-2.1320637217533394,-2.3304340333473217,1.198726402456994,0.8541724304729856,0.47543772787586036,0.036734154158400756,-0.40700497362259824,-0.7076122919611709,-0.9900610971615249,-1.2422965779806416
2.0817794741449727,1.5626596279582605,-1.6201157252934868,-1.8053630778127898,-1.900428234830521,-2.029063752271849,-2.321278480504522,-2.394065125604776,1.3401796938782409,0.8241116986391284,0.4444614407577232,0.12203338814381315,-0.3055309296149078,-0.5582241880761645,-0.9438255553053891,-1.0906195858849355
2.2221646177345598,1.6522314532703122,-1.4595883654497417,-1.6256090569991661,-1.917823785231839,-2.167160007650736,-2.254137759657328,-2.4784488043059074,1.3310241410354418,0.8058005929535301,0.34787035826619217,0.044821559169540226,-0.28966130468738926,-0.6835026694751329,-1.029124789290801,-1.126173649424472
2.129998719117048,1.67496774282993,-1.3697113550429298,-1.8097882616868093,-1.965890437656535,-1.9957985769430122,-2.417564377901293,-2.313191075493383,1.2657145307568078,0.9756360981874543,0.37854146028956936,0.06099636919181872,-0.32964055210094534,-0.5628019644975639,-1.0370596017545606,-1.2906684155000971
2.165400190109205,1.8344269548420153,-1.3665069115479502,-1.8502252867425053,-1.9457482214023765,-2.1770785232304357,-2.4285510413126525,-2.4381643717975914,1.1805678893187757,0.7838272661308121,0.5073295702782774,0.19253114503336644,-0.29484945129830864,-0.5789767745198424,-1.0466729322394994,-1.2633543495190795
2.120080203537349,1.6409396047641933,-1.617979429630167,-1.6840520026457009,-1.924385264769179,-2.2758059013852865,-2.1964577767476934,-2.5158339784140047,1.3914507897979163,0.9423709228586175,0.5206051219003363,0.11501413096433355,-0.21565391920809596,-0.6316212033659379,-1.086957364747816,-1.1727143763753678
2.1534979714135662,1.599434431876837,-1.5059764998532574,-1.8055156703601698,-2.0972726209507027,-2.071484480443485,-2.1854711133363347,-2.34447254770628,1.3310241410354418,0.9121575984773802,0.35717850365637127,-0.05436359662745094,-0.2458672435893332,-0.549831597970265,-0.7996255980313021,-1.1089306915705337
2.231930540766879,1.5960773958344774,-1.3897009787497079,-1.8784549080078028,-1.8502252867425053,-2.271228124963887,-2.1770785232304357,-2.269854792037467,1.3867204208291366,0.8906420492968024,0.44690292151580313,0.1299682006075722,-0.3256731458690658,-0.5037486486615093,-0.9017100122285129,-1.2366506537275819
2.164789819919685,1.6868699615255691,-1.667114229886522,-1.7492090203769548,-1.8230638133088677,-2.222398509802291,-2.432976225186672,-2.3981851243840353,1.1378419760523795,0.7992391134161907,0.547156225144454,0.1298156080601922,-0.1437828293921224,-0.517939755567848,-1.0478936726185393,-1.3079113733540355
2.2426120190834777,1.6845810733148692,-1.5381735273504344,-1.8586178768484052,-2.070874110253965,-2.1247392794791002,-2.1566311218815173,-2.408408825058494,1.1930804782039344,0.7708568996035132,0.38098294104764907,0.11074153963769406,-0.29988500536184803,-0.5835545509412423,-0.9928077630143646,-1.3733735761800494
2.074455031870733,1.6459751588277327,-1.666961637339142,-1.8549556557112847,-2.0273852342506693,-2.2428459111512096,-2.157241492071037,-2.2652770156160678,1.1285338306622004,0.7375917242746763,0.5741651060307114,-0.07053840664972943,-0.1675872667834004,-0.7706330140291051,-0.8542537299933373,-1.2963143397531565
2.1255735352430287,1.7602669768153423,-1.444329110711743,-1.9062267516309603,-1.9669585854881948,-2.119398540320801,-2.410545120721814,-2.3307392184420817,1.3241574764033424,0.9179561152778197,0.5929339893584495,-0.0783206265661085,-0.25654872190593236,-0.7410300598373878,-1.074902553504797,-1.1640166011747088
1.9546698821774444,1.6355988656058937,-1.650786827316864,-1.9123304535261596,-2.0673644816642254,-2.1863866686206146,-2.3226518134309417,-2.2777896045012263,1.2022360310467335,0.80457985257449,0.5814895483049507,0.18902151644362686,-0.37480794612542123,-0.7607144984494059,-0.8850774245640944,-1.400840234708447
2.0515661497637354,1.6867173689781891,-1.4177780074676254,-1.618284614724927,-2.072094850633005,-2.078961515265105,-2.191880000326294,-2.401542160426395,1.3647470940064186,0.8514257646201457,0.4996999429092781,0.18688522078030712,-0.19200207436419836,-0.6120893573012993,-0.965646289580727,-1.380545425906909
2.074455031870733,1.523290750734224,-1.4917853929469187,-1.626066834641306,-1.853124545142725,-2.247118502477849,-2.271685902606027,-2.5330769362679426,1.230313059764651,0.861649465294605,0.4600258805904818,0.11180968746935394,-0.40105386427477896,-0.6069012106903799,-1.009592943226163,-1.3385824753774127
2.087883176040172,1.6363618283427936,-1.4957527991787982,-1.707551254942219,-1.973214879930774,-2.2681762740162874,-2.432671040091912,-2.4511347383248907,1.1721752992128764,0.774824305835393,0.46536661974878135,0.18917410899100684,-0.28096352948672987,-0.49810272440844994,-0.8856877947536144,-1.2853276763417973
1.9996846836545403,1.7866654875120798,-1.3916846818656476,-1.8168075188662884,-1.8482415836265655,-2.159835565376497,-2.425194005270293,-2.294422192165645,1.3557441337109994,0.8546302081151256,0.44690292151580313,-0.039256934436832314,-0.3597012839348026,-0.7933693035887228,-0.9001840867547131,-1.117628466771193
2.1989705505328017,1.7913958564808594,-1.4437187405222232,-1.9024119379464608,-2.110242987478002,-2.192185185421054,-2.442131778029471,-2.375143649729657,1.175532335255236,0.9762464683769743,0.3008718536731565,-0.028575456120233156,-0.2759279754231905,-0.7662078301550852,-0.8592892840568767,-1.331868403292693
2.0932239151984717,1.7122003243906465,-1.5799838853325503,-1.7205216214695174,-1.869299355165004,-2.1000192868035423,-2.181503707104455,-2.3905554970150362,1.0932849522174235,0.8138879979646694,0.5264036387007758,0.1580452293254897,-0.2425102075469736,-0.6699219327583141,-0.9322285217045101,-1.336293587166713
1.946124699524165,1.7428714264140237,-1.6555171962856434,-1.8468682507001457,-1.9762667308783737,-2.0963570656664228,-2.3084607065246034,-2.4355702984921317,1.175379742707856,0.9281798159522787,0.46353550918022157,0.0355134137793609,-0.40776793635949815,-0.6488641612198762,-1.0132551643632826,-1.3636076531477306
2.014638753297779,1.796126225449639,-1.4144209714252658,-1.6890875567092403,-1.9855748762685534,-2.0836918842338843,-2.3179214444621623,-2.5156813858666247,1.1300597561360002,0.8538672453782257,0.42981255620924474,0.08541117677261623,-0.21931614034521552,-0.5521204861809652,-0.9844151729084651,-1.3834446843071286
1.9871720947693814,1.6917529230417285,-1.6527705304328038,-1.7002268126679798,-1.917366007589699,-2.0672118891168454,-2.297321450565865,-2.359121432254759,1.2448093517657497,0.7871843021731717,0.5582954811031928,0.1426333820401111,-0.1854405948268587,-0.6445915698932363,-0.9780062859185059,-1.214982511999624
1.9204891515643274,1.643838863164413,-1.4807987295355596,-1.6900031119935202,-1.9201126734425396,-2.2674133112793875,-2.289234045554725,-2.4297717816916924,1.2243619504168315,0.8737042765376237,0.534948821354055,0.1836807772853275,-0.33818573475422475,-0.5208390139680681,-1.0387381197757404,-1.239092134485662
1.9772535791896821,1.5481633359571618,-1.58562980958561,-1.8380178829521068,-1.933083039969838,-2.0319630106720687,-2.2530696118256683,-2.539028045615762,1.1280760530200604,0.794813929542171,0.5363221542804748,-0.08656062412462795,-0.1958168880486979,-0.7169204373513498,-1.086652179653056,-1.311268409396395
2.164026857182785,1.7700328998476613,-1.4933113184207185,-1.9060741590835804,-1.948800072349976,-2.0485955983364876,-2.328602922778762,-2.2587155360787277,1.1070182814816223,0.8566139112310653,0.36679183414131034,0.1531622678093303,-0.22511465714565526,-0.7230241392465495,-0.8797366854057951,-1.1736299316596477
2.068198737428154,1.5315307482927434,-1.6320179439891258,-1.650939419864244,-1.9758089532362337,-2.0579037437266665,-2.1976785171267332,-2.5333821213627026,1.1419619748316392,0.6764021127753019,0.3960896032382677,0.028036378957741803,-0.30415759668848796,-0.5957619547316408,-0.8757692791739151,-1.1678314148592084
2.0958179885039314,1.4991811282481864,-1.4937690960628585,-1.836186772383547,-2.0006815384591716,-2.1651763045347963,-2.247271095025229,-2.4934028739491465,1.0803145856901248,0.8706524255900241,0.3970051585225476,0.1539252305462302,-0.28447315807646945,-0.7709381991238651,-0.9957070214145842,-1.1476891986050504
2.0086876439499592,1.5708996255167795,-1.6979379244572792,-1.6455986807059446,-1.9510889605606767,-2.053325967305267,-2.3316547737263615,-2.2664977559951076,1.274564898504847,0.8419650266825867,0.4827621701500997,0.1258482018283127,-0.25380205605309225,-0.6758730421061334,-0.8850774245640944,-1.191178074608346
2.3471091574198173,1.849047082771543,-1.368214186188081,-1.610073373785359,-1.7734999920293237,-2.111034706833853,-2.150403584057889,-2.3063531674802347,1.3030709482459535,0.9519554967246058,0.7288651924550662,0.08919723383816525,-0.01395532819070544,-0.4578470485190844,-0.8930409936468044,-1.2285920053353938
2.2286973406529484,1.7889256191038287,-1.2334749668515532,-1.4593119369739322,-1.8333162706022783,-1.8827562559533932,-2.24882577711798,-2.14338432687841,1.3706694467352871,1.0702147209440949,0.4728148979514497,0.19006090765633576,-0.08155382668003908,-0.6339388481955885,-0.6723921701353448,-0.9934468898228355
2.2932439881946824,1.7938085806199884,-1.2838305074869485,-1.5266052503685064,-1.771211103818624,-2.0744124954626555,-1.974159191834005,-2.0892139725585146,1.3525109335970689,0.9685880843890242,0.6586726206602727,0.06874983248924682,-0.2431493343554445,-0.4966055555536011,-0.735107707108519,-1.1275757389698429
2.201841052314071,1.764205626428271,-1.4699934152905314,-1.4991385918401088,-1.803102946221041,-2.1044732272965128,-1.9747695620235248,-2.288194654342016,1.2936102103083942,0.9710295651471039,0.4363452791276332,0.11010241282922317,-0.25596710833536296,-0.465018898245944,-0.7528084426045973,-1.0314424341204518
2.3594691537575962,1.7700041432287104,-1.48250600417569,-1.5467474666226648,-1.8981681032387723,-2.1307191454458705,-2.1797013531548464,-2.345264267062131,1.3309953844164908,0.8254562749465975,0.6835452058832103,0.3148816114131643,-0.22605896904888612,-0.5117122177442197,-0.8347506405476497,-1.1927327567010968
2.1519432893208155,1.938313722988835,-1.3134334616786658,-1.5337771000953655,-1.7411503719847667,-1.9640880837069261,-2.0597636109141773,-2.337634639693132,1.4315538731399016,1.091730270124673,0.44351712885449235,0.18792461199301602,-0.2703108077890817,-0.5765640503807137,-0.8905995128887247,-1.1985312735015365
2.0835818280945815,1.739790818847473,-1.5191282155468873,-1.731689634047207,-1.8954214373859326,-2.0802110122630957,-2.0908924905796944,-2.328326494302953,1.428654614739682,0.928151059333328,0.5625393158108816,0.12490388992508183,-0.1793656495506104,-0.3781937387867318,-0.8925832160046645,-1.0477698366901103
2.3150647224700203,1.6775330595164388,-1.3827104781891797,-1.732147411689347,-1.965308824085966,-1.932501426399269,-2.216476157073423,-2.1780228351336666,1.3605983386082081,0.9798799328951431,0.4270371337374539,0.1003364897969039,-0.28007673082140094,-0.4265655763061873,-0.8381076765900097,-1.2638408837801705
2.10036700830638,1.6737182458319393,-1.2763534726653294,-1.7583933298387047,-1.7580881447439447,-1.8639873726256555,-2.109508781360053,-2.2578287374133987,1.5072397766403747,0.8660458925496737,0.7018563115688088,0.15511721430631908,-0.1979819403309686,-0.6362277364062883,-0.7122188250015213,-1.2067712710600556
2.2244247493263085,1.8577448579722025,-1.4243682436239156,-1.5787919015724619,-1.8470495998664767,-2.020852511332281,-2.0358065809755193,-2.36159166963179,1.2283006000297603,0.8672666329287135,0.6667600256714119,0.28375273174764715,-0.31959820059281707,-0.43816260990706635,-0.7503669618465176,-0.9864276326433559
2.341005455524618,1.8527093039086628,-1.2649090316118303,-1.5189756229995073,-1.7336733371631468,-1.8636821875308955,-2.215713194336523,-2.118664334202852,1.4002724009270044,0.9133495822374693,0.6545526218810132,0.3219008685926439,-0.2548989605037031,-0.39207966059831056,-0.8004173173871529,-1.2742171770020096
2.20992845732521,1.8640011524147817,-1.513329698746447,-1.674009651137573,-1.9103755070291708,-2.0809739749999956,-2.1871783879764655,-2.3062005749328547,1.4542901626995195,1.0702147209440949,0.5886326414128591,0.1339068502205012,-0.3005241321703189,-0.5001151841433407,-0.8857165513725653,-1.0163357719298332
2.3342913834398984,1.66608861846294,-1.4240630585291556,-1.7216185259201282,-1.723144451393928,-2.0014732578150225,-2.2675946604457184,-2.2616435510978983,1.2134991229339016,0.8282029407994371,0.6203718912678962,0.1003364897969039,-0.2013389763733282,-0.6176114456259301,-0.8671002605922071,-1.1457342521080611
2.198331423724331,1.6908086111384977,-1.452903049983973,-1.6337252186292561,-1.7330629669736268,-2.1059991527703126,-2.0173428827425415,-2.095317674453714,1.23013171059832,1.088983604271833,0.5665067220427611,0.1056772289552037,-0.31318931360285784,-0.5669507198957744,-0.7056573454641817,-1.094463156188386
2.1050973772751598,1.7135449006981156,-1.420553429939416,-1.4899830389973099,-1.8804673677426935,-2.0403843573969187,-2.0013206652676425,-2.2028954203566045,1.3241287197843914,1.0535821332796764,0.5463645057886031,0.02541354903333115,-0.06629457194204047,-0.549707762041836,-0.7251891915288198,-1.0070276265396538
2.3135387969962204,1.6419789959769022,-1.3741652955359003,-1.5891681947943006,-1.7457281484061662,-1.9286866127147695,-2.2518776280655795,-2.1778702425862866,1.2192976397343411,0.8088236872821788,0.42001787655797473,0.2137127525002338,-0.32600708758277674,-0.658964025965906,-0.9746780064950968,-1.2519386650845314
2.175900319259473,1.7033212000236566,-1.5499519101176444,-1.6631755802735935,-1.7127681581720893,-1.884129588879813,-2.231277634169281,-2.1243102584559113,1.481604228680537,0.916401433185069,0.42566380081103405,0.19097646294061565,-0.05713901909924157,-0.3917744755035506,-0.8907521054361047,-1.0349520627101914
2.275848437793364,1.7309404510994342,-1.4362704623195546,-1.5877948618678808,-1.731842226594587,-2.1230895180768714,-1.9943014080881634,-2.168714689743487,1.4567316434575992,0.7989051717024798,0.6167096701307766,0.031517250928530416,-0.1853167588984297,-0.561762573284855,-0.7604380699735969,-1.2107386772919355
2.065575907503743,1.6534234370304013,-1.5354556181165453,-1.4962393334398891,-1.8806199602900735,-1.876652554058194,-2.150098398963129,-2.2732405846987778,1.4071390655591038,1.0282517704145988,0.5993141197294583,0.2507927415135702,-0.259476736925103,-0.4120692843050886,-0.7833269520805946,-1.0964468593043257
2.3030099112270013,1.6802797253692787,-1.5267578429158863,-1.5919148606471403,-1.7283325980048474,-1.9036614349444516,-2.0258880653958204,-2.3480109329149705,1.3497642677442292,0.8127910935140585,0.47022082464599,0.19265498096179545,-0.21537749073228696,-0.42687076140094726,-0.7340395592768592,-1.2832201372974286
2.090767721233833,1.8919396319977113,-1.427711236253883,-1.6590415380819419,-1.7963748307239298,-1.9021214660582597,-2.027552540004608,-2.3623405889562976,1.394335334991577,0.8858969671214638,0.5550763244016543,0.018255742718863655,-0.3362167448448439,-0.6441485054576552,-0.8243603039134189,-1.048518756014618
2.209942500737602,1.8228152080345776,-1.2603172117780388,-1.779437057964751,-1.7243511483605758,-2.124753992685659,-2.1056799242631605,-2.1609184264147157,1.4779560509558094,0.9896598993398542,0.5422585504217354,0.2900230696026185,-0.3185160093487651,-0.47049818653923126,-0.7683588390249638,-1.1718135342976468
2.1627914035971862,1.8540966802474748,-1.3080786791079744,-1.5392563883886528,-1.7280133694976954,-1.9872681074962921,-2.013819210740409,-2.1714473121839353,1.406695331329356,0.9678391650645164,0.42567784422342614,0.06418609948023946,-0.13036939842924244,-0.5893677809482405,-0.940788417564348,-1.041499498835139
2.3063809906817534,1.5981989782912382,-1.4823393682159178,-1.6456133939125035,-1.964684410484054,-1.9836058863591726,-2.173125830205115,-2.320530230974181,1.1906242842392958,0.9499858370210579,0.5389015143793758,0.07440980015469867,-0.27685824391402925,-0.6766507180495922,-0.8422136319568772,-1.1718135342976468
2.091835869065493,1.5866019446903594,-1.2835112789797964,-1.6378311739961235,-1.8947970237840206,-1.9976444007181309,-2.135130285907498,-2.1445910238450576,1.3818227461064183,0.9396095437992189,0.39332822417886915,0.22089864563948503,-0.2612938040812707,-0.4123604259874565,-0.8606773301898554,-1.213471299732383
2.201244725536943,1.6580152568641928,-1.5638237885168307,-1.4995823260698566,-1.7446459571621142,-2.0159555064037296,-2.0434221649321263,-2.103238443505081,1.3114775817642448,1.0017147105828732,0.515554854630238,0.057624619942900246,-0.3484241486352424,-0.4930818835514694,-0.734788478601367,-1.267031283862758
2.1847647304199045,1.7451456014181648,-1.4896638104901578,-1.7721126156905118,-1.8691614758241828,-1.939811825261116,-1.996576252886471,-2.191436935890713,1.2283146434421524,0.8501903110345472,0.38569859680987006,0.17954606529950867,-0.3266034143599046,-0.6443010980050352,-1.0157113583279211,-1.094296520228614
1.9992121928058415,1.7625411518194833,-1.504465287586016,-1.5662652692749104,-1.8137703811252477,-1.9985599560024108,-2.0104621746980493,-2.351964295734458,1.4350775451420332,0.9357947301147194,0.5736926151820125,0.010473522802484592,-0.07040052730890833,-0.6334670271410565,-0.9298017541529893,-1.1322920645262307
2.0446847719250774,1.7942804016745204,-1.4907319583218177,-1.6752163481042208,-1.7771481697540512,-1.9610221893469344,-2.2810087612027647,-2.287722833287484,1.426684955036134,0.8329473531806086,0.3777637843461106,0.09043201762959718,-0.10275014735346533,-0.681991457207892,-0.7408921804965667,-1.1043676283556931
2.002416636300821,1.6812093240659507,-1.3326460792361519,-1.6866607891577194,-1.9742977409689928,-2.149016207719077,-2.246522845494888,-2.174956940773675,1.427753102867794,0.9277073251035801,0.5614852113916138,0.1630660701824702,-0.3578848865728017,-0.6775662733338721,-0.8133736405020597,-1.0334120938239995
2.0719988379060945,1.8084715085808591,-1.4786771470787983,-1.5958682234666277,-1.9977969932655109,-2.0492206817325664,-2.0498310519220864,-2.174651755678915,1.2293827912738122,0.8054806946522113,0.3913445210629294,0.26316678126374127,-0.14379754259868127,-0.5873840778323007,-0.9740535928931848,-1.0543172728150578
2.1093840120141913,1.7929070687481006,-1.4042119839573655,-1.617231180099826,-1.981774775790612,-1.9257733109021578,-2.2018132291125525,-2.246370252947508,1.427905695415174,0.9377784332306591,0.374254155756371,0.004675006002044846,-0.20422419136115577,-0.5702937125257423,-0.7750729111096835,-1.226594258807062
2.263807669962737,1.5708849123102209,-1.3738460670287482,-1.698105230211218,-1.9631584850102541,-2.0328932791629075,-2.0425066096478464,-2.2591880269274265,1.3607649745679802,0.7702318162074344,0.49510745328132,0.2671341874956208,-0.2820463905249486,-0.4888092922248295,-0.9563528573971065,-1.0460772752565384
2.1157928990041506,1.5856863894060795,-1.5038549173964961,-1.6300489540797445,-1.8450518533381448,-2.127500658538499,-2.1049169615262606,-2.1058325168105405,1.2457101938434707,1.0101073006887724,0.5540081765699945,0.08417572318701749,-0.28082565014590877,-0.6224803637296974,-1.007929138411542,-1.0585898641416973
2.214215092064242,1.774901148157262,-1.4246593853062834,-1.7621941001108121,-1.9585807085888547,-1.8812162870672013,-2.2765835773287453,-2.1137673292743004,1.3169709134699241,0.8134155071159705,0.5044155986714989,0.13056385759053324,-0.2280286287524338,-0.5797544504633012,-0.932243234911069,-1.1716609417502668
2.01416626244908,1.7575055977559437,-1.4435808611814016,-1.6129585887731865,-1.8258251923682662,-1.8935762834049807,-2.062343640807245,-2.2585776567379066,1.2634109293395492,0.9733324967701957,0.4897667141230202,0.20975938968074592,-0.2371841815952327,-0.6105781450340584,-0.9073706496881311,-1.0671350467949763
2.0140136699017,1.6226137858720362,-1.3073157163710745,-1.7832518716492505,-1.9224162748597982,-2.00405328770809,-2.0473895711640067,-2.2762783922339853,1.165904291563738,0.8060910648417312,0.5816274276457718,0.04129721737324177,-0.17034864584279896,-0.5193278017008267,-0.9488758225754874,-1.214081669921903
1.993566268552782,1.8153381732129583,-1.364080143996429,-1.6689600536616407,-1.8392533365377055,-2.00451106535023,-2.0589866047648853,-2.375768733125736,1.2350287155268718,0.7404762694683373,0.5172333726514178,0.04892684474224085,-0.20101974786617616,-0.6766507180495922,-0.8725795488854944,-1.1803587169509262
2.2509898959828183,1.8257144664347975,-1.3265423773409526,-1.672927459893521,-1.746171882635914,-2.051814755038026,-2.029078465478408,-2.150847318287637,1.2476938969594107,1.003545821151433,0.33625861145875424,0.046790549078921106,-0.1758419775484783,-0.6323988793093966,-0.8568625165053558,-1.24658388251384
2.1405128916797085,1.5753100961842406,-1.4341201232438427,-1.5174356541133154,-1.7534963249101532,-1.8806059168776814,-2.2573569163588667,-2.1935732315540326,1.1861991003652763,0.9090910343232217,0.41911636468608693,0.028479443393322867,-0.17797827321179804,-0.7282269990640278,-0.8055914205856807,-1.3170816394033933
2.209789908190222,1.6052182354707178,-1.5152993584499956,-1.5575674940742514,-1.8746548075298621,-2.1154458472954802,-2.173278422752495,-2.1064428870000604,1.2740924076561482,0.8450021644236276,0.624048155817408,0.0535046211636403,-0.18911752917053715,-0.7096107082836696,-0.9098121304462108,-1.3334090419730518
2.137766225826869,1.7633041145563833,-1.5503956443473923,-1.6927644910529187,-1.9895569957069918,-1.9834532938117926,-2.0985080745363014,-2.1145302920112004,1.4147827363404952,0.960972500432417,0.6249637111016879,0.13514163401193313,-0.3520863697723624,-0.7386032922858665,-1.0114387670012817,-1.0865143003122348
1.971898126824824,1.6918908023825496,-1.3343245972573317,-1.779742243059511,-1.8056829761141087,-2.126585103254219,-2.0100043970559094,-2.278414687897305,1.2286198285369123,0.7549725614694358,0.5483622523169349,0.1275120066429336,-0.3333174864446238,-0.6067633313495588,-0.8644921438743549,-1.2291883321125217
2.165690661997406,1.6146789734082767,-1.3379868183944517,-1.7451037348042542,-1.721757075055116,-2.0148873585720697,-2.101712518031281,-2.3063391240678426,1.2904198102258067,0.7621444111962952,0.4113341447697074,0.21418457355476583,-0.1854553080334176,-0.4466937491479537,-0.9986209930213628,-1.2886994255907163
2.1157928990041506,1.625055266630116,-1.472420852636219,-1.6974948600216981,-1.8899140622678612,-2.157713982919736,-2.1474902822452773,-2.2671228393911864,1.3668686764631797,0.9414406543677787,0.45879042700488304,0.19419494984798735,-0.3095130490533462,-0.5455737198501844,-0.8808195464440134,-1.279238687653157
2.0007381182796413,1.5734789856156806,-1.3498890370900902,-1.7403733658354748,-1.8777066584774618,-2.1175821429588,-2.0638695662810447,-2.102170295673421,1.3545086801254007,0.8634658626566059,0.6014644588051701,-0.029200539516311963,-0.21795752062535456,-0.5570181609036835,-0.9784787767672047,-1.214386855016663
2.2168091653697015,1.5544049171931824,-1.4470904897711416,-1.7844726120282903,-1.8314711166213264,-2.1217021417380595,-2.171905089826075,-2.3386887441123996,1.3163605432804042,0.797393289641072,0.4523815400149238,0.03824536642564169,-0.2966952750734273,-0.5135292849003874,-0.9217143491418498,-1.2197275941749623
2.2168091653697015,1.7939752165797604,-1.5673334171065703,-1.6601096859136018,-1.8380325961586657,-1.9747555186111327,-2.2604087673064663,-2.101254740389141,1.220379830978393,0.9995784149195535,0.5654526176234933,0.16947495717242989,-0.26800787616598987,-0.6397233215836358,-0.9658135953346658,-1.3448534830265508
2.046821067588397,1.6381782257047948,-1.4032964286730856,-1.8299451911475266,-1.8876251740571606,-2.0718043787448037,-2.1477954673400372,-2.2251598888616897,1.276228703319468,0.6998866518652609,0.3725756377351912,0.20365568778554666,-0.35254414741450235,-0.5635796404410227,-1.053554310078158,-1.0769009698272956
2.0843588342438735,1.5392982550025638,-1.399329022441206,-1.7013096737061977,-1.8363540781374859,-2.0103095821506693,-2.244844327473708,-2.368291698304117,1.3732775634531391,0.9899650844346144,0.3205415790786157,-0.0661279359822684,-0.3322493386129639,-0.6304151761934564,-0.7779721695099031,-1.2520772142195193
2.175151399934965,1.7443826386812649,-1.5143838031657157,-1.5389512032938928,-1.9684992241685535,-1.9024266511530197,-2.0174814318775294,-2.3240398595639205,1.1178376391390425,0.8103636561683709,0.4098082192959076,0.19419494984798735,-0.41251301853483646,-0.5142922476372873,-0.8452654829044768,-1.1683039057079072
1.970982571540544,1.5820241682689598,-1.4837127011423386,-1.6768948661254006,-1.7594474342579725,-1.8885407293414405,-2.0486103115430465,-2.133604360433698,1.3705308976002992,0.7383399738050174,0.5306615168208566,0.04724832672106105,-0.28494564892516827,-0.5307722427543258,-0.9362106411429485,-1.0984165190078734
2.167369180018586,1.7503337480290844,-1.3819334720398877,-1.731675590634815,-1.9376755295977963,-1.948357007914395,-2.2015080440177917,-2.198456193070192,1.2840109232358472,0.7748095926288341,0.5016689328186592,-0.027522021495132165,-0.2899812029887081,-0.5496937186294439,-0.8695276979378948,-1.201569081036744
2.1409706693218484,1.504201969105167,-1.585797115339549,-1.6147896993417463,-1.7475452155623339,-2.0145821734773097,-2.181518420311014,-2.1931154539118927,1.340775350861202,0.8326421680858487,0.406603775800928,-0.047664237749290184,-0.17889382849607838,-0.7076270051677294,-0.864186958779595,-1.3370712631101718
2.0866477224545736,1.5428078835923036,-1.5357467597989132,-1.6445452460808436,-1.9115822039958186,-2.084927337819483,-2.0989658521784413,-2.377142066052156,1.2899620325836667,0.9232821412295604,0.3322912052268747,-0.03911905509601121,-0.27685824391402925,-0.6198862904242377,-0.9017247254350718,-1.1753231628873864
2.155466961322947,1.4973353044730675,-1.4992771409750967,-1.7592948417105925,-1.8934236908576008,-2.0344192046367073,-2.1313154722229983,-2.2082221161025117,1.0851828339997256,0.7452066384371168,0.40599340561140806,0.1507060738446917,-0.24481380896423222,-0.6935884908087706,-0.9890076625364235,-1.2117927817112033
2.1922417652415236,1.6178834169032565,-1.3331038568782918,-1.6292859913428446,-1.9598014489678945,-2.028315502741508,-2.1864013818271735,-2.254305065411267,1.2222109415469529,0.7706895938495744,0.5327978124841763,0.14094015081237243,-0.24283010584829245,-0.7399766252122864,-0.8205454902289193,-1.0784268953010954
2.0726092080956144,1.7619307816299634,-1.3459216308582107,-1.6698756089459206,-1.9433214538508556,-2.0342666120893274,-2.1639702773623153,-2.206391005533952,1.276228703319468,0.9332006568092595,0.43330747159242566,0.10401275434641599,-0.2916597210098879,-0.6870270112714314,-0.9409410101117279,-1.1568594646544081
2.0408699582405774,1.5809560204372999,-1.3602653303119294,-1.6532430212815026,-1.8052251984719687,-1.9350814562923366,-2.2190561869664904,-2.190216195511673,1.1395057808670006,0.8157043953266703,0.28117270185457954,0.05365721371102028,-0.23611603376357282,-0.6914521951454509,-0.907675834782891,-1.190735010172765
2.1473795563118077,1.6082700864183175,-1.5758785997598492,-1.721757075055116,-1.8969333194473403,-1.941032565640156,-2.1235332523066193,-2.280093205918485,1.3586286789046604,0.7375770110681175,0.44017413622452484,0.03259944217258237,-0.30661379065312655,-0.6517781328266548,-1.053401717530778,-1.2975497933387552
1.9859366411837827,1.6467234083580737,-1.331120153762352,-1.5996830371511273,-2.0235851337727286,-2.102475480768181,-2.1297895467491985,-2.310306530299722,1.0723650600198067,0.7420021949421371,0.30238306594039743,-0.0005131406088745294,-0.18255604963319794,-0.6208018457085176,-0.9481128598385875,-1.182342420066866
1.9314611017691277,1.5559308426669822,-1.4669275209305397,-1.6059393315937065,-2.00634217591879,-2.1223125119275794,-2.0322829089733876,-2.287875425834864,1.3488627558723412,0.7838125529242532,0.42491488148652623,0.01672981724506384,-0.15447902091528043,-0.617444809666158,-0.8625084407584152,-1.149382429832789
1.9776966436252634,1.7394996771651052,-1.5877808184554887,-1.5670282320118103,-1.9440844165877555,-2.068599935249824,-2.030146613310068,-2.205628042797052,1.3233798004598836,0.9171784393343609,0.4679459798476824,0.13819348495953276,-0.18652345586507746,-0.7402818103070463,-0.8297010430717182,-1.3146401586453136
2.0738299484746547,1.5334997382021243,-1.5253704665770744,-1.8287244507684868,-1.8772488808353218,-2.1865539743745535,-2.0904206695251624,-2.1538991692352365,1.2353339006216317,0.8820821534369643,0.43254450885552576,-0.004175361745994088,-0.17889382849607838,-0.6789396062602924,-0.908133612425031,-1.1187113278094118
2.163096588691946,1.492910120599048,-1.6004459998880272,-1.56962230531727,-1.7489185484887537,-2.1117836261583607,-2.2094428564815516,-2.133451767886318,1.2666153728345289,0.8932214093957032,0.3968378527686087,0.18870161814230801,-0.23031751696313352,-0.7277692214218878,-0.843892149978057,-1.2389542551448405
1.9198640681682488,1.4796345689769892,-1.3854431006296273,-1.6123482185836666,-1.9684992241685535,-2.182281383047914,-2.076382155166203,-2.167785091046815,1.2782124064354077,0.92648658472454,0.5550763244016543,0.0687638759016389,-0.3009678664000668,-0.6972507119458906,-0.9330061976479689,-1.3022801623075346
1.9865470113733026,1.7498759703869444,-1.4673852985726796,-1.8372696334217657,-1.8732814746034423,-2.051356977395886,-2.2350784044413894,-2.11590362493762,1.1482035560676598,0.906954738659902,0.35426453204959296,0.02970018377236272,-0.17446864462205847,-0.6272107326984768,-1.084530597196295,-1.1974490822574846
1.9119292557044893,1.6418404468419143,-1.609754145278207,-1.594342297992828,-1.7916444617551495,-1.9993229187393107,-2.246675438042268,-2.384771693421155,1.1094450490331433,0.8959680752485428,0.3318334275847348,-0.10641236849058489,-0.3204997124647053,-0.5986759263384194,-1.0826994866277349,-1.1876831592251653
1.9885307144892423,1.5626449147517016,-1.6154000695312662,-1.6158578471734062,-1.8055303835667287,-2.1470325046031373,-2.1525258363088167,-2.2413346988839686,1.1865042854600363,0.678981472874203,0.3528911991231727,-0.0011235107983944559,-0.35742710893066176,-0.5474048304187442,-0.8493854816837363,-1.1231365116834313
2.0896995734021733,1.676936732739311,-1.5886963737397686,-1.7283185545924553,-2.011988100171849,-1.9674310763368936,-2.1360458411917778,-2.3257183775851002,1.233350197505692,0.8532421619821469,0.5482096597695549,-0.11221088529102419,-0.21490566967775493,-0.6752773851231724,-1.0064032129377423,-1.1531972435172886
2.0071470052696005,1.492910120599048,-1.5987674818668474,-1.5661126767275304,-1.8871673964150206,-2.199066563259712,-2.1857910116376535,-2.3634087367879575,1.2710405567085483,0.9147369585762812,0.4516185772780239,-0.006311657409313831,-0.396185615965178,-0.6635277589749138,-1.0386002404349193,-1.2394120327869804
2.0889366106652734,1.5513530662455826,-1.640883024943724,-1.5830504494867093,-2.0473895711640067,-1.9576651533045748,-2.0574606792910854,-2.1773984215317546,1.2254153850419327,0.6460214826401258,0.537222996358196,0.028479443393322867,-0.440284862157994,-0.6847381230607317,-1.0559957908362376,-1.267489061504898
2.0768817994222544,1.5118315964741662,-1.6002934073406472,-1.6651452399771411,-1.8127022332935878,-2.148863615171697,-2.1368088039286777,-2.401404281085574,1.2640212995290692,0.9037502951649221,0.4568067238889433,0.07059498647019868,-0.3853515451011993,-0.6159188841923582,-0.8562521463158359,-1.1603690932441477
2.0431588464512775,1.5409767730237436,-1.513315655334055,-1.843068150222205,-1.8690088832768028,-1.981164405601092,-2.2016606365651716,-2.191742120985473,1.233655382600452,0.8060910648417312,0.2781208509069799,0.15192681422373155,-0.4303663465782952,-0.7502003258867456,-1.0868194854069948,-1.290072758517136
2.1290684506262094,1.599877496312418,-1.5310163908301337,-1.8050726059245887,-1.8302503762422866,-2.077908080640004,-2.2852813525294042,-2.3403672621335794,1.2986598077843259,0.9200776977345808,0.5215059639780573,0.14567051978115186,-0.29791601545246715,-0.7105262635679495,-1.1086402196823326,-1.3906312472405467
1.9819692349519031,1.6310063759779352,-1.5807615612760095,-1.608838589993927,-2.0014592144026304,-2.189911010416913,-2.037928833226447,-2.3867553965370947,1.0775532066307263,0.7494792297637565,0.39760081550550863,-0.04629090482287035,-0.3971011712494583,-0.7607292116559647,-1.0572165312152775,-1.2706935049998775
1.992498120721122,1.4466745787429123,-1.6295911764376045,-1.7942385350606092,-1.8406266694641253,-2.2083747086498917,-2.189758417869533,-2.230958405662129,1.1808583612069767,0.7220125712353589,0.24546604576766295,-0.005853879767173886,-0.28509824147254825,-0.7192240387686084,-0.9059973167617112,-1.225678703522782
2.132425486668569,1.515799002706046,-1.6462237641020234,-1.6959689345478983,-2.021906615751549,-1.9765866291796925,-2.1133095516321605,-2.245759882757988,1.1486613337097997,0.8768940068260447,0.36891341659807164,-0.11099014491198433,-0.43067153167305516,-0.6706996087017729,-1.02852913230784,-1.2503986961983395
1.9921929356263621,1.6516063698742334,-1.5635186034220707,-1.6561422796817222,-1.9977969932655109,-2.00329032497119,-2.1860961967324135,-2.189300640227393,1.287978329467727,0.7522258956165961,0.4754230146693015,0.15101125893945166,-0.37604339971101997,-0.779192909888943,-0.9612358189132664,-1.1513661329487288
2.0181336686809597,1.4991664150416275,-1.5409349064098325,-1.6361526559749437,-2.061122900428205,-2.0743984520502634,-2.253084325032227,-2.2176828540400706,1.210156130303934,0.7731310746076543,0.3123015815200967,-0.02797979913727211,-0.19949382239237634,-0.8002506814273809,-0.8654076991586348,-1.2600120266832788
2.0503306961781367,1.6230715635141761,-1.6277600658690448,-1.6298963615323645,-1.8088874196090883,-1.9662103359578538,-2.188995455132633,-2.3972842823063143,1.069008023977447,0.6380866701763666,0.3049771392458571,0.11011645624161526,-0.4781278139082308,-0.7935366093426617,-0.8902802843815727,-1.3443957053844109
1.959690723034425,1.5945367571541187,-1.4243542002115235,-1.7762326144697713,-1.9028844287951596,-2.157256205277596,-2.1609184264147157,-2.2173776689453106,1.297439067405286,0.7076688717816402,0.394548964557909,0.0766986883653984,-0.4500507851903133,-0.6351455451622363,-1.1353439154738303,-1.3218120083721732
1.9859366411837827,1.6792256209500107,-1.5458178679259929,-1.8708399938453626,-1.9341659010080567,-2.141233987802698,-2.2907746842350836,-2.2025761918494524,1.14545689021482,0.6910362841172217,0.3748645259458909,0.1250705258848539,-0.3768063624479199,-0.7306684798221075,-1.0126595073803215,-1.3718623639128085
1.874544081596393,1.5244967779067051,-1.4837127011423386,-1.779131872869991,-1.883962952920041,-2.0394547587002467,-2.318088750216101,-2.2250072963143097,1.1176850465916626,0.7340673824783779,0.23005419848228437,-0.0636864552241887,-0.30661379065312655,-0.6269055476037169,-1.009302471337962,-1.1481616894537492
2.1148773437198707,1.547080474918943,-1.3691156980599688,-1.8490192595700243,-1.78721927788113,-2.1131569590847805,-2.1621391667937555,-2.2178354465874506,1.210308722851314,0.7067533164973603,0.47221857117432187,0.008642412233924368,-0.33560637465532395,-0.6250744370351571,-0.8506062220627766,-1.3915468025248265
1.8771381549018527,1.6209352678508564,-1.634626730501144,-1.8230785265154266,-1.9942873646757713,-1.9762814440849326,-2.1845702712586137,-2.286654685455824,1.2496776000753504,0.6904259139277018,0.3791371172725304,0.04328092048918153,-0.2718226898504894,-0.6925203429771107,-0.9613884114606464,-1.3422594097210911
2.0500255110833767,1.5637130625833615,-1.4773038141523784,-1.851002962685964,-1.9343184935554367,-2.207459153365612,-2.2518635846531874,-2.22226063046147,1.2284672359895323,0.8656021583199258,0.4314763610238659,0.0332098123621023,-0.496438919593829,-0.5762448218735616,-0.9298017541529893,-1.2520772142195193
1.9784596063621633,1.6253604517248759,-1.520945282703055,-1.7020726364430985,-1.8770962882879418,-2.0634117886389047,-2.2979465339619436,-2.213562855260811,1.0442880313018892,0.7992244002096318,0.24989122964168242,-0.15035902213602093,-0.4267041254411752,-0.8144417883337196,-0.9685602611875055,-1.2977023858861352
1.9009425922931305,1.4749042000082098,-1.3782712509027677,-1.778216317585711,-1.9953555125074312,-1.9901673658965118,-2.286654685455824,-2.359899108198218,1.1366065224667807,0.8321843904437087,0.4336126566871856,0.030310553961882647,-0.278841947029969,-0.7497425482446056,-0.9786313693145847,-1.3924623578091064
2.0868003150019536,1.5884330552589192,-1.4141304995370647,-1.7257244812869956,-2.028315502741508,-1.9369125668608964,-2.174193978036775,-2.183196938332194,1.0242984075951111,0.7671799652598348,0.19678902315344704,-0.13342124937684252,-0.43006116148353524,-0.7411973655913267,-1.1110817004404123,-1.299228311359935
1.9741870150355236,1.636347115136235,-1.5076697310809957,-1.7483081782992338,-1.843068150222205,-2.067836972512924,-2.1717524972786952,-2.2408769212418287,1.1434731870988801,0.6554822205776851,0.406756368348308,-0.008905730714773963,-0.4811796648558304,-0.7769040216782432,-1.1292402135786306,-1.342564594815851
2.0069944127222206,1.570427134668081,-1.6144845142469864,-1.819263712830927,-1.997491808170751,-1.9741451484216128,-2.1075110348317203,-2.1383347294024775,1.0844198712628257,0.6855429524115424,0.3211519492681356,-0.13509976739802232,-0.4190744980721761,-0.5864685225480208,-0.9720698897772451,-1.3215068232774132
1.8730181561225931,1.5125945592110661,-1.4295423468224433,-1.7942385350606092,-1.9031896138899196,-1.987725885138432,-2.2900117214981837,-2.140928802707938,1.1295872652873014,0.7690110758283946,0.3257297256895355,0.06555943240665929,-0.27929972467210895,-0.6540670210373545,-1.016169135970061,-1.222321667480422
2.0408699582405774,1.6407722990102545,-1.5497852741578724,-1.8233837116101865,-1.8870148038676406,-2.092556965188482,-2.270022097791406,-2.3872131741792346,1.090981350800165,0.7297947911517382,0.471303015890042,0.07456239270207865,-0.40854561230295694,-0.8298536356190982,-1.13824317387405,-1.3305097835728321
1.9978388598794217,1.4779560509558094,-1.6360000634275638,-1.8644311068554034,-1.9547658949043552,-2.037928833226447,-2.302982088025483,-2.401099095990814,1.2473887118646505,0.7905266250089726,0.21220087043882563,-0.036067204148411136,-0.5274152067119662,-0.7436388463494064,-0.9775632214829248,-1.1431261353902094
2.0872580926440936,1.5783619471318402,-1.5761837848546092,-1.794696312702749,-2.052577717774926,-2.0504414221116063,-2.1120888112531206,-2.4041509469384135,1.1823842866807766,0.8601088266142463,0.24256678736744286,-0.01516202515735321,-0.29227009119940783,-0.8165780839970394,-1.0990268891973933,-1.2821379460533766
2.0457529197567372,1.6158997137873166,-1.4473956748659016,-1.8235363041575665,-2.030146613310068,-2.0469317935218667,-2.0499836444694663,-2.2283643323566693,1.0212465566475115,0.7218599786879789,0.4348333970662255,-0.1451708755251011,-0.4579855976540723,-0.5738033411154819,-1.1545705764437084,-1.2062994500055235
1.9415322098962067,1.47139457141847,-1.4782193694366583,-1.705277079938078,-1.9028844287951596,-2.0466266084271068,-2.1619865742463755,-2.328617635985321,1.1689561425113377,0.8204347642954499,0.17695199199404898,-0.15508939110480036,-0.4412004174422739,-0.8573202941474958,-1.0469928305408183,-1.4235912374746236
1.9108611078728295,1.4196656978566549,-1.4118416113263645,-1.7513600292468334,-1.8145333438621476,-1.9839110714539325,-2.148405837529557,-2.3951479866429946,1.14728800078338,0.6496837037772456,0.20930161203860598,0.06723795042783909,-0.38153673141669975,-0.637892211015076,-0.8915010247606125,-1.2040105617948238
1.8963648158717308,1.417529402193335,-1.6681970909247408,-1.7429674391409344,-1.9996281038340706,-2.1206339939063996,-2.2265332217881095,-2.366002810093417,1.1326391162349012,0.7398658992788174,0.26331937381112125,0.06266017400643964,-0.505136694794488,-0.7283795916114078,-0.9783261842198248,-1.3921571727143465
2.2006992683290734,1.8079260513729896,-1.2893974753459654,-1.4265781754405733,-1.6295262634559542,-1.7418343783276242,-1.977132086387562,-2.0227572580541784,1.3101691618194753,0.9618003761509673,0.5145516197802285,0.10529840770710619,-0.2697740737528993,-0.3785725600348293,-0.9189027703073598,-1.002676078818972
2.0577200514340266,1.7404801454310357,-1.469914458896489,-1.494176673929907,-1.7412240081381043,-1.9357795060475862,-2.073417983784333,-1.970418014302843,1.344197299885212,1.0478625728732793,0.45427756356513393,0.22248948409493519,-0.0947504219080555,-0.655070255887364,-0.7750079981280331,-1.199520464939154
2.1695703886635562,1.8591971472926647,-1.2179841631721322,-1.494024081382527,-1.800124731426779,-2.0047513374633397,-2.043357251950476,-2.148646109642667,1.4163735747959454,0.8797055856605349,0.5264538384758675,0.18312060687089904,-0.3228762802411347,-0.5539013969744331,-0.9207338808759196,-1.1088804917954422
2.0783200453303246,1.8233378986583682,-1.1854819505801952,-1.4113189207025743,-1.7291691968950849,-1.946155799269425,-1.9991054132102803,-1.9119750686563082,1.3960787659944074,1.008493695649243,0.3988864688661993,0.017862878058374054,-0.24963185749874128,-0.3785725600348293,-0.772566517369953,-1.1976893543705942
2.2188577814672916,1.6112342578001875,-1.3136596903793833,-1.5634536904404204,-1.654398848678892,-1.7468699323911636,-2.082573536627133,-2.025198738812258,1.3945528405206076,0.9598166730350275,0.41765535219393746,0.12391469848746439,-0.2691637035633794,-0.437625875870884,-0.9340094324979784,-1.0701219847609256
2.157973355062677,1.7082831179338587,-1.3951441106802962,-1.5124877796155047,-1.8678758224634926,-1.7966151028370385,-2.1277409306516084,-2.076012057089793,1.2025914159165851,0.9204477958109911,0.44374867779591476,0.2519398457392725,-0.33676220205271346,-0.5555799149956133,-0.7594435582952745,-1.0795827226984849
2.1302015114395196,1.7943453146561708,-1.3371589426759014,-1.6775929158806502,-1.589852201137158,-1.799819546332019,-1.9241824724467076,-2.0876090906906724,1.2282269638764227,1.0261944311453213,0.49151014512585034,0.2937502037213888,-0.23147334436052303,-0.4859977133903395,-0.7154969046498385,-1.2413308229212698
2.1765896458430354,1.8306623409326073,-1.4235263244929737,-1.6478373691415529,-1.631662559119274,-1.7889854754680394,-2.0783009453004926,-2.0305394779705574,1.3336684141159931,0.9495929723605685,0.4651116344291131,0.17015024034360016,-0.11824967420457355,-0.6245517464113668,-0.8441324220911666,-1.0449442144432282
2.181777792453955,1.648466839360904,-1.3775959677315974,-1.494329266477287,-1.6576032921738717,-1.9359320985949662,-1.8767261902115315,-1.9362372836897261,1.1729884617248678,0.9872833315634248,0.49746125447367007,0.017862878058374054,-0.21087335046422462,-0.6207369327268673,-0.7249576425873974,-1.067375318908086
2.2112281540982925,1.7349868137253561,-1.2240878650673315,-1.583138129052439,-1.6479899616889329,-1.7657914082662813,-1.9481395023853647,-2.008718743695219,1.4304120891549041,0.7469500694399471,0.38637387998104034,0.07767915663132863,-0.13427189167947207,-0.3904747787304683,-0.9379768387298579,-0.9846701582281336
2.248918513301149,1.6226786988536865,-1.252012301237869,-1.4873100092978078,-1.8616195280209134,-1.768232889024362,-2.1263675977251886,-2.1373542611365473,1.1563558740604494,0.8356063394677189,0.5327101329184467,0.2812376148362299,-0.08666301689691647,-0.5290288117514956,-0.925616842392079,-1.1847189878432953
2.23533777658433,1.575069824071131,-1.3775959677315974,-1.5997707167168569,-1.5976344210535371,-2.010549854263779,-2.0125335573797187,-2.009634298979499,1.4063024666688664,0.9469988990551086,0.477776815861652,0.13902136067808302,-0.20293853800046557,-0.623178413484947,-0.7556287446107746,-1.0798879077932448
2.1039555932901624,1.5756801942606509,-1.405825588996895,-1.445804836410451,-1.8588728621680728,-1.9499706129539245,-2.1375068536839272,-2.123010561682829,1.377462475214049,0.9486774170762884,0.4406968268483151,0.12772951217196393,-0.21621408962252442,-0.5638199125541323,-0.7834005882339321,-1.0196138515781503
2.119672625670301,1.8143349383629488,-1.2935174741252249,-1.5950403477480775,-1.7140625347044667,-1.7467173398437836,-2.1248416722513888,-2.098137976459891,1.1467425435755103,0.7693811739048051,0.4561086741336937,0.07767915663132863,-0.3207399845778145,-0.6585798844771036,-0.7145813493655586,-1.2025723158867536
2.0156045083571503,1.6753231276997815,-1.4120818834394742,-1.6746936574804305,-1.8599410099997336,-1.775557331298601,-1.8526165677254935,-1.9907128231043814,1.4076757995952862,0.8876403981242942,0.41170424284611773,0.2607902134873119,-0.23483038040288262,-0.5438302888473543,-0.7675309633064136,-1.1894493568120748
2.2315229628998305,1.725068298145657,-1.3092345065053639,-1.6815603221125297,-1.8842032250331506,-1.8391884235560552,-2.016806148706359,-2.1043942709024703,1.408591354879566,1.017649248492042,0.3856109172441404,0.07722137898918868,-0.3623977500125508,-0.4980525246333585,-0.7359443059987565,-1.2152374973192925
2.150038542598918,1.7990756836249502,-1.4723559396545687,-1.4946344515720469,-1.728101049063425,-1.8797780411591312,-1.9925439336729411,-2.203274241604701,1.389822471551828,0.8983218764408931,0.3834746215808207,0.043498426018211855,-0.2563459295834605,-0.6532391453188042,-0.8506939016285058,-1.1018612346159626
2.23533777658433,1.789614945687391,-1.4903618602454074,-1.5877159054738383,-1.6481425542363128,-1.792647696605159,-1.8979365542973499,-1.9243350649940876,1.1209544030682927,0.779910059674024,0.37691314204348103,0.1800687559232994,-0.08040672245433678,-0.5085814104025776,-0.8433694593542667,-0.9709368289639349
1.9698267441431545,1.5335646511837746,-1.2164582376983324,-1.6417336672463536,-1.8797780411591312,-1.8379676831770153,-1.9556165372069847,-2.089745386353992,1.138807731111751,1.0112403615020829,0.34013833812490457,0.19807467651413768,-0.272215554510979,-0.5418465857314145,-0.80812058090949,-1.0554731002124473
1.9922578486080125,1.5991794465571687,-1.3305974631385622,-1.557349988545221,-1.6989558725138476,-1.8532269379150135,-1.8561261963152331,-2.1195009330930894,1.2846862064070175,0.7284863712069689,0.5877960425226219,-0.012045261228103232,-0.30548072983981633,-0.5227725173089159,-0.8641220457979446,-1.2134063867507328
2.0348311693270285,1.6747127575102616,-1.501958893846286,-1.5677262817670599,-1.78486547668878,-1.9661454229762034,-1.9191469183831673,-1.9441720961534852,1.3417558191271324,0.7409989600921274,0.6126686277455593,0.1060613704440061,-0.1525829973650703,-0.5250614055196161,-0.8183442815839488,-1.0394508827375484
2.160414835820757,1.6545705412561036,-1.251707116143109,-1.4502300202844705,-1.7827291810254602,-1.8069913960588782,-1.857346936694273,-2.1170594523350097,1.3725795136978896,0.7202463736484495,0.6227397358726385,0.16236802042722065,-0.24673259909852163,-0.4388466162499238,-0.7283146786297574,-1.1773945455690558
2.2013096385185933,1.5280713194780953,-1.4148285492923138,-1.5399544381439023,-1.7659440008136613,-1.8210299104178365,-1.937915801710906,-2.1268253753673285,1.1568136517025893,0.8864196577452543,0.37920203025418076,0.20829837718859645,-0.24520667362472182,-0.6839102473421814,-0.8635116756084247,-1.0331945882949691
2.094800040447363,1.5659142712283316,-1.4035367007861952,-1.6415810746989736,-1.598855161432577,-1.880998781538171,-2.0456461401611756,-2.009786891526879,1.129041808079432,0.9964388844062242,0.433372384574076,0.023966579953573763,-0.19103631930482656,-0.5209414067403562,-0.7692094813275934,-0.9875694166283533
1.9226756470027389,1.6084875919473478,-1.2689500739970478,-1.4416848376311915,-1.799056583595119,-1.9998683759471803,-1.945087651437765,-2.162989809096385,1.214951412254364,0.8308759704989392,0.36470573825308206,0.20555171133575678,-0.17608224966158792,-0.5651932454805522,-0.7283146786297574,-1.0074064477877513
1.9472430471309168,1.552791312153653,-1.364320416109539,-1.5219485175530645,-1.6998714277981275,-1.8430032372405547,-2.1431527779369874,-1.9560743148491246,1.170699573514168,0.9824003700472654,0.31785982620742637,-0.047141547125499894,-0.30349702672387613,-0.49835770972811844,-0.8235324281948686,-1.0597456915390868
2.049480053875507,1.540126130721114,-1.4065885517337948,-1.67133662143807,-1.8130950979540774,-2.0406105860976362,-2.0519024346037558,-1.9441720961534852,1.2184610408441037,0.9422685300863292,0.4406968268483151,-0.04286895579886041,-0.3497325685800119,-0.6813161740367217,-0.9007442571691415,-1.2228671246882916
2.0664178266346855,1.5437883518582338,-1.340058201076121,-1.598244791243057,-1.6913262451448485,-1.9008358126975695,-2.050376509129956,-2.180080174402944,1.1858062357047867,0.7884552423273032,0.3213694547971664,0.18830875348181841,-0.3276066492099141,-0.4663132747783214,-0.8307042779217277,-1.199978242581294
2.12867558596572,1.5566061258381525,-1.2979426579992452,-1.6432595927201534,-1.6902580973131887,-1.921740991688627,-1.9476817247432248,-2.027182441928198,1.1417069895119707,0.7727382099471647,0.5259960608337275,0.08240952560010806,-0.14831040603843038,-0.7101561654915387,-0.771956147180433,-1.0312108851790294
2.0978518913949626,1.7775601344443723,-1.2652878528599274,-1.6922418004291284,-1.7319158627479245,-1.8036343600165186,-2.145441666147687,-2.0714342806683934,1.1346877323324913,0.9085455771153521,0.5362197615081863,0.22920355617965482,-0.18462743231486733,-0.5856406468294701,-0.8332983512271874,-1.2054715742869733
1.9042119487697606,1.6007053720309685,-1.341278941455161,-1.5874107203790784,-1.8658921193475528,-1.7622817796765418,-2.100121679575831,-2.1344550027363276,1.2306684446345026,0.8586478141220968,0.586117524501442,0.15977394712176096,-0.3324896107260735,-0.6952020958483001,-0.7362494910935165,-1.2744434057027272
2.183914088117275,1.6014683347678684,-1.4021633678597754,-1.5416329561650821,-1.6333410771404537,-2.040915771192396,-2.0853202024799726,-1.985524676493462,1.2494373279622408,0.7216197065748693,0.5009708830634096,0.03373250298589259,-0.2741992576269192,-0.4824880848005999,-0.9773457159538945,-1.163661216304857
1.9170297227496795,1.6249675870643863,-1.3630996757304992,-1.6492107020679727,-1.8283543526920756,-1.8224032433442563,-1.9547009819227048,-2.0541913228144555,1.1034062601195942,0.9207529809057511,0.33342426604018494,0.22721985306371506,-0.340577015737213,-0.445713280882023,-0.9909264526707129,-1.2857352542088458
2.064281530971366,1.572628343313051,-1.4413796525364315,-1.6998714277981275,-1.760908446750122,-2.042594289213576,-2.0042935598211997,-2.043052066855716,1.1340773621429714,0.8906922490718938,0.40163313471903894,0.019541396079553852,-0.2738940725321588,-0.449222909471763,-0.9115783280331202,-1.1526745528934983
2.004923030040551,1.5909394489986495,-1.518133703868565,-1.590004793684538,-1.6193025627814954,-1.9022091456239894,-2.035117254391957,-1.9400520973742257,1.2500476981517608,0.7646508049360254,0.42696349758411634,0.1817472739444792,-0.38955922344618843,-0.4365577280392241,-0.9366035058034381,-1.2883293275143055
1.9747097056593141,1.6574697996563232,-1.4015529976702554,-1.735883268979805,-1.832474351471336,-1.9795735671456418,-1.9154846972460478,-2.130792781599208,1.2643913976054795,0.9630211165300071,0.4709101512295524,0.16343616825888052,-0.3395088679055531,-0.5432199186578344,-0.9883323793652532,-1.2411782303738899
1.9026860232959608,1.4696283738315605,-1.389040408785096,-1.6862906910813091,-1.833084721660856,-1.9429513557744453,-2.1434579630317474,-2.011465409548059,1.2323469626556824,0.8797055856605349,0.3730983283589815,0.08027322993678832,-0.2741992576269192,-0.6082243438417083,-0.9768879383117541,-1.1963160214441744
2.0487170911386072,1.5315809480678348,-1.3295293153069023,-1.7343573435060042,-1.8193513923966567,-1.8631454534947132,-2.009786891526879,-2.2008327608466214,1.1882477164628664,0.8705500328177356,0.3883575830969801,0.001688068036095558,-0.20507483366378532,-0.5877769424927903,-0.7626480017902542,-1.1885338015277949
2.1416459524930187,1.5418046487422938,-1.4866996391082878,-1.5306462927537234,-1.8176728743754769,-2.026114294096538,-1.9595839434388642,-1.953327648996284,1.183669940041467,0.9401322344230092,0.324726490839526,0.13856358303594307,-0.2673325929948196,-0.666667289488243,-1.0186982962938704,-1.2144745345823926
2.0160622859992903,1.4803098521481597,-1.300384138757325,-1.695446243924108,-1.6457010734782331,-1.8452921254512544,-2.0560224333830153,-1.9710283844923628,1.324970638915334,0.9294507561064103,0.48052348171449166,0.13017099293004364,-0.38253996626670883,-0.47180660648400075,-0.7930139187188714,-1.0449442144432282
1.9501423055311364,1.4969424398125781,-1.4500774277370905,-1.5312566629432434,-1.7740314058248012,-1.7741839983721812,-1.9417306153954055,-2.11629648959811,1.2099158581908245,0.703918971078791,0.4817442220935315,0.13200210349860342,-0.22033408840178392,-0.6837576547948014,-0.7714983695382931,-1.2379737868789102
2.1034978156480224,1.498010587644238,-1.4168122524082536,-1.535071476627743,-1.7892906605627994,-1.9186891407410274,-2.00169948651574,-2.1246890797040088,1.1662743896401484,0.9402848269703892,0.5203501365806678,0.10361988968592639,-0.36193997237041087,-0.44983327966128295,-0.840622793501427,-1.1509960348723185
1.953651934120876,1.6342757324545654,-1.2462137844374297,-1.711621053946387,-1.8561261963152331,-1.8498699018726539,-2.1260624126304286,-2.016653556158979,1.0882995979289756,0.9141915013684117,0.4908997749363304,-0.004568226406483689,-0.16219632785000915,-0.49652659915955866,-0.9488109095938371,-1.1529797379882583
2.1347792878609195,1.5884979682405695,-1.510351483952185,-1.6847647656075093,-1.7804402928147605,-1.9164002525303276,-1.9719439397766427,-2.210903868973701,1.075329231401677,0.7879974646851633,0.32838871197664554,-0.06316376460039841,-0.4118377353636662,-0.5419991782787945,-0.7701250366118733,-1.2379737868789102
2.074200046551065,1.6625053537198629,-1.470524829086009,-1.711010683756867,-1.8710802659584722,-1.856889159052133,-2.1268253753673285,-2.1361335207575074,1.1682580927560884,0.8980166913461332,0.3457842623779639,0.1229991432031845,-0.3002925832288965,-0.6082243438417083,-0.8664109340086443,-1.1361945577764598
2.1305066965342796,1.465203189957541,-1.4400063196100117,-1.591378126610958,-1.7029232787457271,-1.8124847277645575,-1.970112829208083,-2.1443735183160273,1.0875366351920757,0.7419145153764077,0.3715724028851817,0.10331470459116643,-0.3784199674874493,-0.534064365815035,-0.8493205687020859,-1.0277012565892898
2.1308118816290396,1.5996372241993086,-1.5462107325864816,-1.6843069879653694,-1.8791676709696112,-1.8393410161034351,-2.0366431798657567,-2.122400191493309,1.170699573514168,0.6666863895180746,0.38698425017056026,0.1681665372276604,-0.4202303254695656,-0.687267283384541,-0.8436746444490266,-1.054404952380787
2.008127473535531,1.4507068979564424,-1.3934655926591164,-1.517828518773805,-1.8936639629707104,-2.0212313325803786,-1.8779469305905714,-2.2054105372680217,1.2099158581908245,0.8557485557218771,0.26384206443491154,0.03647916883873226,-0.28625406886993776,-0.5774006492709511,-0.849015383607326,-1.1328375217340998
2.139357064282319,1.4728328173265404,-1.5250003685006641,-1.7021603160088272,-1.8936639629707104,-1.9818624553563415,-2.1260624126304286,-1.9884239348936816,1.0889099681184955,0.9163277970317314,0.4019383198137989,-0.056297099968299236,-0.18539039505176724,-0.4679917927995012,-1.0029812639137319,-1.066001985981666
1.8820860293996626,1.5770535271870707,-1.2860404393036058,-1.6423440374358735,-1.7424447485171441,-1.8977839617499699,-2.0551068780987354,-2.139795741894627,1.1214121807104327,0.6674493522549745,0.26613095264561126,-0.07125116961153788,-0.3381355349791333,-0.5891502754192102,-0.9431649853407773,-1.2564374851118885
2.0125526574095507,1.6187112926218068,-1.486241861466148,-1.7505321535282832,-1.881303966632931,-2.010244669169019,-1.9440195036061052,-2.11309204610313,1.1877899388207265,0.627164919746658,0.5246227279073077,0.021982876837633558,-0.3378303498843733,-0.6500347018238246,-0.969868681132275,-1.3190004295376827
2.063365975687086,1.58544611729297,-1.3615737502566994,-1.7589247436341822,-1.792495104057779,-1.8379676831770153,-2.139337964252487,-2.059379469425375,1.073040343190977,0.6996463797521515,0.3859161023389004,0.1321546960459834,-0.31463628268261523,-0.5517651013111133,-0.8087309510990099,-1.0924004966784038
1.8602652951243246,1.4836668881905193,-1.5378181424805826,-1.7314580851057846,-1.7616714094870218,-1.7900536232996993,-2.1173646374297697,-2.0404579935502563,1.1040166303091141,0.6636345385704749,0.336476116987785,-0.06560524535847811,-0.2970881397339169,-0.49912067246501834,-0.7728717024647129,-1.0525738418122272
1.8602652951243246,1.5268505790990552,-1.291838956104045,-1.5771870197046187,-1.640055149225173,-1.7779988120566808,-1.9467661694589449,-2.141016482273667,1.2872802797124774,0.6589041696016951,0.3779812898751409,-0.04225858560934048,-0.17486150928254807,-0.513769557013497,-0.8259739089529483,-1.2248508278042314
1.9887482200182727,1.4227824617859048,-1.5153870380157244,-1.7622817796765418,-1.7075010551671275,-1.928302471225967,-1.9510387607855844,-1.9807943075246817,1.0463366473994795,0.7748745056104844,0.365163515895222,-0.027762293608241784,-0.26122889109962033,-0.546119177058054,-0.8439798295437866,-1.2965693250728245
1.9776089640595338,1.4612357837256613,-1.3765278198999376,-1.622507006276475,-1.7343573435060042,-1.7949365848158587,-2.0712816881210134,-2.027640219570338,1.0590018288320184,0.6366256576842173,0.34349537416726417,0.07645841625228877,-0.3558362704752116,-0.5886924977770702,-0.8783131527042833,-1.3292241302121424
2.0015659939981916,1.5012150311392176,-1.2831411809033861,-1.5758136867781989,-1.8446817552617345,-1.9722491248714027,-2.1281987082937484,-2.209683128594661,1.1952669736423458,0.7941011665803628,0.2859679838050093,-0.014334149438802957,-0.3063962851240962,-0.48782882395889926,-0.8178865039418088,-1.2712389622077476
2.117231144912221,1.4583365253254417,-1.3440256073080006,-1.735425491337665,-1.8780995231379514,-1.8065336184167382,-2.0851676099325926,-2.027792812117718,1.1545247634918896,0.8082922734867015,0.4310834963633763,0.11826877423440507,-0.27252073960573897,-0.6564435888137838,-0.9520153530888167,-1.070884947497826
1.9989719206927319,1.4928224410333184,-1.333038943896642,-1.7210817918839458,-1.6524151455629523,-1.9096861804456084,-2.010244669169019,-2.1681779557073044,1.1031010750248342,0.639219730989677,0.4204020180467771,-0.01555488981784281,-0.38681255759334876,-0.6866569131950211,-1.0325842181054492,-1.0876701277096243
1.877813438073023,1.5967379657990888,-1.550330731365742,-1.6725573618171108,-1.8266758346708958,-1.8707750808637122,-2.0387794755290765,-2.2153290528477205,1.1121040353202534,0.8337752288991591,0.23576503571699403,-0.12740522704737245,-0.41839921490100584,-0.6619369205194632,-0.8366553872695475,-1.3060300630103843
1.9780667417016737,1.4813779999798196,-1.2855826616614658,-1.7619765945817818,-1.7627395573186817,-1.8690965628425324,-2.0361854022236168,-1.9633987571233638,1.194351418358066,0.6123634426507993,0.23698577609603388,0.13764802775166318,-0.33477849893677325,-0.6703295106253626,-1.0292271820630896,-1.1471812211878185
1.9551778595946758,1.6649468344779426,-1.4798329744761878,-1.7061277222407076,-1.88878100145455,-1.8864921132438504,-2.1603957357909254,-2.129877226314928,1.0422166486202198,0.7574789552091661,0.2995487205218281,-0.11184078721461388,-0.2648911122367399,-0.6160065637580874,-1.02510718328383,-1.0817190183618046
1.832951229143307,1.5598105693331323,-1.388887816237716,-1.478612234097148,-1.8608565652840134,-1.8198091700387966,-1.9238772873519476,-2.067466874436514,1.2651543603423794,0.8000522759281821,0.45153089771229427,-0.12603189412095261,-0.4608199430726416,-0.6324865588751258,-1.0521160641700873,-1.2422463782055497
2.041392648864368,1.4604728209887614,-1.5449899922074417,-1.7235232726420255,-1.7262699384948652,-1.8933587778759504,-1.9566846850386446,-1.9768269012928021,1.0269573938822214,0.7078863773106705,0.31145093921746714,-0.026694145776581912,-0.36132960218089094,-0.5949487922196495,-0.9132568460543,-1.2355323061208305
1.954262304310396,1.530360207688795,-1.3196107997272026,-1.7667069635505621,-1.8854239654121905,-1.8715380436006122,-2.1687883258968244,-2.1187379703561895,1.0834166364128162,0.7728908024945447,0.3260998237659458,-0.018911925860202405,-0.3533947897171319,-0.5325384403412352,-0.848710198512566,-1.155573811293718
2.0261333941263695,1.3902802491939679,-1.2861930318509858,-1.5285099970904037,-1.8542950857466733,-2.0714342806683934,-2.0123809648323387,-2.027029849380818,1.1200388477840126,0.5983249282918406,0.3074835329855876,0.09537989212740694,-0.23544075059240255,-0.7409798600622959,-0.8996761093374817,-1.0956049401733834
2.030100800358249,1.5048772522763374,-1.3823263367003769,-1.6370032982775733,-1.727643271421285,-1.9746906056294824,-1.9446298737956251,-2.1208742660195092,0.9891144421319849,0.7864715392113635,0.37019906995876184,-0.0938348666237756,-0.3793355227717292,-0.6952020958483001,-0.8696153775036244,-1.260710076438528
1.9954622921029923,1.5707972327444912,-1.4723559396545687,-1.7396980826643045,-1.840866941577235,-1.841172126671995,-1.89030692692835,-2.017263926348499,1.0475573877785194,0.7261974829962692,0.37004647741138186,0.08164656286320815,-0.1931726149681463,-0.6614791428773232,-0.8868583353575628,-1.1805989890640358
1.9449541589202168,1.604215000620708,-1.3096922841475038,-1.5164551858473851,-1.832474351471336,-1.9202150662148272,-2.1034787156181904,-2.1433053704843674,0.9939974036481443,0.5803190077010023,0.23988503449625354,-0.1438852221644109,-0.4835562326322598,-0.610818417147168,-1.0681382816449858,-1.3215945028431424
1.9324415700350581,1.5277661343833353,-1.4000270721964556,-1.6919366153343685,-1.8069913960588782,-1.9641617198602637,-1.9312017296261867,-2.049460953845676,1.107068481256714,0.8731441061231955,0.3288464896187855,-0.08208524047551657,-0.41824662235362586,-0.6300450781170461,-0.8798390781780832,-1.0998775315000229
2.0803037484462643,1.658995725130123,-1.4627426091696298,-1.7476328951280635,-1.6974299470400478,-1.9398995048268457,-1.8752002647377317,-2.0210787400329986,1.0818907109390163,0.5781827120376826,0.23820651647507374,-0.10329560456133491,-0.48889697179055913,-0.7354865283566165,-0.9012020348112815,-1.0931634594153037
2.01697784128357,1.3965365436365473,-1.2942804368621248,-1.535071476627743,-1.8272862048604157,-1.8423928670510348,-2.0544965079092155,-1.9914757858412813,0.9683618556883067,0.6054967780187002,0.3602805543790626,0.05036509065031103,-0.37292663578177,-0.6851309877212213,-0.9869590464388334,-1.3536389377929394
1.8144875309103288,1.508844658508217,-1.3302922780438022,-1.688274394197249,-1.6736255096487707,-1.8060758407745983,-2.1678727706125445,-1.9547009819227048,1.2082373401696447,0.6888123088881724,0.4149086863410978,-0.04668376948335995,-0.3965784806256676,-0.6910820970690406,-0.828873167353168,-1.220425643930212
2.0259808015789895,1.6213053659272667,-1.4081144772075946,-1.6353247802563935,-1.929065433962867,-1.9183839556462674,-2.057090581214675,-2.0769276123740728,1.1728358691774878,0.7736537652314446,0.3875946203600802,-0.11626597108863335,-0.2970881397339169,-0.6317235961382259,-0.8195650219629886,-1.232327862625851
1.9229808320974988,1.6031468527890482,-1.3295293153069023,-1.5121825945207448,-1.7648758529820014,-2.0316076258022173,-1.9679765335447632,-2.210293498784181,1.0005588831854837,0.6047338152818003,0.2667413228351312,0.11079173941278553,-0.3857444097616889,-0.7647842974535739,-0.8139190977099293,-1.1397041863661994
1.933204532771958,1.4560476371147417,-1.4227633617560738,-1.6740832872909106,-1.792952881699919,-1.8755054498324917,-1.914263956867008,-2.0045987449159597,1.0339766510617006,0.812870049908101,0.3811857333701205,-0.1174867114676732,-0.3092955435243159,-0.6395058160546054,-0.9922997855971327,-1.2173737929826123
1.877813438073023,1.5004520684023177,-1.3055722853682443,-1.6086210844648958,-1.928455063773347,-2.0700609477419736,-1.9395943197320857,-2.2200594218165,0.9578329699190877,0.7031560083418911,0.23744355373817383,0.013132509089594624,-0.2137726088644447,-0.7095457953020188,-0.9225649914444793,-1.1772419530216758
1.9092475028333,1.3640343310446104,-1.3475352358977402,-1.5483470282498022,-1.9527172788067642,-1.8375099055348754,-2.0796742782269133,-2.139337964252487,1.0367233169145404,0.8421678190050583,0.3578390736209829,0.07065989945184947,-0.4058866260158469,-0.6446939626655248,-1.02297088762051,-1.1804463965166558
1.9480060098678167,1.3686121074660098,-1.4320715071462526,-1.6826284699441896,-1.7747943685617011,-1.8155365787121571,-2.025351331359638,-2.081200203700713,0.9515766754765083,0.8455248550474179,0.2174539300313958,0.06394582736712984,-0.4161103266903061,-0.6440835924760049,-1.0241916279995502,-1.3502819017505798
2.02140302515759,1.518000211351016,-1.5196596293423648,-1.67087884379593,-1.694988466281968,-2.0688402073629337,-1.9849143063039412,-2.011465409548059,1.0382492423883403,0.7652611751255454,0.38179610355964044,0.0311384296804329,-0.46127772071478157,-0.6483561838026444,-0.8322302033955276,-1.284361921282426
1.9995822908822518,1.3850921025830483,-1.3101500617896438,-1.654551441226272,-1.767012148645322,-1.9028195158135093,-2.0461039178033156,-1.9568372775860245,1.1246166242054123,0.6776730529294333,0.4442064554380547,-0.07399783546437755,-0.5064451147392575,-0.752271708568415,-1.091027163751984,-1.3670670819623787
1.934120088056238,1.4998416982127978,-1.404910033712615,-1.7700639995929217,-1.759992891465842,-2.074791316710753,-2.139337964252487,-2.1167542672402497,1.1678003151139484,0.5702478995739235,0.26368947188753156,0.10651914808614604,-0.22811630831816343,-0.7174806077657783,-1.0441812517063283,-1.0821767960039446
1.7951082773930707,1.4363631985027236,-1.469761866349109,-1.6608077356688513,-1.7218447546208457,-1.9073972922349087,-2.00017356104194,-2.075859464542413,0.9920137005322045,0.8299604152146594,0.30183760873252785,0.021677691742873595,-0.4763843829054002,-0.6842154324369414,-0.8984553689584414,-1.2256137905411313
1.8085364215625095,1.5009098460444577,-1.396975221248856,-1.7899010307523193,-1.9408150601111256,-1.8008876941636789,-2.0311498481600774,-2.1167542672402497,0.9259411275166707,0.6296064005047377,0.1611472800481808,-0.10100671635063474,-0.2374244537083423,-0.6848258026264613,-0.8857901875259029,-1.3176270966112629
1.8941408406426814,1.4186624630066453,-1.5684892445039598,-1.752821041738983,-1.7088743880935473,-1.8452921254512544,-2.064720208583674,-2.132471299620388,0.9402848269703892,0.8168374561399807,0.421622758425817,0.032511762606852734,-0.49591622897003873,-0.7554761520633946,-0.925464249844699,-1.2152374973192925
2.0027867343772314,1.422019499049005,-1.3176270966112629,-1.589852201137158,-1.6835440252284695,-1.9334906178368865,-1.9258609904678874,-2.0387794755290765,0.9854522209948651,0.800204868475562,0.2787961340781502,0.06959175162018916,-0.2978511024708168,-0.7487620799786754,-0.8873161129997027,-1.2251560128989913
1.8535512230396054,1.5373794648682744,-1.5921410893478578,-1.598244791243057,-1.7508373386230431,-1.873063969074412,-1.994527636788881,-2.186794246487663,1.0284833193560212,0.5375930944346061,0.28139020738360987,-0.20064964978976585,-0.31295776466143543,-0.7467783768627356,-0.8535931600287259,-1.315643393495323
1.8718623287252036,1.4732905949686803,-1.316558948779603,-1.5452951773022017,-1.8874076685281302,-1.799666953784639,-1.9678239409973832,-1.9754535683663823,1.0910462637818155,0.7231456320486691,0.268267248308931,-0.060874876389698684,-0.3965784806256676,-0.5731280579443117,-1.0820242034565646,-1.2297337893203912
2.0264385792211295,1.4073706145005263,-1.5547559152397614,-1.6801869891861099,-1.8234713911759162,-1.9882713423463017,-2.0230624431489383,-2.0642624309415343,0.9869781464686649,0.5754360461848429,0.3061102000591678,-0.07720227895935716,-0.4534955007984025,-0.8052213225092704,-1.0678330965502258,-1.1970789841810743
1.867437144851184,1.574154268786851,-1.5721514656410793,-1.646921813857273,-1.904955811476829,-2.067009096794374,-2.179317211666044,-2.0853202024799726,0.9592063028455076,0.724061187332949,0.42757386777363626,-0.11229856485675382,-0.3988673688363673,-0.7873679944658116,-1.0064908925034715,-1.1470286286404385
1.7632164349906536,1.552791312153653,-1.4986018578039264,-1.7970728804791785,-1.8561261963152331,-2.0285557748546177,-1.961262461460044,-1.9563794999438846,1.1180551446680729,0.6981204542783517,0.36760499665330215,-0.03752821664056061,-0.42175625094336544,-0.8427590891647467,-0.8561872333341856,-1.1206301179437013
1.738496442315096,1.3538106303701511,-1.3904137417115159,-1.8013454718058188,-1.9418832079427855,-2.043662437045236,-2.1605483283383053,-1.9925439336729411,1.1781766083357874,0.6128212202929393,0.2020420827460172,-0.14541114763821072,-0.34774886546407213,-0.5865562021137505,-0.9001338869796216,-1.3833944845320367
1.8111304948679692,1.3072699034192554,-1.493566303740387,-1.663249216426931,-1.7306951223688847,-1.9725543099661627,-2.098748346649411,-2.1198061181878494,1.0962344103927348,0.7576315477565461,0.38454276941248056,-0.06255339441087848,-0.5003414128440582,-0.8377235351012073,-1.1096434545323421,-1.3377693128654213
1.7302564447565767,1.3501484092330316,-1.6055692335172962,-1.5306462927537234,-1.856889159052133,-2.0786061303952525,-1.9897972678201015,-1.9865928243251219,1.1082892216357538,0.5836760437433619,0.2838316881416896,-0.06133265403183863,-0.4646347567571416,-0.731671714672117,-1.1058286408478426,-1.13573678013432
1.9138252792546997,1.5135750274769966,-1.3382270905075613,-1.808669914080058,-1.8826772995593508,-1.9394417271847058,-2.00292022689478,-1.9769794938401821,1.1674951300191885,0.6907960120041121,0.3221324175340663,0.02640806071165347,-0.5494762131004136,-0.8332983512271874,-1.02251310997837,-1.1908226897384946
1.985543776523293,1.5109809541715367,-1.5800862781048393,-1.7723528878036214,-1.7616714094870218,-2.0610579874465547,-1.9240298798993276,-2.122705376588069,0.9814848147629855,0.615415293598399,0.21180800577833647,-0.20202298271618568,-0.5493236205530336,-0.849015383607326,-0.8691575998614844,-1.3913292969957967
1.7125557092604982,1.5242565057935955,-1.4590803880325103,-1.7789143673409606,-1.800429916521539,-1.88908618654931,-2.019400222011819,-2.2160920155846204,0.9498981574553285,0.518213840917348,0.19303912245059784,-0.03310303276654114,-0.30776961805051606,-0.6390480384124655,-1.0924004966784038,-1.2124908314664529
1.943428233446417,1.4931276261280784,-1.6046536782330163,-1.5800862781048393,-1.7213869769787058,-2.0215365176751385,-2.097527606270371,-2.2220431249324397,1.0019322161119035,0.7710596919259849,0.17167616581739997,-0.14968373896485065,-0.2793874042378386,-0.6305028557591861,-1.0391456976427884,-1.3286137600226215
1.9449541589202168,1.3010136089766762,-1.4105559579656743,-1.6350195951616335,-1.825455094291856,-1.921740991688627,-2.0718920583105334,-2.090966126733032,0.93357075488567,0.6451708403374963,0.35631314814718307,-0.04363191853576032,-0.2920525856703775,-0.7295354190087973,-1.0194612590307703,-1.3263248718119218
1.8401230788701666,1.563320197922872,-1.3977381839857559,-1.7226077173577456,-1.7540417821180228,-1.8304906483553962,-1.9234195097098077,-2.171077214107524,1.0452684995678196,0.5980197431970806,0.39629239556073914,-0.2275059381286435,-0.41046440243724636,-0.7339606028828167,-1.0679856890976058,-1.316253763684843
1.9320975542032102,1.6011243189360205,-1.1893355950017828,-1.4675118088754973,-1.7658302390033693,-1.792076157152727,-1.776053939677829,-1.9344450038582544,1.1663881514504404,0.8477749125210297,0.5047468660108212,0.23801509319060576,-0.110811470120042,-0.5589757817750609,-0.7210290670926058,-0.9599889962896637
1.9952708688185243,1.5834235834399422,-1.4199029340929412,-1.4981829108988745,-1.6445191638362813,-1.912929454677676,-1.7060139604304156,-2.035308677676425,1.1459407501015224,0.8146623297395728,0.4514920669752063,0.18720177491307055,-0.19000700221025468,-0.4961076522545067,-0.9244349327501271,-0.9271815986029668
2.1326041614605113,1.7323539096828084,-1.3788555388477253,-1.5415191943547901,-1.6425354607203415,-1.65474286451074,-1.784599122331108,-1.8042835609431265,1.1094711312777057,0.7272268000908411,0.4183794841937494,0.05459885123986297,-0.10959072974100215,-0.5061787603815855,-0.7768779394336809,-0.9909652834078009
2.0660738108028376,1.465774729409973,-1.2189385491935,-1.5798199237471673,-1.6898391504081367,-1.8935502011604184,-1.8872939067178383,-1.905757604950817,1.3505673561380835,0.7641541965567975,0.5911142478278935,0.11716179566565721,-0.20312996128493355,-0.4785595093058084,-0.9395415949407457,-1.1844526334856234
1.9613953233001675,1.5707584020074032,-1.4319577453359607,-1.478498472286856,-1.7696450526878698,-1.8453309561883424,-1.7691872750457298,-1.864710209705601,1.0546904067682907,0.8282430664563916,0.4833839093776233,-0.03192112312458928,-0.25318031682556885,-0.45658618248309013,-0.7105001813233867,-1.1281459835024084
1.8654146109981562,1.6913065144375923,-1.3114096329057716,-1.397166644533324,-1.5811932566735871,-1.8785961315171793,-1.9280361168682951,-1.9790020276932099,1.3369866194212647,0.7334830945334203,0.47453354162958394,0.20413954767224896,-0.3534336204542199,-0.44971951785099096,-0.6883742619532889,-1.0420837867800965
2.04364270633798,1.71572132201839,-1.3153770391376511,-1.6024036207594046,-1.7015887765563953,-1.8268672579553638,-1.7661354240981293,-1.9320035231001746,1.0794103994438484,0.6935038471198638,0.3466609869251558,0.21344769306242828,-0.27088105232164716,-0.5472261556268019,-0.9346586334245863,-0.957700108078964
2.117344906722513,1.6641450410039547,-1.228399287131059,-1.381297019605805,-1.7490450587915713,-1.7012835914616353,-1.953519072280752,-1.8044361534905065,1.1685244471137604,0.9077437836413642,0.52229500895952,0.16248178223751264,-0.3091817817140239,-0.4295773015968325,-0.9357267812562462,-1.131350426997388
2.0015271632611036,1.5757939560709429,-1.32453259198045,-1.5525058577661497,-1.5451814154919097,-1.8029102280167066,-1.9899886911045694,-1.8880568694547382,1.2329185021081144,0.8502163932791098,0.30195137054281984,-0.015593720554930801,-0.3702188006660183,-0.6813550047738097,-0.7655860909275618,-0.9560215900577842
1.9421686623302892,1.6972576237854116,-1.429363672030501,-1.5795147386524064,-1.6771739689755982,-1.6355162035408615,-1.9674049940923313,-1.896754644655398,1.1805792583567791,0.6561186730117674,0.3013410003532999,0.16583881827987268,-0.21686329054913234,-0.5038898721708858,-0.7489535032631434,-1.1742289328111646
1.954070881025928,1.4688265803575726,-1.1829267080118235,-1.4833814338030153,-1.6608465664059393,-1.8177117051125649,-1.9329190783844545,-1.9802227680722497,1.236580723245234,0.7099838422369027,0.38953949273893196,0.13470993861435554,-0.3361906626002811,-0.5273891244674038,-0.8226557036476767,-0.990354913218281
1.857632391081777,1.5132310116451486,-1.2016955913395613,-1.3544407312669273,-1.7025043318406752,-1.7957383782898466,-1.8508242878940218,-1.9361235218794342,1.0803259547281283,0.9324637763169221,0.3256032153867179,-0.05252111702088724,-0.4010424952367755,-0.5238794958776638,-0.7991564513511586,-1.1832318931065835
1.9171434845599715,1.7222828015557294,-1.2418274313004982,-1.4656806983069375,-1.7618628327714898,-1.7559117234236705,-1.8656257649898809,-1.921932414973095,1.0832252131283482,0.6684786693495464,0.3968639350131715,0.17713066678599132,-0.1327847969427598,-0.4195061934697537,-0.9282497464346267,-1.2186333640987401
1.977875318417206,1.444411772776775,-1.3608496182568866,-1.4846021741820552,-1.5148154985632925,-1.8372435511772034,-1.9638953655025917,-1.9683205493766112,1.1463985277436624,0.6745823712447456,0.5558653693831168,-2.928072217223132e-05,-0.16437145425041688,-0.7069905527336471,-0.9601415888370437,-1.1615637513786252
2.1036115774583144,1.4726413940420724,-1.2808911234297744,-1.485822914561095,-1.5149680911106724,-1.6431458309098614,-1.937191669711094,-1.7914657869632071,1.0377526340091123,0.9060652656201844,0.45820613905992547,0.08389662033681988,-0.2017566283585137,-0.45780692286213,-0.707753515470547,-1.1891830024544028
2.0141923446936425,1.5318473024255068,-1.2506777990485372,-1.4638495877383777,-1.6573369378161997,-1.8554020643154212,-1.9442109268905732,-1.8051991162274064,1.029970414092733,0.7049482881733629,0.39976319341339117,0.07519884513616093,-0.187412928904795,-0.43537581839727224,-0.9090230854647485,-1.1028156206373305
2.023042712441682,1.6661287441198944,-1.4080007153973026,-1.445233296958019,-1.7398895059487725,-1.6452821265731812,-1.8741709476431598,-2.033630159655245,1.0371422638195924,0.7873482637585552,0.4545439179228059,-0.013304832344231077,-0.26264105476312816,-0.5073995007606253,-0.7898483059609793,-1.0410156389484366
1.8747227563883353,1.5265065632672075,-1.4427918161999393,-1.6017932505698846,-1.7263087692319532,-1.7868880105418077,-1.9078939006141367,-1.9237635255416556,1.2535184960044126,0.7305838361332007,0.5119187157376808,0.08450699052634025,-0.1294277609004002,-0.6577031599299117,-0.7260646211561452,-0.9915756535973208
1.9819953171964655,1.4581451020409737,-1.4588140336748383,-1.461713292075058,-1.7090658113780153,-1.7690346824983498,-1.881647982464779,-1.9580968487021524,1.289835522280849,0.6613068196226868,0.3141587743332188,0.1765202965964714,-0.21365884705415272,-0.4994646882968663,-1.0063771306931795,-1.203984479550261
1.9641419891530072,1.488358426422211,-1.3371977734129894,-1.5236658663113323,-1.5709695559991275,-1.7084554411884953,-1.848687992230702,-1.9667946239028113,1.1117600194884056,0.8425867659101103,0.3939646766129514,0.09854550488529856,-0.12729146523708046,-0.5875105881351179,-0.8945267934636498,-1.1026630280899505
1.8837257166837544,1.5136887892872886,-1.2975237110941924,-1.5680702975989078,-1.5485384515342702,-1.8616583587580013,-1.7426361718016121,-1.840600587219563,1.0766637335910088,0.6614594121700668,0.3117172935751391,-0.09646777066632328,-0.13080109382682004,-0.7306423975775451,-0.9921860237868407,-1.1984911478445817
1.9845893905019252,1.487137686043171,-1.2619696475546558,-1.3703103561944463,-1.5938584381061256,-1.8378539213667233,-1.9391753728270338,-1.9428375939641533,1.0713229944327092,0.9164415588420236,0.4937602025994625,0.047427001513003386,-0.19611070410545395,-0.7043964794281874,-0.8008349693723384,-1.1020526579004306
1.8287923996269595,1.6066176506417,-1.4162407129558217,-1.412883676913462,-1.6373473141094212,-1.9110983441091163,-1.7186791418629541,-2.0224909036965064,1.149602971238642,0.7052534732681228,0.4690402099239046,0.07779291844162062,-0.26843957156356746,-0.663349084182971,-0.7851179369921999,-1.1354704257766475
1.834590916427399,1.6014295040307804,-1.2732614960607753,-1.4981829108988745,-1.55052215465021,-1.6332273153301617,-1.929256857247335,-1.9258998212049754,1.270303676216211,0.9121689675153837,0.4069350431402503,0.020723305721505714,-0.2292232868869113,-0.6537357536980322,-0.8345579223433153,-1.2457948375323777
1.8139909225311008,1.520555453919388,-1.4350095962835603,-1.460645144243398,-1.7078450709989754,-1.7458406152965917,-1.9487887033119726,-2.010283499906107,1.0333274501350926,0.7951304836749347,0.2548002734024042,-0.031615938029829316,-0.15872552999735756,-0.7257594360613853,-0.8266231098795562,-1.1163963573541498
1.9098190422857322,1.619740609716379,-1.4553044050850987,-1.5793621461050265,-1.7496554289810913,-1.8935502011604184,-1.7475191333177715,-2.0556034864779633,1.2190325802965356,0.8738682381230074,0.3753483858325932,-0.03314186350362913,-0.2980425257552848,-0.44605729671387095,-0.8885756841158305,-1.1807904123485038
2.0335715982109006,1.648733193718576,-1.3022540800629727,-1.4910110611720153,-1.7449250600123118,-1.6352110184461015,-1.8506716953466418,-1.9768657320298901,1.1239674232788044,0.7173082845111418,0.38450393867539256,-0.09646777066632328,-0.41218175119551415,-0.5110617218977453,-0.7607031294114024,-1.2335874337419783
1.9026471925588728,1.639577640875777,-1.3207177782959505,-1.501692539488614,-1.5531162279556696,-1.7580480190869903,-1.800773932353387,-1.937191669711094,0.9996044971641158,0.6306357175993096,0.38801356726513214,-0.005675204975231551,-0.3520602875277996,-0.45795951540950997,-0.9584630708158639,-1.1446259786194473
1.978180503511966,1.4932413879383704,-1.2946244526939727,-1.4998614289200543,-1.687092484555297,-1.6889235951238568,-1.9199487118571552,-1.8599798407368207,1.1894296261048183,0.6429957139370885,0.42036318730968913,0.07138403145166139,-0.3174217792725429,-0.578660220387079,-0.9348112259719663,-1.2699044600184157
2.0024427185453835,1.4679110250732927,-1.3098837074319718,-1.6684761937749384,-1.775748754583069,-1.7070821082620755,-1.7734598663723693,-1.8416687350512229,1.2661836774369513,0.695182365141044,0.48078983607216363,0.0704684761673815,-0.21899958621245208,-0.5313565306992833,-0.8432556975439747,-1.0654304465292341
1.9359123678877097,1.465927321957353,-1.4165458980505816,-1.3979296072702239,-1.7260035841371932,-1.857233174883981,-1.9304775976263748,-1.9637427729552117,1.269693306026691,0.8271749186247317,0.2717380461615826,-0.0810559233809447,-0.24127809812992984,-0.6534305686032722,-0.8995623475271892,-0.9987475033241804
1.9954234613659043,1.5213184166562879,-1.2914200091989931,-1.4984880959936344,-1.6858717441762572,-1.7614050551293499,-1.8283931834291636,-1.8055043013221663,1.1442622320803426,0.7652223443884574,0.4360802196898277,0.022401823742685956,-0.20465588675873336,-0.5739298514182996,-0.7451386895786438,-1.1620215290207652
1.791254632971483,1.3876473451514202,-1.4006762731230635,-1.6123221363391043,-1.7063191455251756,-1.9313931529106547,-1.8340391076822238,-1.7571324638027104,1.0763585484962488,0.7095260645947628,0.4946757578837424,-0.047027785315207904,-0.4285091537651726,-0.525710606446224,-0.9085653078226086,-1.0840467373095928
1.8648042408086363,1.6253865339694382,-1.462171069717198,-1.526565124711552,-1.704488034956615,-1.7821576415730283,-2.0067738713163674,-1.9310879678158948,1.2318503542764545,0.6222431274934106,0.38374097593849266,0.13638845663553534,-0.19290626061047433,-0.5588231892276809,-0.9691445491324631,-1.0436097122538963
1.9258412597606307,1.38902067807784,-1.308052596863412,-1.5854658480002266,-1.7258509915898133,-1.8430420679776427,-1.76064209239245,-1.9754923991034703,1.193549624884078,0.7141038410161622,0.4923868696730427,-0.06060852203202671,-0.4019580505210554,-0.6517520505820924,-1.0185845344835784,-1.2808911234297744
1.790186485139823,1.6153154258423592,-1.4472170000739588,-1.6028613984015445,-1.606218434443904,-1.7713235707090496,-1.9274257466787752,-1.7859724552575278,1.1985851789476176,0.7327201317965204,0.5001690895894217,-0.04214482379904849,-0.24570328200394975,-0.5249476437093237,-1.0236200885471178,-1.210545959087601
2.017701973283382,1.6098220941366796,-1.227788916941539,-1.575089554778387,-1.5352628999122109,-1.6643561949956789,-1.7183739567681942,-1.9190331565728753,0.976257837414978,0.7493527194609388,0.31461655197535876,0.1035810589488384,-0.4629950694730498,-0.6529727909611323,-0.7892379357714594,-1.034301566863717
1.8487820233337378,1.6354576420965174,-1.4995562438252943,-1.493147356835335,-1.7183739567681942,-1.8717294668850801,-1.9875472103464897,-1.9037739018348772,0.985718575352537,0.7469112387028591,0.4086135611614301,0.09213661789533933,-0.30338326491358414,-0.5769817023658992,-0.8200616303422166,-1.2532718723539968
1.9424738474250491,1.5992932083674607,-1.276618532103135,-1.4551518125377187,-1.7388213581171126,-1.9081990857088966,-1.8935502011604184,-1.8543339164837613,1.2522977556253725,0.8077956651074736,0.35810542797865486,-0.06961148232744563,-0.1906173723997746,-0.5170128312455646,-0.7837446040657801,-1.2802807532402545
2.0141923446936425,1.539934707436646,-1.300270376947033,-1.4789562499289959,-1.7214258077157938,-1.7664406091928893,-1.8625739140422812,-1.9832746190198494,1.106724465424866,0.7000653266572034,0.37931579206447275,0.10373365149621838,-0.18420848540981538,-0.5849165148296582,-0.9731119553643426,-1.0530704501914552
1.7723331570963647,1.5158250849506083,-1.300270376947033,-1.614763617097184,-1.6936539640926362,-1.728445064895273,-1.7505709842653712,-1.8131339286911654,1.020967453797314,0.6666475587809866,0.4665987291658249,-0.036193714451228765,-0.24219365341420973,-0.5966661409779173,-0.7683327567804015,-1.1455415339037271
1.856716835797497,1.4918680550119505,-1.4586614411274583,-1.4574407007484185,-1.54930141427117,-1.8792065017066992,-2.0060109085794675,-1.7893294912998874,1.1468563053858023,0.7113571751633225,0.4293661476051085,0.016145529300106265,-0.18420848540981538,-0.48466321120100764,-1.0002734287979802,-1.081757849098893
1.7759953782334845,1.5274221185514874,-1.4716318076547568,-1.4588140336748383,-1.6100332481284036,-1.9188805640254953,-1.831902812018904,-1.8927872384235185,1.053164481294491,0.7875008563059351,0.23038546582160668,0.007295161552067331,-0.25333290937294883,-0.7105001813233867,-0.9122275289597281,-1.2473207630061776
2.0442530765274998,1.3638429077601424,-1.4122733067239421,-1.5410614167126502,-1.6887710025764768,-1.8747813178326798,-1.849145769872842,-2.0520938578882237,0.9631348783402991,0.6845008868244449,0.32255136443911825,0.012635900710366688,-0.4784069167584284,-0.5774394800080391,-0.8226557036476767,-1.2021533689817012
1.8194842542367804,1.5115524936239688,-1.3925888681119245,-1.5081014264785733,-1.6512332359210005,-1.914302787604096,-1.9582494412495324,-1.9565709232283526,1.1920236994102782,0.8160356626659926,0.4870461305147429,0.02377515666910579,-0.33741140297932093,-0.7426972088205637,-0.8876601288315507,-1.293251119767553
1.9407953294038691,1.3380547672529246,-1.2265681765624992,-1.4585088485800783,-1.679615449733678,-1.857843545073501,-1.9019427912663174,-1.76781394211931,0.9846504275208772,0.6074416503975519,0.4699557652081845,0.1359306789933954,-0.21930477130721204,-0.6303890939488941,-0.763907572906382,-1.2671577941655752
1.965667914626807,1.3548399474647232,-1.292488157030653,-1.598436214527525,-1.6339902780670617,-1.8903457576654379,-1.8282405908817836,-1.9330716709318345,0.9526059925710801,0.7827704873371557,0.32072025387055847,0.13562549389863543,-0.4864943217695674,-0.643206867928813,-0.7703164598963412,-1.2819592712614343
2.007630865156303,1.6057020953574201,-1.2953874154308727,-1.453473294516538,-1.615221394739324,-1.7745280142040292,-1.9521457393543322,-1.7977220814057864,1.0121170860492748,0.5526609258881368,0.42906096251034853,-0.012236684512571205,-0.23761587699281028,-0.776114976696781,-0.9512912210890048,-1.1205163561334093
1.8741123861988154,1.553362851606085,-1.429211079483121,-1.4817029157818356,-1.6277339836244824,-1.8630316916844212,-1.9188805640254953,-1.816796149828285,1.0215778239868338,0.8021497408544138,0.3626832044000543,0.024080341763865754,-0.27011808958474726,-0.7274379540825651,-1.0388793432851164,-1.2024585540764612
2.0030530887349034,1.4676058399785328,-1.4401977428944797,-1.6857191516288772,-1.54167178690217,-1.711049514493955,-1.9657264760711515,-1.8689828010322405,1.1184740915731248,0.6771764445502053,0.4044935623821706,-0.07037444506434554,-0.3422943644954808,-0.6128409510001958,-1.0150749058938389,-1.1968126298234019
2.0012219781663436,1.4123673378269779,-1.4885695804139356,-1.4252436732512415,-1.65550582724764,-1.6887710025764768,-1.9849531370410292,-1.9678627717344712,1.1576903762497812,0.7731571568522169,0.3907602331179718,-0.16940700831395672,-0.33634325514766106,-0.7764201617915409,-0.7748942363177407,-1.034454159411097
1.8817420135678147,1.433882887007556,-1.5113058699735529,-1.630328056929942,-1.7583532041817502,-1.8943131638973183,-1.7865828254470477,-1.7746806067514092,1.0482815197783313,0.6217853498512707,0.34772913475681566,-0.11798331984690114,-0.2205255116862519,-0.7043964794281874,-0.9885238026497212,-1.0208734226942782
1.8007153709090422,1.4470058460822346,-1.4846021741820552,-1.6123221363391043,-1.6928910013557363,-1.6652717502799588,-1.9599279592707122,-1.9115561217512562,1.0914652106868674,0.6791601476661455,0.22992768817946674,-0.1446870156383988,-0.3114706699247236,-0.6369505734862337,-0.9634986248794037,-1.0483400812226757
1.7955272242981226,1.4239643714278567,-1.3864851662167244,-1.5781414057259866,-1.6176628754974036,-1.791923564605347,-1.7369902475485528,-1.9730509183453906,1.117863721383605,0.7124253229949824,0.2569365690657244,-0.07479962893836545,-0.33725881043194095,-0.7805401605708004,-1.0079030561669793,-1.308510374505552
1.82253610518438,1.5812872877766224,-1.4592718113169783,-1.5413666018074101,-1.6690865639644583,-1.9300198199842349,-1.954739812659792,-1.8393798468405231,1.1251881636578442,0.5880623968802938,0.3518491335360756,-0.04214482379904849,-0.2994158586817046,-0.5211328300248241,-0.8925430903477101,-1.2050526273819218
1.7933909286348029,1.366894758707742,-1.2720407556817355,-1.4357725590204602,-1.6251399103190227,-1.9123190844881561,-2.017302757085587,-1.7882613434682275,1.0156267146390143,0.7589660499458781,0.17758844442813126,-0.0017077987433520292,-0.4358335960394122,-0.6361876107493338,-1.013091202777899,-1.2657844612391553
1.9139390410649917,1.4486843641034146,-1.4830762487082554,-1.5268703098063119,-1.7664406091928893,-1.8619635438527613,-1.9590124039864323,-2.0079946116954073,0.933226739053822,0.6518460816851279,0.37519579328521324,-0.14239812742769908,-0.2826306784699062,-0.707295737828407,-0.8531742131236735,-1.155917827125566
1.8207049946158202,1.5008710153073697,-1.4023547911442433,-1.6252925028664027,-1.639636202320121,-1.704182849861855,-1.8059620789643063,-1.8097768926488058,1.0018933853748155,0.6555083028222475,0.2013928818194093,-0.0996722141613029,-0.43766470660797197,-0.7323209155987249,-1.046508970654116,-1.2898940837251933
1.8190264765946405,1.5924265437353613,-1.3541355461721674,-1.4986406885410144,-1.8198480007758846,-1.8799694644435991,-1.839990217030043,-1.839990217030043,1.06186225649515,0.8071852949179537,0.26548175171900334,0.032778116964524706,-0.42179508168045343,-0.6384764989600336,-0.9396941874881257,-1.1435578307877874
1.7199939133450295,1.4735569493263523,-1.4395873727049597,-1.5843977001685667,-1.7728494961828494,-1.6570317527214398,-1.9596227741759522,-1.792991712437007,1.008607457459535,0.6808386656873253,0.16751733630105248,-0.11050628502528204,-0.4423950755767514,-0.6949357414906281,-0.9541904794892244,-1.1681252309159644
1.7785894515389442,1.3644532779496623,-1.4990984661831543,-1.6020984356646446,-1.6179680605921636,-1.9439057417958132,-1.9436005567010533,-2.0235590515281663,1.129002977342344,0.7746830823260167,0.3350639533242772,-0.078461850075485,-0.4552128495566703,-0.7243861031349654,-1.0494082290543356,-1.1006793249740108
1.8304709176481393,1.541918410552586,-1.3745829475210858,-1.566391779577728,-1.7899398614894073,-1.8010791174481469,-2.0127249806641867,-1.8589116929051608,0.9397882185911612,0.5981335050073726,0.2616669380345038,0.08328625014729996,-0.42744100593351275,-0.816399409205097,-0.9850141740599816,-1.2786022352190747
1.9304190361820301,1.3267629187468057,-1.4723947703916567,-1.598588807074905,-1.8021472652798067,-1.8541813239363814,-1.8932450160656584,-1.8122183734068855,1.0246296749344335,0.659780894148887,0.3433039508827962,0.020875898268885695,-0.29987363632384456,-0.5395965282578024,-0.8829297598627708,-1.2506777990485372
1.7885079671186432,1.3722354978660416,-1.525802161974652,-1.4401977428944797,-1.7089132188306353,-1.7067769231673156,-1.97823906495631,-1.8940079788025583,0.9715274684461985,0.554644629004077,0.4167009661725696,-0.1413299795960392,-0.24890772549892937,-0.554245412806281,-0.8910171648739103,-1.090303031752172
1.7090072499336706,1.4503628821245944,-1.4569829231062785,-1.4647651430226576,-1.76735616447717,-1.8520450282730616,-1.7910080093210672,-2.025542754644106,0.9104904494942039,0.6519986742325079,0.39625356482365115,0.08771143402131987,-0.3503817695066198,-0.6245905771484548,-0.8440186602808746,-1.2077992932347614
1.7271657630718888,1.540392485078786,-1.340097031813209,-1.590653994611146,-1.800773932353387,-1.6857191516288772,-1.7470613556756316,-1.8505191027992618,0.9512326596446603,0.7824653022423957,0.3118698861225191,-0.047943340599487794,-0.24051513539302993,-0.6317624268753139,-0.8273860726164561,-1.2625800177441757
1.946288661109549,1.4157243738693375,-1.363596284109727,-1.6931961864504963,-1.76094727748721,-1.718831734410334,-1.9168968609095556,-2.0482790442037233,0.9202563725265231,0.7255482820696613,0.34681357947253577,0.03766107848068456,-0.27973142006968654,-0.6856275961004492,-0.8391356987647152,-1.1765178210218643
1.976196800396026,1.431441406249476,-1.4925369866458151,-1.4177666384296215,-1.6899917429555167,-1.889735387475918,-1.9883101730833896,-2.0461427485404036,0.9986889418798359,0.6974712533517438,0.27402693437228276,0.05887144256650245,-0.31436992832494326,-0.6378661287705136,-1.0524600800019352,-1.2454896524376178
1.8701449799669358,1.5124680489082487,-1.4313473751464407,-1.4916214313615352,-1.6838880410603174,-1.6770213764282182,-1.8291561461660635,-1.9313931529106547,1.1595214868183412,0.6385705300630691,0.3948802318972313,-0.053741857399927095,-0.23929439501399008,-0.7941208972876193,-0.8783519834413713,-1.0523074874545553
1.8626679451453165,1.3400384703688646,-1.485975507108475,-1.43729848449426,-1.8541813239363814,-1.711507292136095,-1.7491976513389513,-1.9643531431447316,0.9053023028832845,0.7005231042993434,0.37611134856949313,0.03430404243832452,-0.2605047590998084,-0.8269282949743162,-1.0277400873263778,-1.0794689608881924
1.8063612951621015,1.4399865889027554,-1.3271266652859097,-1.4839918039925353,-1.6906021131450366,-1.7894820838472674,-1.863794654421321,-1.7907028242263072,1.1056563175932062,0.5338920425603986,0.18735436746045053,0.048342556797283276,-0.2579106857943483,-0.7877120102976596,-1.074585999372033,-1.3211755559380904
1.8101761088466013,1.269998491121451,-1.4516421839479783,-1.4809399530449356,-1.8238154070077641,-1.8842420557702386,-1.7549961681393906,-2.0542301535515435,1.0345481905141327,0.6762608892659254,0.13867734484623506,-0.10730184153030242,-0.3473299185590202,-0.6192498379901554,-0.9178734532127879,-1.0961015485526113
1.6766576298891136,1.5068221246551892,-1.3462007337084083,-1.6095754704862637,-1.5879073287583063,-1.9597753667233322,-1.9353605591425342,-1.808403559722386,1.1079452058039059,0.6387231226104491,0.3178209954703384,-0.16223515858709714,-0.5432587493949224,-0.5690468899021397,-1.0440674898960363,-1.259680759343956
1.8393212853961787,1.5344413757309667,-1.5488436366290301,-1.5958421412220654,-1.6825147081338976,-1.7818524564782683,-2.009215352074447,-1.9303250050789948,1.1215259425207247,0.5941660987754931,0.32850247378693753,-0.19214329787357443,-0.4213373040383135,-0.7007342582910678,-0.990354913218281,-1.316902964611451
1.900205711800793,1.430983628607336,-1.5120688327104528,-1.7231043257369736,-1.736074692264273,-1.9320035231001746,-1.8363279958929235,-1.9318509305527947,0.8876015673872062,0.6643586705702869,0.22672324468448712,-0.13171664911109993,-0.28064697535396643,-0.7069905527336471,-1.1060200641323101,-1.3349088852022897
1.867398314114096,1.2561125693098723,-1.364969617036147,-1.4444703342211191,-1.76735616447717,-1.8187798529442247,-1.793449490079147,-1.8731027998115,0.8732578679334875,0.5077987169584213,0.25953064237118406,-0.18695515126265505,-0.5067891305711054,-0.622454281485135,-1.0161430537254987,-1.154849679293906
1.8928812695265536,1.5394769297945061,-1.276160754460995,-1.5950791784851654,-1.848687992230702,-1.8911087204023378,-1.8372435511772034,-1.8741709476431598,1.0376000414617323,0.7067793987419226,0.3014935929006799,-0.04733297040996787,-0.33374918184220137,-0.6355772405598139,-1.082825996930553,-1.1047993237532703
1.7091598424810506,1.367047351255122,-1.4157829353136817,-1.5052021680783536,-1.76811912721407,-1.9501620362383925,-1.7672035719297892,-1.928341301963055,0.868985276606848,0.5554075917409769,0.1926951066187499,-0.19916255505305402,-0.5066365380237254,-0.6015491024940767,-0.8690438380511925,-1.2126822547509208
1.867550906661476,1.269388120931931,-1.3181237049904908,-1.5119162401630728,-1.5921799200849458,-1.8622687289475213,-1.7870406030891877,-2.0140983135906065,0.9228504458319828,0.6463527499794481,0.3762639411168731,-0.23685291425591037,-0.5441743046792022,-0.7545994275162027,-0.8998675326219492,-1.3178185198957308
1.6754368895100737,1.3086044056085875,-1.3446748082346085,-1.5721902963781673,-1.6280391687192424,-1.671528044722538,-1.8683724308427205,-1.9075887155193767,1.0594207757370704,0.659170523959367,0.13562549389863543,-0.17688404313557582,-0.5014483914128061,-0.6206231709165753,-0.8261653322374163,-1.1844526334856234
1.93362347967701,1.2666414550790912,-1.445843667147539,-1.6751902658596585,-1.7862776403522878,-1.711812477230855,-2.0125723881168067,-1.8958390893711181,1.0803259547281283,0.7475216088923791,0.3323172874714371,0.03125219149072489,-0.3317654787262616,-0.6296261312119942,-0.8861342033577508,-1.2131400323930608
1.6743687416784139,1.431593998796856,-1.4237177477774416,-1.65489545705812,-1.8431946605250227,-1.8193902231337447,-1.913082047225056,-1.9880049879886297,1.0672029956534497,0.5262624151913995,0.14310252872025453,-0.20877588553799287,-0.4501772954931309,-0.7282009168194654,-0.9679238087534232,-1.3544407312669273
1.7979687050562023,1.2864784862384895,-1.4948258748565149,-1.6024036207594046,-1.703725072219715,-1.7461458003913517,-1.8186272603968447,-2.0293575683286056,1.1184740915731248,0.45927428689158534,0.09762994960101867,-0.1518588653652584,-0.4945817267807069,-0.7918320090769195,-0.873011244283072,-1.22031188211992
1.8110916641308812,1.4959880537912102,-1.3526096206983675,-1.678547301902018,-1.663135454616639,-1.8708139116008002,-1.8952287191815982,-1.8125235585016455,1.0870400268128477,0.5474727792772174,0.31629506999653856,-0.22418773282337146,-0.489851357811927,-0.7378142473044043,-0.8774364281570914,-1.0976274740264111
1.6636872633618147,1.3940562321413796,-1.3294155534966094,-1.6265132432454426,-1.7702554228773897,-1.8125235585016455,-1.888514647096878,-1.7905502316789272,0.9178148917684434,0.5152757517800404,0.24701805348602512,-0.0358885293564688,-0.5087728336870452,-0.6375609436757537,-1.0956437709104714,-1.1597326408100654
1.7871346341922234,1.2713718240478709,-1.4595769964117382,-1.4839918039925353,-1.7900924540367873,-1.743093949443752,-1.9869368401569698,-1.9895309134624295,0.9854133902577771,0.5985912826495126,0.20352917748272903,0.006837383909927386,-0.33573288495814113,-0.8292171831850159,-0.8414245869754149,-1.2796703830507346
1.6311850507698777,1.3632325375706225,-1.4414184832735195,-1.696248037398096,-1.7652198688138494,-1.8990435328660977,-1.8834790930333387,-1.8206109635127845,0.9310904433905023,0.5328238947287387,0.20230843710368918,-0.2110647737486926,-0.328408442683902,-0.8295223682797759,-0.9918808386920808,-1.1423370904087475
1.8014783336459421,1.4366295528603956,-1.5006243916569542,-1.727682102158373,-1.679615449733678,-1.7946702304581867,-1.9387175951848938,-1.993040542052169,0.9007245264618851,0.639638677894729,0.30027285252164004,-0.026122606324149977,-0.4810009900638881,-0.6473268667080725,-0.949002332878305,-1.2569340934911164
1.6975628088801715,1.2779333035852103,-1.4514895914005983,-1.6756480435017984,-1.720510252431514,-1.8341917002296038,-1.9428375939641533,-1.9262050062997353,0.9822089467627975,0.5145127890431405,0.3321646949240571,-0.2084707004432329,-0.38593583304615686,-0.5954454005988774,-1.00286750210344,-1.2697518674710357
1.649648749002856,1.4801184288636917,-1.5601354851351488,-1.4817029157818356,-1.6407043501517808,-1.9243738957311756,-1.97884943514583,-1.9626746251235518,0.9431452546335211,0.7147142112056821,0.24823879386506498,-0.0743418512962255,-0.3972276815522755,-0.8032764501304182,-1.0933548826997717,-1.276465939555755
1.7567687172636062,1.2307822064447946,-1.307594819221272,-1.6449769414784212,-1.6214776891819032,-1.8871413141704583,-1.784141344688968,-1.9800701755248697,0.8676119436804282,0.5464046314455575,0.15180030392091393,0.0007336820147276768,-0.39188694239397615,-0.7291164721037453,-1.0730600738982332,-1.3342985150127697
1.6240132010430184,1.4993450898335698,-1.4507266286636984,-1.533889566985791,-1.6350584258987215,-1.8717294668850801,-1.913997602509336,-1.8038257833009865,0.8947734171140653,0.6524564518746478,0.336589878798077,-0.029632234913889555,-0.33374918184220137,-0.7730631257491809,-0.969907511869363,-1.275397791724095
1.899900526706033,1.324321437988726,-1.2862318625880738,-1.599504362359185,-1.7066243306199356,-1.8676094681058206,-1.9031635316453572,-1.9201013044045352,0.9553526584239198,0.4997113119472818,0.12402846029775638,0.0040907180570872725,-0.5348661592890229,-0.5894942912510581,-0.949612703067825,-1.1185326530174695
1.6139420929159394,1.3012799633343481,-1.3126303732848115,-1.687397669650057,-1.8775279836855194,-1.816796149828285,-2.0287471981390857,-1.7874983807313276,0.8096267756760334,0.6661897811388466,0.30103581525853995,-0.22449291791813142,-0.41843804563809384,-0.6989031477225081,-0.977994916880502,-1.1820111527275436
1.8146012927206208,1.3700992022027219,-1.3922836830171645,-1.4504214435689384,-1.8673042830110607,-1.7261561766845732,-1.7733072738249893,-2.050110154772284,0.9851082051630171,0.6294149772202697,0.1577514132687332,-0.1509433100809785,-0.5814068862399187,-0.8014453395618584,-1.0832837745726929,-1.2959977856203926
1.705802806438691,1.302500703713388,-1.3147666689481312,-1.6613043440480793,-1.6364317588251414,-1.7803265310044685,-1.8860731663387984,-1.9500094436910125,1.0134904189756946,0.45332317754376605,0.22428176392640697,-0.23196995273975096,-0.3567906564965795,-0.7884749730345595,-1.0193474972204783,-1.2151237355090005
1.6853554050897728,1.1892770335574383,-1.3584081374988068,-1.6246821326768828,-1.6483339775207808,-1.8537235462942414,-1.9468050001960329,-1.8393798468405231,0.9687808025933586,0.6754979265290255,0.20917510173578835,-0.2579106857943483,-0.4764232136424882,-0.8554631013343736,-1.1275356133128884,-1.3309414789704102
1.8823523837573346,1.3284414367679855,-1.3538303610774074,-1.6902969280502766,-1.6327695376880218,-1.9236109329942757,-1.8268672579553638,-1.7936020826265269,0.9040815625042447,0.695334957688424,0.236031390074666,-0.0656440760955661,-0.33313881165268144,-0.7149253651974066,-1.099305992047591,-1.284248159472134
1.5939524692091611,1.2123185082118162,-1.5453340080392897,-1.5647132615565482,-1.7473665407703916,-1.8821057601069189,-1.953366479733372,-2.0231012738860263,0.8900430481452859,0.4615631751022855,0.2813513766465219,-0.25073883606748915,-0.3430573272323807,-0.6076528043892764,-1.139132646913767,-1.2778392724821748
1.7238087270295293,1.2146073964225161,-1.3547459163616873,-1.6243769475821228,-1.6410095352465408,-1.9487887033119726,-1.7701028303300097,-1.7862776403522878,1.0511807781785512,0.6588653388646071,0.2123795452307684,-0.17993589408317545,-0.4091299002479145,-0.8170097793946169,-1.026366754399958,-1.2892837135356734
2.0040481061513695,1.4641756735209794,-1.2568546313589302,-1.3429168280812425,-1.4300471726352146,-1.6979996858344695,-1.6159048953440376,-1.7163107915200682,1.1896616807843847,0.6815284980090315,0.3095078674966256,-0.01871870191772418,-0.2968949157914387,-0.6943985017163019,-0.7926681022290127,-0.9969895231708144
1.7922496503879493,1.5905223027516078,-1.3851849637054983,-1.3442901610076623,-1.5031390028302276,-1.5129049258625464,-1.6276545214922962,-1.6758737664643721,0.9813728536107038,0.7794929134269823,0.26235677035620997,-0.08433349729111805,-0.33977342160521484,-0.41423858472664765,-0.82623846265261,-0.93549472657668
1.8201740865584866,1.4235860559179032,-1.2808116612975882,-1.5039019655671275,-1.6709908049482118,-1.5852337933206604,-1.791386324831021,-1.8562381574675149,1.1246572556005106,0.6574188755229935,0.31973156817108483,0.1523375436952401,-0.2880445480433993,-0.5736977967387329,-0.7218651602446995,-1.1949020571226558
1.990619961981931,1.6396571030079632,-1.1970383527859756,-1.5020708549985677,-1.5705849087721813,-1.5699745385826613,-1.7454559680696455,-1.8321285349814778,1.1374750295804295,0.7215077454225876,0.2853982450105881,0.014699065958492685,-0.31398528109799706,-0.6472474045758863,-0.8845288157517643,-1.0751169074293667
1.8998273962908394,1.4344201267818821,-1.2768442550657086,-1.3514620107345214,-1.6421508134933944,-1.7120382001934287,-1.758731519691704,-1.6889967255390506,1.0794898615760347,0.6517729512699342,0.3409419322569027,0.09175830238538563,-0.18824902205688865,-0.7131673850440401,-0.8074695793248714,-1.112807266632223
1.7750066925340109,1.4104630968432244,-1.2144339031872944,-1.5095478898201868,-1.5916426803106196,-1.758578927144324,-1.7918441024731608,-1.8345700157395575,0.9899180362639832,0.7897166141014416,0.4837685566045695,0.026601284654131696,-0.1427764429376528,-0.6664740655457644,-0.8335629049268491,-1.0943435683992453
1.9120348000812382,1.3645327400818485,-1.1184531908852833,-1.4906264139450691,-1.5536471360130033,-1.6723641378746317,-1.7605626302602637,-1.6122426742069171,1.2252157443239213,0.8260336403778781,0.2637301032826298,-0.09699867872365697,-0.23311123098660458,-0.6313777796483677,-0.9187095463648811,-1.0679450577025076
2.0022169955828097,1.4765356698587582,-1.346731641765742,-1.2946975831091665,-1.6516115514309542,-1.6401671103774547,-1.6004930480586586,-1.7643774439447633,1.1998853814588437,0.6624544295865333,0.2716649157463893,0.11373162920810387,-0.34068897688949473,-0.47222375273104245,-0.9281702843024409,-1.1546176246143398
2.016408102489149,1.5404719472109725,-1.3239953522061239,-1.5472382490230432,-1.6238397078077966,-1.758426334596944,-1.7205833828467076,-1.8779062991954731,1.1599061340452874,0.8275595658516779,0.35864266775298104,-0.01993944229676403,-0.40432006914694885,-0.5891096440241115,-0.6872266519894428,-0.9751687888954761
1.947131085978635,1.5352838006000529,-1.2003953888283352,-1.3191123906899644,-1.637115259429855,-1.6069019350486178,-1.7396574512692062,-1.8747018557004935,1.2366601853774204,0.7648440288785037,0.31271231099160524,0.14333458339982075,-0.3033038027813979,-0.6165763025525091,-0.8161673545255308,-1.0331539568998709
1.9181385019764376,1.585944526330208,-1.3857953338950182,-1.509090112178047,-1.6105641561857373,-1.6819774683595714,-1.8096974305166196,-1.7773478104720626,1.064383199385416,0.6429225835218948,0.3130174960863652,0.11266348137644355,-0.20610235010034694,-0.5271570697878372,-0.8622503038342866,-0.9885969330649154
1.9323296088827764,1.5813667499088087,-1.1877302073957967,-1.5226708488948661,-1.443322724257273,-1.637878222166755,-1.6081226754276576,-1.830755202055057,0.9861032225794832,0.6047744466768985,0.314543421560165,0.07070053084694772,-0.20076161094204759,-0.5343289195146967,-0.8509584553281675,-1.169266509162818
1.7583741048695924,1.511784548303535,-1.3243005373008838,-1.3339138677858235,-1.4286738397087948,-1.749423374301525,-1.6516115514309542,-1.8643255624786548,1.0405787619941385,0.8060440166711,0.2348901118278124,0.010884252273993145,-0.40767710518930844,-0.45513338742448406,-0.7972458786504126,-1.032696179257731
2.0191547683419886,1.5059860315030955,-1.3360501634491433,-1.4488160559629524,-1.4646856808904714,-1.6745004335379514,-1.6070545275959978,-1.854559639446335,1.1501402110129684,0.8519743734324758,0.4425685688119736,0.07436275198406728,-0.19236902083614815,-0.5718666861701731,-0.8187614278309905,-0.9287806544919608
1.9782599656441522,1.5696171237605496,-1.1994798335440553,-1.3667212654725205,-1.468195309480211,-1.6162100804387975,-1.605223417027438,-1.5873700889839801,1.0076187717600615,0.7352410746867863,0.4443996793805334,-0.011394259643484617,-0.37685341061855127,-0.6957718346427217,-0.9484650931039784,-1.1625524370780989
1.7434200352263538,1.3958142122947457,-1.3040057284993463,-1.4776560474177698,-1.6543582172837938,-1.5440338055280636,-1.6401671103774547,-1.6838085789281312,1.0726231969439355,0.6519255438173142,0.20559234273085503,-0.0901320140915578,-0.28438232690627974,-0.45681190544566386,-0.758487371615896,-1.000651744307934
1.8154437175897071,1.4945415904495967,-1.184525763900817,-1.3706886717044,-1.6822826534543314,-1.7797892912301423,-1.7070026461298893,-1.79947372984216,1.100242448019713,0.7085373788952891,0.30843971966496575,0.14226643556816088,-0.24028308071346371,-0.45620153525614393,-0.8709480790349455,-1.024608774246592
2.001949943490441,1.4108064149403756,-1.2891661184010959,-1.4037631214834656,-1.6930785913159188,-1.5993867672246074,-1.5685630726538502,-1.635246015858904,1.0502302254814686,0.6301429425443676,0.27689119535969997,0.15344382452929128,-0.20209681086607612,-0.6720818567964328,-0.973604730419285,-1.0993409894603934
1.818686294087078,1.4774893581454296,-1.2295024323755213,-1.3877409040085666,-1.5368238227988131,-1.521259382966055,-1.5761927000228493,-1.6318889798165443,1.166963524227158,0.7393992064684376,0.4606126224052032,0.02465571454058324,-0.2199501389095344,-0.6481248268577748,-0.9682639912609856,-1.1400831996108494
1.9580032898450053,1.504650831579067,-1.2731439009261978,-1.5575764092424915,-1.5847378826761291,-1.6962830348108984,-1.6779719291253006,-1.6332623127429642,1.1694050049852378,0.5410288948744557,0.3702778343562514,-0.03928056281163084,-0.4102330454923768,-0.6243203894664973,-0.7611959044663448,-1.0412032289086186
1.9235173741371285,1.5649248877941615,-1.409103860641765,-1.4873838374476973,-1.4925719840586176,-1.722528952960256,-1.6840756310204998,-1.5998445448667473,1.1866479628391762,0.7064392162343602,0.21249714036534595,-0.12366424151276334,-0.3194404798012851,-0.45112784819021323,-0.8280314402187785,-1.0907958068071144
1.8691944272698535,1.58125229036382,-1.3093083346552543,-1.4019320109149058,-1.6633230445768215,-1.6559986023025823,-1.828275588294586,-1.7213082125812162,1.1961087007767355,0.5630022216971735,0.32800969873199515,-0.11679757688066372,-0.3867337931958592,-0.602347062643779,-0.9765039888195046,-1.182656520329866
1.7359811334071258,1.514874532253526,-1.190896517888385,-1.3900297922192664,-1.7098637715277176,-1.5249216041031746,-1.8301066988631458,-1.6289897214163247,1.0612168888928277,0.680193298085003,0.329383031658415,-0.1215279458494436,-0.40596045416573734,-0.4868345042771298,-0.9073795648563712,-1.2287394696386214
1.8899470137135315,1.5527174840037625,-1.1794520768348864,-1.5160712363551347,-1.6166297250785462,-1.7405348735510948,-1.7580830164997927,-1.7083378460539178,1.168184264606198,0.6582199712622847,0.3380808068590744,0.03136978662530243,-0.388412311217039,-0.6615529710272137,-0.7785914548676631,-0.9714684347559652
1.9589188451292852,1.3944790123707171,-1.270855012715498,-1.3329601794991524,-1.7029971068956176,-1.7107793268119975,-1.691705258389499,-1.7113896970015174,0.9643206213065367,0.8150851099689103,0.4226170781075864,0.07150162658623893,-0.22529087806783377,-0.5435989319024848,-0.8667899472532947,-0.9966462050736631
1.7709248267571425,1.340919028240342,-1.2938964873698753,-1.4947082797219373,-1.6852963713995397,-1.7525896847941134,-1.6840756310204998,-1.7693748650059122,1.0949398418638046,0.5736837000137727,0.3354867335536147,0.07531644027073847,-0.2498582781960117,-0.6230996490874574,-0.9299632618686093,-1.045781005330018
1.6915767021195498,1.58048932762692,-1.1730431898449263,-1.4686149541199596,-1.5392653035568928,-1.7036074770851375,-1.7246652486235758,-1.6047275063829067,1.0413798577334297,0.7500806847850363,0.4508466993728839,0.05471644637444051,-0.3008241890209269,-0.4752374706762508,-0.7700462722143837,-1.0282328623813202
1.7605485335353035,1.4773367655980496,-1.190743925341005,-1.4480149602236612,-1.4629690298669003,-1.635551200953664,-1.7013185888744378,-1.844755583411625,0.9579117343165775,0.7401621692053375,0.3020689656773978,-0.15601386155732033,-0.2838864162617485,-0.6733025971754727,-0.7958344127216015,-1.13458986790517
1.7303352091540662,1.558821185898962,-1.3497453597109503,-1.5650534440641106,-1.5391127110095129,-1.666680080619181,-1.6630178594820615,-1.732447468539955,1.1095887264122832,0.8082184453368111,0.4192600420652268,-0.11267757810140422,-0.43480044562055475,-0.5008730186360886,-0.7842373791207224,-1.0479173009933378
1.7031737357204286,1.3024657063005856,-1.336317215541512,-1.4022371960096658,-1.6970459975477983,-1.7736474563325517,-1.7826504166279706,-1.6404341624698233,1.0099457929731526,0.7731221594394144,0.26666749468524076,-0.07361388597212803,-0.3813930540375594,-0.7644003479613244,-0.7445633168019259,-0.9574299203970069
1.8685840570803336,1.4245397442045744,-1.3814846095659874,-1.3061038911602747,-1.6759882260093608,-1.6045749138355268,-1.7187141392757566,-1.68300748318884,0.9580643268639575,0.797079189378072,0.38019634993595064,0.08767643660851743,-0.30692789091612616,-0.6057040986861391,-0.8793025361384537,-1.070500998005576
1.940760331991067,1.3662493911054197,-1.3250253670353924,-1.5989289895824674,-1.5873319559815888,-1.7913481918286296,-1.778988195490851,-1.828428180841966,1.1764242621647172,0.6724110781686234,0.3049682240776175,-0.1297679434079626,-0.31150566733752605,-0.614249281339418,-0.9479691824594472,-1.1246713523254712
1.7964077821696,1.2823234900464275,-1.1767054109820467,-1.4913512436795777,-1.5768030702123692,-1.6621023041977816,-1.68209192790456,-1.7113896970015174,0.9478406261894983,0.6089325784585493,0.43284077878204563,-0.16684793242129903,-0.3754419446897401,-0.5400893033127447,-0.8284892178609184,-1.1011721000289532
1.8118196294549787,1.3279486617130432,-1.3795009064500476,-1.5952667684453479,-1.4872312449003173,-1.7539630177205332,-1.7199348796547964,-1.6457749016281236,1.0540450391659686,0.5219548264519576,0.23950602125160358,-0.017002050894153076,-0.32142418291722485,-0.606161876328279,-0.7805751579836029,-1.0367780450345991
1.700732254962349,1.546461189561183,-1.272075753094538,-1.335859437899372,-1.7213082125812162,-1.5249216041031746,-1.821103738567727,-1.8374311411373858,1.111877614622983,0.5198185307886374,0.4229222632023464,-0.03882278516949089,-0.37681527761615996,-0.7204536943158883,-0.80788922396462,-1.1362683859263498
1.7516981657872643,1.4564315866069915,-1.150612085380069,-1.46434236279332,-1.7031496994429975,-1.5671897397274304,-1.812558555914448,-1.5957245460874878,1.111725022075603,0.7905177098407328,0.23965861379898357,-0.1683738578950993,-0.23643013402657287,-0.5890715110217202,-0.9205025239310496,-0.9853543565675436
1.6653307839701923,1.440104184037333,-1.3321972167622524,-1.4702934721411394,-1.642265273038383,-1.6192237983840059,-1.68239711299932,-1.8468918790749447,1.1547561204367591,0.5904688802255711,0.2434734274834831,-0.03180352799001174,-0.2249856929730738,-0.7285410993270274,-0.7972077456480213,-1.1626668966230875
1.7925929684851005,1.4297278908154938,-1.2168372509429828,-1.4944030946271774,-1.594503805708448,-1.577871218044029,-1.8423141026535452,-1.6465378643650235,0.8903132358272434,0.5309577867473765,0.22180528575552483,0.04220385748928157,-0.35987750485698156,-0.7779810846781432,-0.9485795526489671,-1.2525439070298994
1.6711293007706316,1.396157530391897,-1.3502031373530903,-1.5409438215780726,-1.7257333964552357,-1.6117467635623859,-1.5903838069291885,-1.5912993622134683,1.0532820764290687,0.6661547837260442,0.4340615191610855,-0.1901945921704371,-0.3128790002639459,-0.5118596820474477,-0.8786921659489337,-1.1576313425595481
1.863853688111554,1.5353219336024442,-1.2855038972639763,-1.5897734367396685,-1.6738519303460402,-1.6729363750617603,-1.7730370861430318,-1.8325481796212264,1.1021116915906641,0.6806510757271429,0.14886604810789184,-0.09985980412148532,-0.2735101230399093,-0.5529070772926636,-0.8487840266624564,-1.2108861415951635
1.895745530513971,1.2568405346339697,-1.3469986938581107,-1.4097142308312849,-1.7110845119067575,-1.610068245541206,-1.747859315825334,-1.5877897336237288,1.0558761497345284,0.676378484400503,0.3814170903149905,-0.09848647119506548,-0.3108952971480061,-0.6836788903973119,-0.9383558519745083,-1.0891172887859346
1.7915248206534407,1.4701649158711902,-1.3915557176930662,-1.57008899812765,-1.5070682760597158,-1.5803126988021088,-1.7460282052567742,-1.6537097140918826,0.9318184087145998,0.7609147556490155,0.3310615496795948,0.05044385504780058,-0.33683603020260344,-0.5599263344721432,-1.0085484237693016,-1.1239083895885713
1.8134981474761587,1.4735219519135498,-1.3717186865336686,-1.4542712546662404,-1.5906889920239484,-1.562154185663891,-1.635398608406284,-1.8186622578096472,1.083037623168166,0.6347207189657671,0.41895485697046686,-0.082159068625407,-0.3679649098681206,-0.7225899899792081,-0.964601770123866,-1.215616510563943
1.8984921963668107,1.2403605395169313,-1.2980164861491348,-1.4709038423306593,-1.5128667928601551,-1.7681541246268715,-1.7815822687963108,-1.8752740928876221,1.03558134093299,0.6780570024216832,0.22531491434526485,-0.20270718105559604,-0.4879026521087897,-0.6104344676549185,-1.0181617542542405,-1.2453720573030402
1.6958492934461893,1.3071960752693652,-1.2015779962049837,-1.367598687754409,-1.6096104678990661,-1.5566608539582116,-1.811948185724928,-1.732447468539955,1.026730973184951,0.6396036804819265,0.32709414344771526,-0.007388720409213789,-0.5107915342157874,-0.7729455306146034,-0.7495988708654657,-1.1867765191091255
1.8044951871807393,1.4614671406705309,-1.3964386792092265,-1.5429275246940124,-1.4634268075090402,-1.6454697165333636,-1.7774622700170513,-1.828428180841966,1.1417857539094605,0.7226140262566387,0.23538602247234364,-0.19553533132873646,-0.24253383592177213,-0.581899661294861,-0.8710625385799347,-1.2197365093432024
1.710955955636808,1.5283026764229648,-1.2421676138080606,-1.3587483200063692,-1.666527488071801,-1.5230904935346148,-1.8148474441251476,-1.7429763543091745,1.051450965860509,0.5735311074663927,0.23294454171426393,-0.18088644678025778,-0.344313065024223,-0.7447159093493059,-0.788357377899982,-1.2421676138080606
1.9262640399899682,1.2586716452025297,-1.2063083651737632,-1.35310239575331,-1.68361785337836,-1.6621023041977816,-1.8096592975142283,-1.8099644826089882,0.950282106947578,0.6690540421262638,0.21188677017582602,-0.005099832198514065,-0.49476931674088886,-0.7167914731787688,-0.9639913999343461,-0.9824550981673239
1.9239751517792685,1.4162997466460552,-1.3268564776039522,-1.5520830775368122,-1.6134252815835666,-1.5313304910931338,-1.658897860702802,-1.7297008026871152,0.9930080202139742,0.7035399578341406,0.3106141483306768,-0.14975756711474064,-0.25199457385933144,-0.6136389111498981,-0.7790492325098031,-1.0122106449064212
1.677385595213211,1.2659960874767688,-1.174874300413486,-1.5833645497497093,-1.5519304849894322,-1.8081333720404285,-1.8327007721686064,-1.5819912168232895,1.0331398601749102,0.6766836694952634,0.3522719137654131,-0.14899460437784073,-0.5167426435636071,-0.723810730358248,-0.8965454939923925,-1.0590565569520773
1.6970700338252294,1.460398992838871,-1.3170905545716334,-1.3877409040085666,-1.5546771508422719,-1.7918059694707695,-1.8377363262321458,-1.6378400891643636,0.9594376597903773,0.4809074312067412,0.18121566815244883,-0.20209681086607612,-0.49476931674088886,-0.7209114719580283,-0.8229958861552387,-1.0183143468016205
1.8682788719855736,1.2275427655370126,-1.1780787439084666,-1.3318920316674925,-1.5995393597719874,-1.6146460219626064,-1.6787348918622005,-1.8726800195821625,1.03405541545919,0.6890436658330419,0.3011534103931175,-0.0855161046677666,-0.3588093570253217,-0.6768122257652123,-0.9716210273033452,-1.0662284066789365
1.7887781548006008,1.2588242377499097,-1.4030001587465657,-1.4211586718847835,-1.5487260414944517,-1.755794128289093,-1.8224770714941467,-1.7782252327539512,1.0302406017746906,0.6414347910504863,0.1123964292840749,-0.1662375622317791,-0.312116037527046,-0.5733544786415816,-0.8243692190816589,-1.1719750420132664
1.7060729941206485,1.4962582414731678,-1.4199379315057437,-1.4118505264946046,-1.7112371044541375,-1.6529467513549827,-1.658440083060662,-1.6753778558198409,0.8689502791940455,0.7339058747627578,0.3496778404599534,-0.013492422304413498,-0.24955309310125173,-0.715418140252349,-0.9949676870524833,-1.2107335490477835
1.655107083295733,1.319556071607144,-1.2023409589418836,-1.5238534562715147,-1.6062534318567065,-1.6151037996047464,-1.8627615040024637,-1.627006018300385,0.9573013641270571,0.5050170536927792,0.11911050136879453,-0.011508719188473737,-0.32157677546460484,-0.6433944578889954,-0.7909514512054416,-1.0756891446164953
1.7951870417905602,1.2345620227164917,-1.232096505680981,-1.35279721065855,-1.7245126560761959,-1.7351941343927946,-1.6601186010818418,-1.8494859523804044,1.0252050477111512,0.623734055554408,0.23614898520924354,0.027707565488182873,-0.29548344986262753,-0.7451736869914458,-0.876098092643474,-1.0904906217123544
1.8484418408261754,1.2595872004868096,-1.2610890896831783,-1.4828060610262979,-1.691552665842119,-1.7023867367060976,-1.7863126377650902,-1.626395648110865,1.0639635547456674,0.676378484400503,0.26270008845336124,-0.1476212714514209,-0.41877822814565624,-0.5692344798623221,-0.8332195868296979,-1.2223305826486621
1.7365915035966457,1.4141634509827352,-1.174721707866106,-1.4989808710485768,-1.7298533952344952,-1.8142370739356277,-1.7506059816781736,-1.819730405641307,1.0624376292718676,0.5550674092334145,0.3454052491333135,-0.14212793974574156,-0.4810359874766905,-0.7369336894329268,-0.9269114109210097,-1.1937957762886047
1.6184848719245366,1.3055175572481854,-1.2536120548615592,-1.6003023225088873,-1.7219185827707362,-1.5903838069291885,-1.5987763970350874,-1.6837704459257399,1.0456524490600692,0.644181456903326,0.35181413612327317,-0.22513828552045378,-0.3772730552582999,-0.6546863063951145,-0.8652640217794949,-1.1956268868571645
1.6280982024094757,1.2165561021256535,-1.2362165044602405,-1.5111882748389753,-1.4715142125201792,-1.68346526083098,-1.5748193670964294,-1.6764460036515008,0.8118806664739306,0.5088318673772787,0.20944528941774632,0.056242371848240325,-0.3693382427945404,-0.7270151738532276,-0.9630758446500662,-1.0994935820077734
1.6114656147450572,1.3934108645390573,-1.181893557592966,-1.4948608722693173,-1.5678001099169503,-1.5929778802346481,-1.7841763421017705,-1.7727319010482718,0.8697132419309455,0.5817711050249117,0.2417949094623033,-0.03500797148499135,-0.44914414507427347,-0.6688774133014532,-0.9038699362666316,-1.1698387463499467
1.764515939767183,1.3323738455870628,-1.432755705485663,-1.5653586291588706,-1.546437153283752,-1.5768030702123692,-1.8557422468229836,-1.876037055624522,0.9766806176443157,0.5506422253593946,0.3071045197409372,-0.138465718608622,-0.30112937411568685,-0.8179603320916993,-0.9028017884349717,-1.2771113071580773
1.7706196416623825,1.4681812127552503,-1.376449055502448,-1.6001497299615073,-1.6527941588076027,-1.5642904813272107,-1.8046237434506889,-1.6318889798165443,1.0752554032517865,0.4465741080462444,0.13482753374893308,-0.1087101718695247,-0.46455599235965206,-0.747004797560006,-1.0689750725317761,-1.0097691641483415
1.7376596514283056,1.2612657185079894,-1.2087498459318438,-1.4528979217398206,-1.6044223212881468,-1.5687156652012302,-1.6942993316949586,-1.739924503361575,1.0319191197958704,0.5303474165578566,0.2639208288324011,-0.1280894253867828,-0.4956848720251692,-0.5771692923260816,-1.0679069247001163,-1.2868772301903961
1.636185607420615,1.1848168522706164,-1.295727597938435,-1.3656149846384693,-1.4535082919293405,-1.7994355968397686,-1.5999971374141273,-1.6660697104296611,0.9733235816019556,0.5807029571932518,0.2800956388546796,-0.21872939853049456,-0.43129081703081473,-0.7895781182790218,-0.9838284310937437,-1.1709068941816065
1.636033014873235,1.4129427106036954,-1.2368268746497604,-1.481127543005118,-1.5490312265892117,-1.5746667745490495,-1.8699333537293228,-1.8555896542756036,1.0245946775216312,0.6817192235588028,0.35272969140755306,-0.05545537283390933,-0.45005970035855336,-0.5384107852915649,-0.9829128758094638,-1.279705380463537
1.8450848047838158,1.407296786350636,-1.3265512925091922,-1.3561542467009096,-1.5998445448667473,-1.5339245643985935,-1.5888578814553886,-1.7452652425198742,1.046720596891729,0.5103577928510785,0.07333273715479871,0.02190904868774357,-0.5358167119861053,-0.7628744224875246,-0.9748254707983248,-1.199441700541664
1.745136686249925,1.3058227423429454,-1.3178535173085333,-1.5729882565278697,-1.5366712302514332,-1.650657863144283,-1.8400252144428455,-1.6758356334619808,0.973628766696716,0.4236852259392463,0.2926082277398385,-0.2037753288872559,-0.4395308145893342,-0.7004640706091103,-0.8757929075487141,-1.0968995087023137
1.7309455793435862,1.2089264747566542,-1.2836727866954165,-1.4525927366450606,-1.4747186560151588,-1.6440963836069438,-1.7675437544373516,-1.8050815210928288,0.8503339884136873,0.44642151549886444,0.1575638233085508,-0.040043525548530745,-0.5423781915234449,-0.6987855525879305,-0.8712151311273146,-1.231943913133601
1.5756063661107604,1.2997190404477459,-1.4539660695714804,-1.361342393311829,-1.4873838374476973,-1.5600178900005712,-1.6941467391475786,-1.724054878434056,0.9869043183187745,0.4809074312067412,0.13589568158059295,-0.12961535086058262,-0.5371900449125251,-0.5881559557374403,-0.9253854854472099,-1.2945068575593952
1.7463574266289648,1.372810870642759,-1.287945378022056,-1.368819428133449,-1.4704460646885193,-1.5583393719793914,-1.714594140496497,-1.779293380585611,0.9559280312006373,0.5948940640995906,0.19647492289044743,-0.08521091957300664,-0.40992786039761686,-0.8178077395443193,-0.9279795587526696,-1.0283854549287001
1.828452217119397,1.4442241828165925,-1.2354535417233405,-1.3395216590364916,-1.7017763665165777,-1.746943760541054,-1.8069126316613886,-1.6390608295434035,0.982631726992135,0.5272955656102569,0.07745273593405821,-0.17936052130645797,-0.3841397198903991,-0.8432906949567771,-0.7933929319635218,-1.1738061525818262
1.8357766593936364,1.2565353495392098,-1.335401660257232,-1.5972504715612876,-1.6885008148945193,-1.5711571459593099,-1.6389082369960235,-1.690637110557839,0.9867517257713945,0.6786673726112031,0.199984551480187,-0.24146568809011226,-0.47371154520245096,-0.6131811335077582,-1.0032076846110023,-1.102392840407993
1.7010374400571089,1.396462715486657,-1.2911498215170356,-1.3730920194600884,-1.5154608661656148,-1.7409926511932348,-1.5836697348444693,-1.7060489578432172,1.0548080019028685,0.647843678040446,0.08828680679803735,-0.11023609734332451,-0.3662863918469408,-0.755702572760665,-0.9014284555085519,-1.1974579974257242
1.612686355124097,1.3822716085803182,-1.3326549944043924,-1.617545280362826,-1.5088993866282756,-1.6440963836069438,-1.7811244911541708,-1.8554370617282236,0.8781058320368444,0.6206822046068083,0.20715640120704615,-0.04553685725421053,-0.2854123417355483,-0.5902922514007605,-1.0573780389308975,-1.166634302854967
1.7530714987136842,1.352210876746461,-1.279095010274017,-1.513629755597055,-1.5980134342981875,-1.5580341868846315,-1.8014192999557093,-1.6192237983840059,0.9899561692663745,0.6568466383358649,0.19952677383804707,-0.24100791044797232,-0.3533160253196419,-0.6408003845835357,-0.8281840327661585,-1.054478780530678
1.7352181706702259,1.350684951272661,-1.4014742332727659,-1.5890104740027686,-1.577871218044029,-1.5633749260429308,-1.8069126316613886,-1.7007082186849178,1.003079128341053,0.5778036987930322,0.12307790760067405,-0.036381304411411186,-0.5536700400295635,-0.6473618641208749,-1.020755827559701,-1.0550891507201978
1.6154330209769368,1.2313575792215121,-1.2816890835794768,-1.5601704825479512,-1.579397143517829,-1.5752771447385694,-1.7365674673192144,-1.853148173517524,0.82118881186411,0.5369088960951962,0.19540677505878756,-0.09268795439462618,-0.3057071505370863,-0.6105870602022985,-0.8107884823648401,-1.303967595496955
1.7703144565676225,1.190310183976296,-1.440385332854662,-1.4832638386684378,-1.4806697653629781,-1.820951146020347,-1.617545280362826,-1.6900267403683191,0.8587265785195863,0.546522226580135,0.3325874751533946,-0.0652212958662286,-0.47477969303411083,-0.6821529649235116,-0.9795558397671043,-1.2108861415951635
1.603988579923438,1.340461250598202,-1.4547290323083804,-1.602438618172207,-1.6540148991866426,-1.8183570727148872,-1.5882475112658687,-1.8717644642978826,0.9887354288873342,0.5292792687261967,0.24744083371536263,-0.11206720791188429,-0.44563451648453345,-0.8233010712499986,-0.864806244137355,-1.142219495274169
1.763752977030283,1.287511636657347,-1.4564075503295602,-1.401169048178006,-1.6149512070573664,-1.6247171300896852,-1.7684593097216315,-1.7670859767952116,0.7535903133747759,0.48014446846984127,0.1897608508057278,-0.18637977848593756,-0.3499589892772823,-0.667198895280273,-0.8831173498229532,-1.3009157445493553
1.6407633838420144,1.4042449354030362,-1.383926090324067,-1.5412490066728326,-1.5436904874309123,-1.7017763665165777,-1.6630178594820615,-1.6891111850840392,0.9948391307825339,0.3968289376003691,0.10079939568319629,-0.21476199229861503,-0.3984834193441178,-0.8092625568910403,-0.9632284371974462,-1.2543750175984592
1.658311526790713,1.3677753165792195,-1.3961334941144665,-1.425278670664044,-1.4983705008590569,-1.6787348918622005,-1.7751733818063515,-1.6572193426816222,1.0403117099017698,0.6173251685644487,0.10034161804105635,-0.059880556707929244,-0.3936004578279584,-0.670555931322633,-0.9580402905865268,-1.0965943236075537
1.6590744895276128,1.3970730856761768,-1.3836209052293071,-1.5589497421689114,-1.5267527146717343,-1.8146948515777677,-1.617850465457586,-1.6598134159870819,0.9919398723823143,0.6579147861675247,0.07455347753383856,-0.0830746239096869,-0.4419722953474139,-0.8596180975264356,-1.0575306314782775,-1.110938023061272
1.6924922574038297,1.3909693837809773,-1.3817897946607474,-1.4141394147053044,-1.4797542100786982,-1.7612874599947723,-1.627311203395145,-1.6166297250785462,1.0131502364681322,0.450083736635984,0.16336234010899053,-0.20682717983485555,-0.4668448805703518,-0.735255171411747,-1.0010713889476825,-1.1323009796944703
1.602157469354878,1.265080532192489,-1.3834683126819272,-1.4905882809426778,-1.722681545507636,-1.7249704337183358,-1.7750207892589716,-1.6415023103014832,0.9164065614292212,0.37821264682001043,0.047392004100200946,-0.1773768181905182,-0.320050849990805,-0.7688255318353439,-1.0900328440702145,-1.110175060324372
1.8136507400235387,1.2894953397732867,-1.4512194037186408,-1.4794490249839383,-1.7486222785622338,-1.829191143578866,-1.6802608173360003,-1.7043704398220374,0.9507398845897179,0.4171237464019071,0.03671052578360223,-0.12702127755512294,-0.4956848720251692,-0.7068729575990695,-1.1001039521972933,-1.070500998005576
1.722095211595547,1.2263220251579725,-1.2291972472807613,-1.424820893021903,-1.4908934660374378,-1.7779200476591912,-1.6227334269737455,-1.594656398255828,0.788991784366933,0.46992076779538205,0.057157927132520214,-0.23643013402657287,-0.4416671102526539,-0.7338818384853272,-0.9935943541260635,-1.078588403016715
1.6790641132343909,1.267216827855809,-1.2572742759986788,-1.3865201636295268,-1.7351941343927946,-1.7170356212545768,-1.754878573004813,-1.7826504166279706,0.9159487837870812,0.40461115751674814,0.13833716233867266,-0.09787610100554556,-0.4724908048234111,-0.8344403272087377,-1.0329632313500996,-1.2014254036576038
1.680590038708191,1.1707783379116576,-1.2819942686742367,-1.4028475661991857,-1.5322460463774137,-1.5974030641086676,-1.6146460219626064,-1.5830593646549493,1.015133939584072,0.39240375372634917,0.3010008178457375,-0.17691904054837826,-0.38185083167969935,-0.755702572760665,-0.9917632435575037,-1.1706017090868466
1.5548537796670823,1.199923514461235,-1.2694816797890782,-1.4532031068345805,-1.610220838088586,-1.7374830226034943,-1.7377882076982551,-1.8168311472410874,0.756642164322376,0.6450970121876058,0.1447460493286319,-0.27534123360846907,-0.4547900693273328,-0.8699943907482743,-0.8684684652744745,-1.2441513169240004
1.7487989073870445,1.2600449781289496,-1.2185157689641626,-1.4196327464109837,-1.4873838374476973,-1.585348252865649,-1.6703423017563006,-1.7738000488799317,0.8843621264794241,0.5518629657384349,0.23553861501972362,-0.09360350967890607,-0.3807826838480395,-0.6375959410885561,-0.9983247230948429,-1.2693290872416982
1.7169070649846274,1.2356301705481518,-1.272228345641918,-1.650810455691663,-1.6848385937573997,-1.7817348613436907,-1.5812282540863887,-1.5754297372859494,1.0042998687200928,0.5179874202200776,0.1925075166585679,-0.09329832458414611,-0.5657248512725825,-0.6688774133014532,-0.9659751030502859,-1.2452194647556603
1.6071930234184175,1.3281012542604231,-1.231180950396701,-1.4228371899059633,-1.738245985340395,-1.7217659902233562,-1.7745630116168316,-1.8368207709478659,0.970729508296496,0.5012022400082792,0.0766897731971583,-0.2596242012283305,-0.44471896120025356,-0.8866269784126928,-0.9180610431729699,-1.2853513047165963
1.5502760032456828,1.1935146274712756,-1.2656668661045778,-1.6035067660038669,-1.5111882748389753,-1.618613428194486,-1.602743803266967,-1.8299541063157658,0.7751058625553542,0.3498304330073334,0.2773489730018399,-0.06384796293980877,-0.3943634205648583,-0.7892729331842618,-1.0756891446164953,-1.279705380463537
1.5455456342769032,1.1802390758492167,-1.4280253365168836,-1.6134252815835666,-1.6071689871409864,-1.5647482589693507,-1.6781245216726806,-1.8453659536011449,0.732685134383718,0.44016522105628475,0.199984551480187,-0.2259012482573537,-0.34538121285588286,-0.6124181707708583,-0.9465958495330273,-1.1576313425595481
1.6496137515900537,1.1654375987533583,-1.46571569571974,-1.489062355468878,-1.68193933535718,-1.795468190607889,-1.585958623055169,-1.6550830470183024,0.7699177159444344,0.5140200139881981,0.2541549058000818,-0.2770197516296493,-0.49507450183564883,-0.6925292581453508,-0.9380506668797484,-1.150459492832689
1.5630937772256015,1.1938198125660355,-1.2328594684178809,-1.5452164129047121,-1.7567096835733729,-1.7506059816781736,-1.796994116081689,-1.6755304483672209,0.9127443402921016,0.6157992430906489,0.2402689839885035,-0.3218819605593648,-0.5199470870585867,-0.8281840327661585,-0.9694847316400255,-1.1535113437802886
1.7185855830058072,1.2145723990097137,-1.4039157140308456,-1.4377912595492024,-1.7301585803292552,-1.8375837336847658,-1.6798030396938604,-1.7287852474028353,0.873375463068065,0.5306526016526165,0.13742160705439277,-0.10123313704790515,-0.5880033631900603,-0.8434432875041571,-0.884490682749373,-1.2890135258537159
1.668230042370412,1.1184390941603226,-1.4849423566896176,-1.625632685373965,-1.4907408734900578,-1.593588250424168,-1.7133734001174572,-1.6067112094988465,0.8381265846232884,0.42154893027592655,-0.008762053335633624,-0.1546405286309005,-0.5713707755256419,-0.8500047670414963,-0.8637380963056951,-1.2681083468626575
1.8920402746232285,1.386806350248095,-1.181783999799209,-1.2814269332383397,-1.5336624140574564,-1.399228379815689,-1.4941409442860403,-1.4504994757353638,1.00730868491407,0.6780139676680603,0.3427681410742309,-0.027116193774854747,-0.34176202647238574,-0.44720347671195615,-0.8172404041084222,-0.9336685177593518
1.7313603222321035,1.4148833789660125,-1.2324447255293638,-1.2411425007300227,-1.360775057875932,-1.5336624140574564,-1.5832549919559513,-1.4132668941746473,0.9938805407446312,0.5951562144407281,0.21748965967526246,-0.06694284864103128,-0.21892502583149742,-0.5389115976873278,-0.8666803894595381,-0.8500478017951192
1.7185425482521846,1.4043544931967935,-1.0435351518729412,-1.4437854036506446,-1.4372239241133054,-1.4366135539237854,-1.5672327744810532,-1.5411394488790755,0.9328435217926367,0.6951043329746187,0.47384513927363914,0.008132684669921897,-0.17055318831204147,-0.4682612482503945,-0.7708522697049061,-0.8492848390582193
1.8999750870869878,1.561982594640319,-1.246178054793563,-1.3740506094979912,-1.2742550835114805,-1.4779661342637613,-1.5261853792358373,-1.6215557213483285,0.9639724014581539,0.68060804097352,0.43813848318672255,0.01637268222844135,-0.2418139079384951,-0.4273664455525581,-0.7685633814942063,-1.0676447743589792
1.723272917220964,1.4922478004876654,-1.1724758544090292,-1.4138772643641673,-1.2913454488180385,-1.4016698605737687,-1.6197246107797687,-1.504975015150019,0.9322331516031168,0.5383917868153731,0.3838155363194473,-0.06648507099889134,-0.3509175793151851,-0.690130812140894,-0.8546255782165186,-0.8747677944706771
1.7238832874104841,1.4357885579570706,-1.0677973669063592,-1.3047735929874777,-1.4297468892916863,-1.4875794647487002,-1.5983616541465704,-1.367031352318512,1.1754656721268146,0.5773028863972693,0.2199311404333426,-0.06953692194649097,-0.40127311995058035,-0.6739560021186151,-0.8915529746824751,-0.9358048134226715
1.9127928610669067,1.4063381963127333,-1.303705445155817,-1.310266924693157,-1.2643365679317808,-1.6142312790740885,-1.5173350114877975,-1.3706935734556316,0.9114805651594389,0.5647902975121109,0.27730593824821703,0.1111326541514126,-0.3944064553184812,-0.4032568230665201,-0.722785617280211,-1.0735958837067985
1.7202210662733644,1.2845693435035046,-1.045213669894121,-1.4042639338792284,-1.5255750090463174,-1.3659632044868513,-1.4053320817108883,-1.4550772521567632,0.918499822338918,0.7060909963859778,0.42944070798606315,-0.0283369341538946,-0.31872055181800807,-0.6738034095712351,-0.899640379693615,-0.9383988867281312
1.6840566325443076,1.4780566935813266,-1.2054358446431062,-1.2078773254011859,-1.3787809784667706,-1.6229290542747483,-1.4985661281600597,-1.5646387011755936,1.1188538370488397,0.777809493654571,0.37862738970852794,0.11876228152041168,-0.2636346422138329,-0.6161234266616007,-0.7099678433002916,-1.0075233106912647
1.9144713790880865,1.5525218567027599,-1.0478077431995807,-1.2499928684780626,-1.311792850166957,-1.5060431629816788,-1.4685053963262025,-1.4302046669338262,0.983199062428032,0.7866598614026103,0.27959482645891676,0.0726793322116559,-0.26332945711907296,-0.44125236736413687,-0.8820922367449162,-1.0119484945652841
1.8206269624493951,1.527954456574582,-1.1404314194592322,-1.2043676968114463,-1.4685053963262025,-1.5861542503561719,-1.392972085373109,-1.4457691067665843,0.9111753800646789,0.5556347446693115,0.2969903768602351,0.13524227663745014,-0.31399018284922864,-0.4879456868624126,-0.9145944493368532,-0.9092537101785538
1.76813512615068,1.5535900045344198,-1.1462299362596715,-1.360622465328552,-1.3455158031379337,-1.376186905161311,-1.5231335282882377,-1.4863587243696603,0.9137694533701386,0.7733843097805515,0.39953256869958587,-0.002853978741437224,-0.37853683039096264,-0.5956760253126827,-0.9051337113992943,-0.9586936955296688
1.76737216341378,1.3460641400976388,-1.1350906803009329,-1.3868683834779096,-1.4047217115213684,-1.3944980108469087,-1.4952090921177001,-1.4714046547264221,1.1011531015527614,0.6314732407171646,0.24739779896173975,-0.024216935374635096,-0.19939317976685889,-0.666326374749616,-0.7638330125254269,-1.0839721769286372
1.6600996026056498,1.4263278200195113,-1.0969425434559366,-1.1917025153789078,-1.3851898654567298,-1.6265912754118679,-1.6432238630762859,-1.6265912754118679,0.9699235108059736,0.5615858540171308,0.27898445626939683,-0.14812208384718373,-0.3098701840699687,-0.6268049049781999,-0.9249707425586919,-1.1350906803009329
1.907909899550747,1.3570508035089979,-1.05360626000002,-1.1875825165996483,-1.3162180340409764,-1.4877320572960802,-1.6120949834107687,-1.546175002942615,1.0909294008783021,0.7738420874226914,0.3992273836048259,0.10808080320381253,-0.34786572836758545,-0.6922671078042137,-0.6594597101175168,-1.1517232679653517
1.671238858564389,1.4360937430518306,-1.0900758788238374,-1.4178446705960468,-1.2734921207745806,-1.334986917368714,-1.5683009223127131,-1.5438861147319152,0.8711961326511224,0.5267947532144941,0.24495631820366004,0.1323430182372305,-0.38586127266520176,-0.5839263991644237,-0.795419669833084,-1.0429247816834213
1.7418892080013224,1.5409248231018808,-1.2330550957188837,-1.415708374932727,-1.521455010267057,-1.3565024665492924,-1.3792387561089106,-1.3986180096261691,0.8852346470100811,0.5827962181029491,0.25930001765737876,0.04933267246251827,-0.1917635523978598,-0.6202434254408602,-0.899945564788375,-0.8830077920291961
1.8957024957603483,1.2999811907888832,-1.27959582266978,-1.1932284408527076,-1.4105202283218077,-1.4651483602838429,-1.6464283065712655,-1.481170577758741,0.874705761240862,0.7491220947471335,0.28325704759603676,-0.034135450954334345,-0.23128502216927593,-0.601169357018362,-0.883618162218716,-0.8953677883669746
1.6747484871541285,1.309594521273822,-1.1440936405963518,-1.4100624506796677,-1.351772097580513,-1.3561972814545324,-1.399533564910449,-1.3563498740019124,1.084062736246203,0.7886435645185501,0.4375281129972022,0.09144821553939408,-0.448271624543616,-0.6483204541587777,-0.8225811432667216,-1.0301070077035028
1.7321232849690034,1.5320744553538417,-1.2934817444813582,-1.3687098703396918,-1.3290358080208948,-1.4065528220899282,-1.5237438984777576,-1.6217083138957085,0.9619886983422141,0.7529369084316335,0.27639038296393714,-0.06465396043033156,-0.18596503559742006,-0.5851471395434635,-0.7874848573693249,-0.9538107340135094
1.920269895888526,1.3321782182860602,-1.0597099618952202,-1.376034312613931,-1.311335072524817,-1.4369187390185454,-1.5722683285445926,-1.4703365068947623,1.147999013598417,0.7204346958396965,0.1749163389562467,-0.15605689631094322,-0.39974719447678053,-0.49908494282115123,-0.9559470296768291,-0.9107796356523536
1.777748456635619,1.3152404455268818,-1.1523336381548717,-1.206961770116906,-1.3655054268447113,-1.5745572167552924,-1.3792387561089106,-1.3536032081490728,0.9601575877736543,0.5327458625623138,0.3168274080196336,-0.16139763546924257,-0.16887467029086167,-0.7044745115946123,-0.8256329942143212,-1.0864136576867178
1.9176758225830661,1.2645797197967261,-1.0708492178539588,-1.2655573083108207,-1.4691157665157224,-1.6154520194531283,-1.471709839821182,-1.4430224409137447,0.983351654975412,0.733405062366995,0.28127334448009655,-0.04710581748163323,-0.40997089515123974,-0.5051886447163509,-0.8265485494986011,-0.9693751738462684
1.8143706680068157,1.3788715377843357,-1.3175913669673962,-1.3488728391802933,-1.3221691433887957,-1.5875275832825917,-1.3824431996038902,-1.593173507535651,0.8554791002709838,0.5043636487496364,0.43127181855462293,-0.029710267080314434,-0.38921830870756136,-0.5561545555412661,-0.9330581475698319,-1.1143380938572545
1.7913291933524378,1.4100004174498528,-1.109455132341095,-1.2086402881380858,-1.360164687686412,-1.4120461537956075,-1.5625024055122738,-1.6044653560417697,0.9563427740891548,0.704565070912178,0.30034741290259515,0.06169266880029678,-0.23403168802211605,-0.7273633937016104,-0.7769559716001062,-1.003861089554145
1.7083188475777256,1.2996760056941232,-1.1910921451893879,-1.4137246718167873,-1.366726167223752,-1.4672846559471626,-1.3935824555626288,-1.4849853914432405,1.0936760667311418,0.6059902853047068,0.2808155668379566,-0.07762432695763044,-0.4468982916171962,-0.6649530418231961,-0.9596092508139487,-1.1118966130991748
1.7493662428229417,1.518188533542263,-1.2473987951726029,-1.213218064559486,-1.4852905765380005,-1.3499409870119532,-1.400449120194729,-1.4135720792694073,0.9922020227234514,0.6328465736435844,0.3105711135770539,0.010421572880621621,-0.2170939152629372,-0.6548819336961169,-0.7650537529044668,-1.0652032936008995
1.7099973655989054,1.300744153525783,-1.2155069527701858,-1.198569180011007,-1.432646147691906,-1.3384965459584546,-1.5635705533439337,-1.4016698605737687,1.0797901449195635,0.5974451026514278,0.3609266542124496,0.08320821798087508,-0.23296354019045573,-0.6840271102456947,-0.6713619288131554,-1.1065558739408754
1.7847677138150984,1.385890794963815,-1.0978580987402164,-1.4657587304733628,-1.5106209394030783,-1.4550772521567632,-1.431425407312866,-1.5565512961644545,0.8757739090725223,0.6389502755387837,0.3244570353886327,-0.16399170877470226,-0.3950168255080011,-0.7044745115946123,-0.964492212330109,-1.157216599671031
1.854502507967752,1.3523204345402182,-1.0742062538963184,-1.2786802673855,-1.5191661220563573,-1.4288313340074055,-1.4335617029761858,-1.4436328111032646,0.9781635083644926,0.660313232171982,0.20162003474774393,-0.16170282056400254,-0.22838576376905628,-0.5946078774810228,-0.9496907352342498,-1.0790892154124778
1.6742907095119886,1.4568463294955085,-1.3142343309250366,-1.4306624445759661,-1.4682002112314425,-1.5573142589013544,-1.4923098337174805,-1.5486164837006946,0.8512065089443444,0.6656539713302814,0.28905556439647606,0.07237414711689594,-0.19466281079807946,-0.7218700619959311,-0.8646966863435974,-0.9373307388964713
1.66086256534255,1.4716478065913672,-1.190786960094628,-1.207572140306426,-1.3906831971624092,-1.4695735441578623,-1.4358505911868855,-1.439970589966145,1.1127501351536404,0.49810735430705666,0.16682893394510723,-0.030015452175074397,-0.30513981510118926,-0.7056952519736521,-0.7917574486959644,-0.9629662868563091
1.8798328708328298,1.321649332516841,-1.190939552642008,-1.3502461721067132,-1.4552298447041432,-1.5889009162090115,-1.4105202283218077,-1.5322890811310366,1.0218049769151687,0.4773547678633787,0.3857992394353871,-0.0498524833344729,-0.23296354019045573,-0.5799589929325442,-0.7703944920627661,-0.9155100046211331
1.6330907217193924,1.4223604137876318,-1.229850652223904,-1.3168284042304963,-1.4776609491690014,-1.5946994330094508,-1.3931246779204889,-1.5475483358690347,1.0665145932975046,0.5364080836994334,0.2554852039728792,-0.0428332261549933,-0.3257398089974872,-0.45498569662833566,-0.9100166729154537,-0.9452655513602304
1.747077354612242,1.2172760301089305,-1.0624566277480598,-1.3453632105905537,-1.3348343248213341,-1.585543880166652,-1.6038549858522497,-1.3787809784667706,1.050644968369986,0.5603651136380909,0.1306645002160507,0.09724673233983383,-0.2180094705472171,-0.480621244588173,-0.9022344529990747,-0.9554892520346892
1.7591321658552608,1.3153930380742618,-1.2965335954289579,-1.2161173229597058,-1.376034312613931,-1.4413439228925649,-1.4184550407855667,-1.351466912485753,0.8821827960624815,0.7227235840503963,0.4002955314364858,0.07634155334877546,-0.4433886630274566,-0.5080879031165706,-0.7331619105020497,-1.16560918977693
1.606234433380515,1.4284641156828313,-1.1045721708249356,-1.4144876345536872,-1.3360550652003749,-1.3859528281936297,-1.5809661037452516,-1.5870698056404517,1.059800521212785,0.6232332431586451,0.17369559857720684,-0.16216059820614248,-0.4478138469014761,-0.6532034156749371,-0.7963352251173639,-1.173544002240689
1.811318817059216,1.3085263734421622,-1.3366654353898948,-1.2933291519339782,-1.3473469137064935,-1.3499409870119532,-1.6160623896426483,-1.3647424641078114,1.0616316317813448,0.5258791979302142,0.168812637061047,-0.10005543142248818,-0.2016820679775586,-0.6583915622858569,-0.8048804077706437,-1.117542537352235
1.8718980583690705,1.385890794963815,-1.3330032142527743,-1.4347824433552256,-1.4529409564934435,-1.5322890811310366,-1.4413439228925649,-1.4845276138011005,1.0311131223053476,0.4959710586437369,0.1993311465370442,-0.1066169109598274,-0.31185388718590845,-0.4555960668178556,-0.8044226301285038,-1.0394151530936817
1.6466714584362112,1.3062374852314624,-1.1363114206799727,-1.214133619843766,-1.4187602258803267,-1.463927619904803,-1.480255022474461,-1.529084637636057,1.0660568156553647,0.737372468598875,0.26265705369973835,-0.2018346605249386,-0.33520054693504653,-0.7279737638911303,-0.9850922062264065,-1.1468403064491914
1.843210659461633,1.4678329929068676,-1.3044684078927178,-1.4611809540519634,-1.4456165142192043,-1.4694209516104824,-1.5745572167552924,-1.6265912754118679,0.8052761521829686,0.7305058039667753,0.12669709398417117,-0.017808048384675867,-0.3898286788970813,-0.4734493948613139,-0.8941470479879348,-1.1758328904513888
1.8061306704482964,1.2598493508279467,-1.222678802497045,-1.4230328172069662,-1.3829009772460301,-1.4298994818390662,-1.3964817139628485,-1.513672790350678,0.8164154081417077,0.4698777330417596,0.11815191133089176,0.03758304631425924,-0.36892349990602336,-0.5665308487631053,-0.7487263503348087,-0.9532003638239894
1.8035365971428368,1.1991175169707122,-1.3163706265883564,-1.4266950383440857,-1.439817997418765,-1.3455158031379337,-1.4613335465993433,-1.3967868990576084,0.982893877333272,0.5010066127072768,0.1091489510354724,0.019271940628661,-0.35198572714684495,-0.7211070992590312,-0.94831740230783,-0.9588462880770487
1.7153381047572047,1.4679855854542476,-1.0633721830323397,-1.3418535820008142,-1.3984654170787891,-1.5975986914096705,-1.440275775060905,-1.6162149821900282,0.9925072078182113,0.45828069944088057,0.3055355595135145,-0.11836653710808642,-0.4185160778045187,-0.6522878603906572,-0.9867707242475863,-1.0888551384447975
1.8210127190536265,1.3520958209549296,-1.2061182358705347,-1.4420263141199934,-1.3259033855638238,-1.4113552120966162,-1.4720870459538506,-1.4063196580330768,0.8242781995675581,0.6034767835087185,0.23450800394391225,-0.18283261314034904,-0.4588725313507438,-0.6396946999960273,-0.7651257739423754,-0.9168027660380815
1.7848482853245697,1.3762054434409674,-1.1659863959095986,-1.4702559353852909,-1.388771515084378,-1.5193907356416458,-1.3776322591256394,-1.5618114638132825,0.9344500187759079,0.6599360260393135,0.13028729408338213,-0.008724516579785124,-0.2896473963063393,-0.5908650848344315,-0.7051569028220408,-1.1589671387301195
1.7468527410269532,1.2442128899572795,-1.2531167404635708,-1.1977256457646357,-1.3620678192928803,-1.4223418755079749,-1.3695448541145003,-1.3957907722638572,0.9472677927558268,0.4546990498132324,0.2241317107220735,-0.01635414394878465,-0.3628918190487327,-0.6009361929615107,-0.9598338643992381,-0.9329775760603605
1.6078409303637862,1.3754424807040675,-1.2804308064445884,-1.2882130263609675,-1.3446722688915624,-1.4524026073418321,-1.566694425329442,-1.405404102748797,1.0398914690154784,0.5523582801364233,0.3304887162459238,0.023014733275251942,-0.380439961997431,-0.6175687806259291,-0.9271790592599203,-1.0233123641093123
1.8181134606534068,1.4415150537196013,-1.276158215117949,-1.460642604900352,-1.5702040539191815,-1.5357181382113048,-1.5058099989248275,-1.4327181687298145,0.9309403901861684,0.4945257046794085,0.3347613075725633,-0.17489780067659,-0.30597479887599777,-0.7025628295165811,-0.8620220415286663,-1.1420293659709406
1.7636379212387518,1.305097316361894,-1.2958426537299665,-1.3513863409762816,-1.3208678315002844,-1.4551492731946718,-1.4546914955525319,-1.5283936959370656,0.9675626015573648,0.6364367737427954,0.3805390717865591,-0.1687940987813903,-0.477641414678482,-0.6943228319580621,-0.7896931740705533,-1.0928945657145857
1.7553979236802326,1.356521004828949,-1.235110819872732,-1.3765641112939795,-1.4385166855302538,-1.412118174833516,-1.6237640380495568,-1.6130825597329572,0.813291536156199,0.6846560187148709,0.15729617496963932,0.04407250481368985,-0.2208281574379658,-0.7709242907428147,-0.9171079511328415,-1.0324679169521112
1.7152660837192961,1.3513328582180297,-1.2421300770522121,-1.194673794817036,-1.4382115004354938,-1.389687070368658,-1.379768554788959,-1.4409581662883335,0.8351122704315372,0.6346056631742356,0.2880679880742876,0.06696138692068798,-0.3596873755537531,-0.5116695527442188,-0.8463050091485282,-1.1331789982229017
1.664300172894381,1.3482810072704299,-1.2300752658091927,-1.469187787553631,-1.420510764939415,-1.4151700257811157,-1.4571329763106116,-1.461100382542492,0.7913182093334812,0.5081064413962273,0.11670655736656332,0.04010509858181033,-0.33084738409893566,-0.6605998789870853,-0.8861316640147043,-0.9456427574928989
1.610129818574486,1.1464010670867086,-1.2900441369295272,-1.4308870581612547,-1.58347960554124,-1.5216796238523456,-1.3709181870409202,-1.5811907173305402,0.9193433565852893,0.6910649057048306,0.29569761544328665,-0.2215911201748657,-0.3952414390932897,-0.6882191300628628,-0.9657849737470574,-1.1618663971303391
1.7341875595944145,1.2230025258714616,-1.2024560147334151,-1.2404515590310314,-1.4356174271300342,-1.4118129897387561,-1.629867739944756,-1.429055947592695,0.921937429890749,0.47026348964599096,0.27280873333628897,0.009433996558433133,-0.2504311116296831,-0.554395466010615,-0.7462042980672576,-1.1765152816788174
1.6798646127271395,1.2703062155592573,-1.1508797337189804,-1.3509285633341417,-1.4086085462437765,-1.6194914467229173,-1.4478248309204327,-1.5155759219571463,1.0565240566798968,0.4717894151197908,0.2799805830631481,0.010349551842713023,-0.3435125655314746,-0.670823579661544,-0.9329775760603605,-1.1504219560768405
1.6392749951240633,1.433732833803222,-1.2337374869463122,-1.2703596983175087,-1.469035195006251,-1.37229151996734,-1.556928502297123,-1.397164105190277,0.8209211635251985,0.5979834518030391,0.3195020528345647,0.045445837740109685,-0.48389770912106167,-0.663346544839925,-0.9892842260435746,-1.0725997569130472
1.640953513145243,1.1491477329395483,-1.2767685853074688,-1.323919682447884,-1.5315981394320453,-1.5546396140864234,-1.6204070020071972,-1.4383640929828738,0.9423848312396674,0.6648189875554729,0.35215685797388163,-0.09570226858637731,-0.2548562955037026,-0.5344058423038369,-0.7478828160884374,-1.0231597715619323
1.737697188184154,1.280224731138956,-1.2462500758314716,-1.4168485438022955,-1.5711196092034614,-1.3695448541145003,-1.5439581357698238,-1.574018867603681,0.8637996693389747,0.4400501652647537,0.1847628334980369,-0.16177484160191113,-0.3268799778670557,-0.6261139632792085,-0.8237213121362901,-1.1350101087914615
1.5938024160048274,1.1563195826664074,-1.3603893012717005,-1.2969108015616264,-1.4356174271300342,-1.6017907112268386,-1.58943071488906,-1.5721877570351213,1.0319566565517189,0.5801301237595808,0.25754947859829036,-0.0012474817581660247,-0.46970660221472293,-0.6821154281676636,-0.9265686890704004,-0.9573923836411575
1.5724394593716293,1.3095225002359134,-1.3027093183620657,-1.4163907661601556,-1.558301835223543,-1.5799699769515003,-1.5868366415836004,-1.5962973795211592,0.9851107445060632,0.5676175348744219,0.33170945662496365,-0.12530522277809464,-0.2650799961781618,-0.7101924568855811,-0.8731612974874059,-0.9175657287749814
1.7233534887304354,1.4122172846226442,-1.2346530422305921,-1.3953329946217172,-1.5698988688244215,-1.5390751742536644,-1.646652920156554,-1.5679151657084818,1.0398914690154784,0.5493064291888237,0.27631836192602854,-0.17062520934995007,-0.4193510615793272,-0.6450354391543267,-1.0002708894549341,-1.0838916054191658
1.6704038747895804,1.2149151208603222,-1.306981909688706,-1.4833788944599693,-1.3120174637522455,-1.3829729982839387,-1.3725967050621,-1.428903355045315,0.9791596351582439,0.47301015549883063,0.25693910840877043,-0.061216352878500135,-0.47535252646778225,-0.61054952344645,-0.7767228075432548,-1.1275330739698424
1.6989386811496376,1.183633648647425,-1.1736160232785977,-1.3225463495214642,-1.5489936898333632,-1.5473151718121834,-1.4739181565224104,-1.404183362369757,0.8396900468529367,0.425859058358415,0.3224013112347843,0.0283554724335513,-0.4257599485692869,-0.5824724947285325,-1.0161405143824522,-1.186281204711137
1.7431905198898336,1.336989158764311,-1.3031670960042057,-1.4101344717175763,-1.380226332431099,-1.461252975089872,-1.47834334039643,-1.36450930005096,0.7992530217972407,0.6710752819980521,0.2921879868535471,0.011112514579612931,-0.5247925118188976,-0.650681363407386,-0.9894368185909546,-0.9253479486913605
1.574270569940189,1.284649915012976,-1.291722654950707,-1.26028859019043,-1.3532174515448414,-1.6104884864274975,-1.6440588468510944,-1.388161144894858,0.7646145135419835,0.48552274438398957,0.24457911207099148,-0.07525486723745889,-0.50144585206976,-0.6818102430729036,-0.93694498229224,-1.001339037286594
1.586783158825348,1.163338839845887,-1.1755997263945375,-1.4673566769850712,-1.4759018596383502,-1.4000633635904975,-1.5723403495825012,-1.4243255786239146,0.8584589301806749,0.5978308592556592,0.1032784131971245,-0.030697843402503366,-0.27133629062074105,-0.5820147170863925,-0.9818071912219555,-0.9241272083123206
1.7872897660826497,1.3760528508935874,-1.243961187620772,-1.268070810106809,-1.3286500514166635,-1.5161862921466662,-1.5203062909259257,-1.5547922066338034,1.0072366638761614,0.5253493992501657,0.12570951766198224,-0.05526524353068085,-0.34946367487929386,-0.5586680573372544,-0.9412175736188795,-1.1191404838639434
1.6812379456535593,1.1280899614011104,-1.2502174820633511,-1.5038262958088877,-1.3777848516730193,-1.4887196336182686,-1.6130825597329572,-1.357184857776721,0.8288559759889575,0.4118205439994562,0.1901035726563367,-0.11202967115603579,-0.4631451226773833,-0.784199842364874,-0.7399480036246775,-1.090453084956506
1.6604853592098812,1.1656277280565868,-1.1261597410434225,-1.283787842486948,-1.5868366415836004,-1.454386310457772,-1.6565714357362538,-1.3672559659038006,1.0195966602139404,0.4646175653929312,0.28318502655812816,-0.18893631503554875,-0.2637066632517415,-0.7568857763838563,-0.8225005717572502,-1.1827715761213975
1.6913090537806383,1.1123729290209718,-1.0928945657145857,-1.2465552609262316,-1.5300722139582454,-1.518780365452126,-1.549756652570263,-1.5407536922748442,0.8421315276110164,0.39305166067171804,0.08740878826960596,-0.2615703675884218,-0.3395451592995946,-0.7648205888476154,-0.7655835515845153,-1.0440649505529898
1.500873554650416,1.3076913896673537,-1.1746841711102576,-1.4232574307922548,-1.404641140011897,-1.4186796543708553,-1.397316697737657,-1.5169492548835661,1.0127299955818407,0.6446767713013148,0.06879249748924776,-0.2562296284301224,-0.5286073255033972,-0.6479346975545464,-0.8905568478887238,-1.0884693818405662
1.6658260983681807,1.3440084159437904,-1.3103389457310657,-1.5003166672191481,-1.5430425804855439,-1.3852618864946384,-1.622238112575757,-1.4803270435123697,0.889282624751432,0.643608623469655,0.16416283960173894,-0.01116599733786483,-0.33023701390941573,-0.6599895087975653,-0.8762131484350055,-0.9578501612832975
1.6993964587917776,1.304029168530234,-1.1664441735517386,-1.380836702620619,-1.3252930153743039,-1.5058099989248275,-1.5779862738355606,-1.5233581418735263,0.7575952563625044,0.6280441836368964,0.26868873455702946,-0.14056447751609324,-0.5189939950184583,-0.5319643615457572,-0.7707716981954347,-0.985469412359075
1.738460150921054,1.1981299406485237,-1.1496589933399406,-1.4482826085625726,-1.3919759585793576,-1.3866352194210583,-1.461100382542492,-1.6091151535010777,0.8206159784304385,0.48735385495254935,0.12342062945128252,-0.19565038712026794,-0.5556162063896548,-0.6335909981008276,-0.8047998362611724,-0.9575449761885375
1.5316972492211731,1.3026558356038143,-1.3191893134791046,-1.3284974588692835,-1.356879672681961,-1.615524040491037,-1.5241211046104262,-1.533734435095365,0.784146359606622,0.39976573275643723,0.10312582064974452,-0.12835707372569427,-0.5005302967854801,-0.7368961526770779,-0.9038323995107831,-0.9763138595162761
1.5266616951576335,1.2963995411612346,-1.1990989786910555,-1.3518441186184216,-1.4185270618234753,-1.6240692231443168,-1.5874470117731203,-1.4888722261656486,0.945894459829407,0.5700590156325016,0.20307393918363514,-0.2530251849351428,-0.5263184372926974,-0.577742125759753,-0.800222059839772,-1.122192334811543
1.5576379822757707,1.1988929033854236,-1.3910604032950777,-1.316595240173645,-1.573561089961541,-1.4504189042258924,-1.4522500147944521,-1.4241729860765346,0.881805589929813,0.36665314997498033,0.22718356166967313,-0.00933488676930505,-0.42957476225378644,-0.71904282463362,-0.7462042980672576,-1.1165464105584837
1.6327135155867238,1.107337374957432,-1.2869922859819276,-1.3503181931446218,-1.429208540140075,-1.4017418816116773,-1.6129299671855772,-1.6095729311432176,0.8343493076946373,0.4594294187820118,0.2752502140943687,-0.024441548959923676,-0.3441229357209945,-0.7127865301910408,-1.0265168076042919,-1.1839923165004373
1.521626141094094,1.2347521520197202,-1.2810411766341083,-1.2735641418124892,-1.5151181443150064,-1.4165433587075356,-1.5695936837296616,-1.3983848455693177,0.9994544439597819,0.4572931231186921,0.030186583002111078,-0.2760666595895205,-0.5531747256315751,-0.5626354635691344,-0.8701094465398063,-1.114867892537303
1.543141690274672,1.34660248924925,-1.3825152206417988,-1.461252975089872,-1.5966025646159192,-1.6272736666392964,-1.4400426110040536,-1.5891255297943,0.8143596839878593,0.4450857193282931,0.14615691901090067,-0.05419709569902098,-0.40149773353586893,-0.686845797136443,-0.9636486780837377,-1.1281434441593623
1.5522972431174713,1.099249969946293,-1.3283448663219035,-1.3060663544044262,-1.3866352194210583,-1.4231048382448748,-1.4734603788802705,-1.388466329989618,0.9451314970925071,0.421891652126535,0.03552732216041088,-0.024288956412543694,-0.5086177017966191,-0.6801317250517238,-0.8632427819077062,-1.2332797093041723
1.728694227888735,1.2765625100018365,-1.2953848760878266,-1.2801256213498284,-1.5587596128656829,-1.5116085157252668,-1.5618114638132825,-1.3733596677989999,0.7737700663847829,0.6382678843113552,0.1566858047801194,-0.0895985666911776,-0.4808458581734616,-0.7765702149958749,-0.9071894355531427,-1.1931478693432362
1.5628261288866903,1.1280899614011104,-1.1131893745161232,-1.3985374381166977,-1.4592692719739313,-1.4823107466283094,-1.6524514369569943,-1.3541330068291213,0.9864840774324835,0.4331835006326541,0.10129471008118474,-0.2531777774825228,-0.5241821416293777,-0.6119228563728698,-0.8287568661998295,-1.0864856787246264
1.544667615748472,1.1062692271257721,-1.276158215117949,-1.4806322286071296,-1.3196470911212446,-1.5682203508032417,-1.5616588712659025,-1.5364811009482047,0.7600367371205841,0.37214648168065967,0.28196428617908786,-0.2811022136530603,-0.35602515441663307,-0.686540612041683,-0.768330217437355,-0.9705153427158368
1.5504661325489113,1.1041329314624524,-1.2563211839585504,-1.4139492854020759,-1.469492972648391,-1.4093715089806764,-1.3855670715893984,-1.5840899757307598,0.9503196437034265,0.4849123741944692,0.019810289780272328,-0.26462221853602186,-0.5185362173763184,-0.8269257556312697,-0.7858783603860537,-1.1427923287078405
1.630729812470784,1.0920781202194334,-1.1159360403689629,-1.4148648406863558,-1.5483833196438432,-1.5143551815781064,-1.6138455224698571,-1.4809374137018896,0.9794648202530039,0.6022560431296786,0.13166062700980197,-0.28247554657948015,-0.3908162552192702,-0.7495613341096172,-0.9738723787581964,-1.2048974954914948
1.597159452047187,1.1567773603085474,-1.3191893134791046,-1.3931966989583975,-1.5192381430942659,-1.4231048382448748,-1.4420263141199934,-1.4943655578713289,0.8232100517358982,0.39366203086123797,0.1177747051982232,-0.06396301873134025,-0.40119254844110896,-0.6218413719525686,-0.969142009789417,-1.2233611937244735
1.510944662777495,1.2370410402304204,-1.3460456018179823,-1.5128292561043066,-1.4801744509649897,-1.469798157743151,-1.58347960554124,-1.5369388785903446,0.8982855850468514,0.6051553015298983,0.14936136250588028,-0.15063558564317203,-0.34015552948911454,-0.7263672669078591,-0.9660901588418174,-1.0938101209988655
1.5692350158766497,1.1624232845616072,-1.3037774661937265,-1.2554056286742705,-1.47666482237525,-1.5448736910541037,-1.3822100355470388,-1.429361132687455,0.7505759991830248,0.39701906690359756,0.056279908604088824,-0.059385242309940356,-0.37219996443891157,-0.8215850164729703,-0.928704984733721,-1.1023553036521445
1.6934453494439583,1.2907536169081752,-1.139282700118101,-1.4826159317230694,-1.315221907247225,-1.3577952279662409,-1.6259003337128766,-1.4629314931110518,0.7417256314349858,0.38008129414441916,0.11380729896634367,-0.04504154285622164,-0.5492073193996956,-0.7059198655589407,-1.0031701478551538,-0.9885212633066747
1.7169446017404761,1.0446218379842578,-1.3524544888079415,-1.3979270679271778,-1.575087015435341,-1.5995018230161389,-1.6570292133783937,-1.4618633452793919,0.7374530401083463,0.554952353441883,0.030796953191631005,-0.16253780433881104,-0.32214960889827626,-0.7791642883013346,-1.0303316212887914,-1.107390857715684
1.5713713115399695,1.0501151696899376,-1.308050057520366,-1.510387775346227,-1.3202574613107645,-1.5047418510931676,-1.5871418266783603,-1.3457404167232223,0.8946233639097319,0.34773167409986216,0.03735843272897066,-0.2290681549964848,-0.45414216238196436,-0.8055627989980723,-0.9586131240201974,-1.1928426842484763
1.4752380066905784,1.0734618294390752,-1.1485908455082807,-1.4958914833451287,-1.5132870337464466,-1.5148129592202464,-1.5077937020407672,-1.3924337362214976,0.9484885331348667,0.4492057181075526,0.17133468932859808,-0.08776745612261783,-0.4323214281066261,-0.775807252258975,-0.9557138656199777,-1.219088602397834
1.5214735485467141,1.2588617745057582,-1.3062189469518062,-1.3605418938190805,-1.5268677704632658,-1.4398900184566736,-1.6040795994375383,-1.6001121932056588,0.7009834212845294,0.4507316435813524,0.1670620980019586,-0.1687940987813903,-0.3813555172817109,-0.5701124983907535,-0.9218383201016209,-1.0640545742597682
1.5637416841709701,1.2658810316852374,-1.1160886329163429,-1.4026574368959572,-1.356269302492441,-1.621780334933617,-1.3664930031669007,-1.3500130080498618,0.8073404268083797,0.38328573763939877,0.2419850387655318,-0.25287259238776283,-0.574690274812153,-0.8206694611886904,-0.9018486963948433,-1.0712264239866274
1.705347568139597,1.207285493491323,-1.3278870886797636,-1.275700437475809,-1.4325655761824345,-1.3959433648112372,-1.5038262958088877,-1.468882602458871,0.8642574469811146,0.4536309019815721,0.08450952986938631,-0.033291916707963054,-0.348090341952874,-0.7735183640482752,-0.8977286976155838,-1.1124264117792233
1.5858676035410681,1.0859744183242341,-1.219241194945214,-1.4501137191311324,-1.534344805284885,-1.4545389030051519,-1.6556558804519739,-1.4914662994711092,0.7972693186813005,0.48277607853114946,0.24152726112339185,-0.2785081403476002,-0.31162072312905753,-0.6514443261442859,-0.9813494135798155,-1.1504219560768405
1.468981712247999,1.1329729229172698,-1.4078455835068766,-1.3764115187465995,-1.5004692597665281,-1.4084559536963965,-1.404641140011897,-1.4231048382448748,0.7475241482354251,0.542897542198864,0.2055154199417153,-0.0949393058494774,-0.36228144885921276,-0.7167539364229203,-0.8066309468297321,-1.2013878669017553
1.5297135461052334,1.2445180750520395,-1.2633404411380296,-1.2476234087578915,-1.3431463434177626,-1.550214430212403,-1.5889729372469201,-1.4020470667064373,0.6606989887762134,0.3948827712402778,0.10266804300760457,-0.18893631503554875,-0.39630958692494955,-0.6334384055534477,-0.9226012828385208,-0.9969138534125745
1.627706878916601,1.20517811522142,-0.9360005096145434,-1.1761811791906407,-1.174044883527321,-1.431010733315218,-1.229741163321016,-1.1766389568327806,0.9581307810132227,0.6118982910080346,0.16525990482681552,0.055851048355365585,-0.2369740500668276,-0.4444999145036084,-0.5996865351890541,-0.9620938352165211
1.6530372417816788,1.4844224769267944,-1.0089397472621764,-1.2979500319998696,-1.1589382213367028,-1.464123316096675,-1.3849277840064618,-1.4094951841346397,1.084782595338611,0.6743086428864489,0.1782302713541144,0.0743147465883438,-0.1873814721683318,-0.6752198461421468,-0.7843235175188372,-0.818351655584574
1.6258757683480412,1.3847795434876633,-1.1993752463923988,-1.222416721046777,-1.4181929593352987,-1.1760285866432607,-1.4491692464534358,-1.327400393644207,1.1072136998034687,0.7203915921952047,0.17807767880673442,-0.13015926690083734,-0.3318866145371788,-0.584885058093195,-0.6991768760808048,-0.834679058154232
1.7421512894515905,1.3397647420105674,-1.212650798014458,-1.3373189092239066,-1.3797396373955424,-1.4099529617767796,-1.2085307992351977,-1.2257737570891365,0.8606241432374118,0.5415531266658609,0.1992880428925523,-0.08972224184514088,-0.18967036037903195,-0.6691161442469475,-0.7968361064039957,-1.0315234442744146
1.847440147143781,1.335034373041788,-0.9689604998486203,-1.084930835857409,-1.2074626514035378,-1.4032388896920605,-1.367227048510383,-1.3452537216876657,0.9210507919998863,0.705590115099346,0.34776059149327887,-0.14938592787071547,-0.14145111540695599,-0.6384450422235703,-0.8871708944529475,-0.9569056886056009
1.6234342875899614,1.2471410657509159,-1.0161115969890355,-1.3248063203387472,-1.3129041016431087,-1.4494744315481958,-1.2598018951548733,-1.2349293099319354,0.9938374371001393,0.4945546220728252,0.387434653812075,0.07095771054598421,-0.3428732779485375,-0.5798495040296556,-0.8497857203448511,-0.850396090534371
1.6760787164360567,1.4806076632422944,-1.142153041124904,-1.2967292916208297,-1.2677367076186323,-1.3609707540678038,-1.3644803826575433,-1.214024130940878,0.999941138995339,0.6415012451997519,0.22797544179998974,-0.08667039089754125,-0.2360584947825477,-0.6193709738010726,-0.7466331583159809,-1.004514563388157
1.6225187323056816,1.20517811522142,-1.0872197240681096,-1.2825381847144914,-1.4168196264088788,-1.3319781700656064,-1.3145826196642885,-1.4348255469997175,0.9645396680031819,0.6685101260860091,0.4129176092245328,0.11993991825495964,-0.1628140720401543,-0.585342835735335,-0.6341724508969309,-0.8276598009747529
1.7792312784649271,1.3934773186883227,-0.9569056886056009,-1.069213803477271,-1.1902196935495999,-1.3003915127579493,-1.2120404278249373,-1.245153010606395,0.9036552415985675,0.7239012207849442,0.2063073000720319,-0.13000667435345736,-0.2766481123856237,-0.5696258033551969,-0.6762879939738067,-0.906550147970206
1.8492712577123407,1.258738099351795,-1.0341175175798742,-1.1108715689120068,-1.3156507674959483,-1.2105145023511374,-1.439250730873737,-1.2509515274068344,1.0123011353331175,0.7199338145530647,0.1806717521121941,0.11765103004425992,-0.3555384593810764,-0.5917517227252951,-0.6564509628144091,-0.8688597887673497
1.7093438917648935,1.2921558672280118,-0.9918493819556176,-1.2915411450099104,-1.2315722738895758,-1.2759767051771522,-1.2718567063978918,-1.1784700674013404,0.951416708928503,0.6701886441071889,0.3047294931321227,0.029452537658627875,-0.21469553814934939,-0.5595546952281181,-0.6903265083327659,-0.8452079439234517
1.5979513321775038,1.1999899686105002,-1.205631540834978,-1.1880833978862801,-1.2990181798315295,-1.3412863154557861,-1.390878893354281,-1.3371663166765266,0.9356996765483645,0.7274108493746838,0.13001102638203887,0.02136513264748885,-0.41825399635425065,-0.5334613696261403,-0.738545753304841,-0.8325427624909123
1.7026298196801741,1.4420017487551582,-1.0660093599822913,-1.2314196813421958,-1.414530738198179,-1.4452018402215563,-1.2959663288839298,-1.3818759330588621,1.0214566881759168,0.6201382885665536,0.17960360428053423,-0.0027444898385491356,-0.29251773731314223,-0.6874272499325462,-0.7188613146928233,-0.955684948226561
1.74733943606251,1.1679455336607032,-1.1911352488338798,-1.1706878474849614,-1.4223129581145582,-1.1830478438227408,-1.2170759818884775,-1.1754182164537408,0.9932270669106193,0.5914508896591162,0.33448503987122,-0.014646708534187702,-0.4380910275136487,-0.6727783653840671,-0.6184554185167928,-0.8305590593749725
1.780146833749207,1.2556862484041953,-1.1392537827246842,-1.2344715322897954,-1.2271470900155563,-1.4687010925180743,-1.327552986191587,-1.351204831035485,0.8517737754893724,0.5351442396759016,0.3218198584386811,-0.12375037991087767,-0.4428213964824286,-0.479748792948385,-0.907160518159726,-1.0264878902108752
1.7606149876845687,1.3483099246638468,-1.020994558505195,-1.1937293221393395,-1.206394503571878,-1.198154506013359,-1.2562922665651337,-1.1757234015485007,1.0020774346586587,0.6343293954728924,0.20203470874539242,0.060581417324145015,-0.1934851740635315,-0.7005502090072246,-0.8493279427027112,-0.9280656971507835
1.74718684351513,1.3922565783092828,-1.011991598209776,-1.2244004241627167,-1.422923328304078,-1.4105633319662996,-1.4003396312918408,-1.2108196874458974,0.9398196753276244,0.49836943575732473,0.2565102481600472,-0.03417855459882624,-0.28916070127078264,-0.6912420636170458,-0.7165724264821236,-0.7989724020673155
1.7850297952653666,1.3739454726236842,-1.165652293421422,-1.269720410734572,-1.1377278572508844,-1.3518152012250049,-1.237370790690015,-1.1764863642854007,0.9395144902328645,0.7004019684884262,0.2751265389404054,-0.10513408913051947,-0.3530969786229967,-0.6350880061812108,-0.7002450239124647,-0.8430716482601319
1.793117200276506,1.3579232551487856,-1.2253159794469966,-1.302985586063409,-1.3216018768437676,-1.4371144352104173,-1.238438938521675,-1.4130048127243793,1.0419040895248348,0.7150508530369049,0.3433354076192594,-0.13763630172245644,-0.3456199438013776,-0.6044169041578336,-0.7238968687563627,-0.8679442334830689
1.7523749901260495,1.2240995910965382,-1.036711590885334,-1.2897100344413506,-1.1685515518216416,-1.4126996276296193,-1.1798434003277602,-1.3438803887612458,0.9414981933488042,0.455643522490929,0.13046880402417882,-0.0668333597381432,-0.3764436383721348,-0.5233902614990606,-0.8557368296926704,-0.8468864619446315
1.5921528153770643,1.3055840113974506,-0.9607205022901004,-1.1503930386834238,-1.2077678364982978,-1.2189070924570373,-1.456646281275055,-1.237981160879535,1.0741011170220118,0.6120508835554146,0.27619468677206527,-0.04089262668354543,-0.2169844263600491,-0.43030880759726964,-0.8215560990795536,-0.8812197851051282
1.6788253822888963,1.225625516570338,-1.0859989836890689,-1.3226700246754275,-1.3165663227802282,-1.2524774528806342,-1.3939307443018807,-1.2724670765874118,1.0040611377745985,0.5880938536167566,0.1791458266383943,-0.08285557721304171,-0.3132703237568202,-0.44037991572434887,-0.7161146488399837,-0.8635190496090495
1.802577938214065,1.4352876766704386,-1.0406789971172135,-1.2245530167100966,-1.4323840662416378,-1.4290270301992773,-1.4604610949595545,-1.1944922848762394,0.8119471206231963,0.6386019867995318,0.28336653649892485,-0.05371040066346433,-0.3984169651948526,-0.7080272438288437,-0.8174361003002941,-1.0396108492855536
1.6652446455720775,1.1514655385436647,-1.0061930814093367,-1.3158033600433283,-1.3653959379418232,-1.4456596178636962,-1.2804018890511717,-1.1847263618439206,0.9820878109518802,0.7074212256679058,0.16648064520585537,0.08530140999970293,-0.2046244300222706,-0.4890569383385639,-0.7972938840461357,-1.0707397289510707
1.6677264050997607,1.3941279676474458,-1.227717181435473,-1.2612875418590699,-1.2109320012236742,-1.3430771472547427,-1.2457231020263118,-1.2185616285926741,0.7906244427596012,0.465602316840231,0.22786312802221298,0.011029118195252874,-0.17559156725046998,-0.5038181366648198,-0.7346906608507382,-0.8965913536209031
1.596618278020687,1.4225101814601233,-1.2298534770987928,-1.0940461099306056,-1.163475718988499,-1.469728961580131,-1.4303600843560949,-1.3310223360117233,0.8905725612934923,0.5461711818568635,0.3731312331279595,-0.026356055912843512,-0.380981136023931,-0.5001559155277002,-0.6298595808006882,-0.9986757678181144
1.7136567618611362,1.174852477062406,-1.1259379523330226,-1.1759883078736575,-1.3264445595903238,-1.2416031032470514,-1.3999941674274776,-1.276089018954929,0.8029844390973802,0.48498157035748957,0.20588980119949518,-0.06343604492618038,-0.32604781896713586,-0.7142432595018207,-0.8137336003935713,-0.8604269198918466
1.7417337905790538,1.304708734882774,-1.132041654228222,-1.2617453195012098,-1.2264964410564332,-1.2066594098970347,-1.2264964410564332,-1.3911437996794378,0.9021695948943709,0.5565474750787027,0.1121979771081838,-0.08678270467531801,-0.2654685776572814,-0.6339795795799477,-0.8624106230077864,-1.0316357580521913
1.652467150361762,1.4183901826808634,-1.0793972253821265,-1.3607778827508206,-1.4257823079346945,-1.2068120024444147,-1.300046048893586,-1.3592519572770208,0.8034422167395201,0.6116333846828779,0.24922608465541085,0.004009861015773719,-0.41638260701608765,-0.4620077786827035,-0.9091039425060625,-0.9905883628069745
1.554350142396431,1.3126435473465334,-1.1267009150699225,-1.0999972192784249,-1.2342786609728122,-1.2400771777732515,-1.2412979181522914,-1.3714593610674202,1.0507947360424774,0.4147889985626958,0.13264537845710178,-0.1659782367655307,-0.469942591146463,-0.4774196259680821,-0.856764698754727,-0.9063572766532229
1.5798330978088886,1.3120331771570135,-0.9727350347635166,-1.1862120085481171,-1.2220712571824137,-1.4241037899135147,-1.2141364447186547,-1.1891112669483368,0.9044584831050706,0.5820304304911605,0.3238438403242241,-0.20900933512668685,-0.304532269786558,-0.6986788196690616,-0.7909973108339532,-1.0009646560288141
1.772862670244571,1.4069457416273647,-1.1688164581467984,-1.268611984133309,-1.2326001429516324,-1.357268254161081,-1.437989711725094,-1.3070653060730661,0.9287206981384886,0.5180941531389465,0.21763942734775377,-0.13805380059499317,-0.39761372368834946,-0.5459336797416956,-0.7914550884760931,-0.9126135710958021
1.6762715877530399,1.2903650354290552,-1.131431284038702,-1.1010653671100847,-1.3941956506270374,-1.2823453133975082,-1.4007571301643775,-1.4151008296180958,0.7785696315165822,0.554258586868003,0.3297949496720438,-0.028187166481403292,-0.43881371148094583,-0.6037662551987104,-0.7456773242620978,-0.8576802540390069
1.7194552786615758,1.2955531820399746,-1.0542194550644286,-1.1051853658893442,-1.333158631675043,-1.4485185974943127,-1.470491924317031,-1.2612875418590699,0.8879784879880321,0.4857445330943895,0.08442613348502626,0.020032078490672234,-0.34222262898941436,-0.4832181427685214,-0.760478801357956,-0.993640213754575
1.6060790159582463,1.2340583854458407,-1.1213601759116232,-1.1321942467756019,-1.1863646010954971,-1.1736994196629578,-1.2089482981077344,-1.2141364447186547,0.857154793417275,0.5087860077487671,0.10166909133896462,-0.0818997431591586,-0.35855003155907283,-0.5849973718709718,-0.6750269748251636,-1.0807705583085463
1.7011441729759775,1.3327857636006915,-1.019275761714412,-1.3258341894008039,-1.413117126502156,-1.2072697800865546,-1.2832608686817881,-1.325223819211284,0.8399118355633366,0.6587844818232935,0.2847801481949479,-0.07213382012683933,-0.28820486721689953,-0.5611929344796946,-0.7732965753378744,-1.0455216798637696
1.7185397233772959,1.3715442706352077,-1.2493853231634313,-1.1846860830743173,-1.4085393500807566,-1.292874199166727,-1.1788875662738771,-1.291806051335067,0.8313666529100576,0.5473919222359038,0.3082794004914655,-0.20183748539982727,-0.49328925089560105,-0.47833518125236196,-0.6965425240057419,-0.9426743029296594
1.5090301558245751,1.3202731747155325,-1.1408920219762608,-1.324613449021764,-1.4152534221654758,-1.3302593732748234,-1.4115912010283562,-1.3186623396739448,0.8553236828487152,0.6001889436293788,0.10487353483394424,0.002483935541973903,-0.21053526060048666,-0.4797085141787818,-0.7552906547470366,-0.9176491251593415
1.5468731075748117,1.3773427874356474,-1.0627646377177085,-1.341398629233563,-1.4364637862512941,-1.3381941857385833,-1.2406875479627715,-1.1814816395793377,0.8515088691642156,0.5940852417341795,0.35314160942118145,-0.023151612417863898,-0.3634329930752327,-0.44781667177636475,-0.8428787769431487,-0.8694298801872664
1.618591604843405,1.106185830741412,-1.0366713121157307,-1.2736475381968484,-1.347960108770902,-1.4169319401866556,-1.1811764544845778,-1.388854911468738,0.8640214580493746,0.5948482044710794,0.26509570958292983,-0.042988643577261954,-0.3748774341287313,-0.566838858732754,-0.8471513682697882,-1.0125616896296927
1.608978274358466,1.2734272626698768,-1.1492846120821607,-1.2640342077119096,-1.3110327123049457,-1.4108282382914563,-1.315915673821105,-1.3450608503706825,0.9273473652120687,0.3946467823085378,0.17369277370231817,-0.183831564808989,-0.37976039564489117,-0.6854032680470032,-0.7630728746634157,-0.9400802296241997
1.6896997319224785,1.1858391404737647,-1.0649009333810282,-1.2231394050140736,-1.285091979250348,-1.470491924317031,-1.4086919426281366,-1.4118963861231162,0.9555769864773662,0.4495800993653325,0.22038609320059388,0.0021787504472139396,-0.43759297110190554,-0.5788936699757725,-0.8054936028350523,-1.0858061123720857
1.6066893861477662,1.1284643426588903,-1.0377394599473906,-1.0916046291725259,-1.4395156371988937,-1.4154060147128558,-1.316068266368485,-1.37206973125694,0.9281103279489686,0.41677270167863556,0.2422068274759317,-0.22487896005420538,-0.3442063321053541,-0.5116003565811988,-0.921311346296461,-0.8868254305885843
1.4669146127476989,1.2012509877591433,-1.1244120268592228,-1.1018283298469846,-1.3667289920986398,-1.2968416053986065,-1.4009097227117575,-1.2911956811455472,0.7787222240639622,0.392663079192598,0.25990756297201,-0.054890862272900964,-0.3454270724843944,-0.5999514415142109,-0.9022372778739634,-0.8460832204381283
1.6268316024019243,1.3578109413710089,-0.9968446572495546,-1.1416549847131607,-1.3941956506270374,-1.3594045498244007,-1.4436356359781533,-1.1804134917476778,0.8820273786402129,0.6499341140752541,0.06489428742038816,-0.09059751835981755,-0.348784108526754,-0.4745203675678624,-0.7974061978239124,-0.9948609541336149
1.6788656610584995,1.1414347091861892,-1.2544208772269707,-1.316220858915865,-1.1978090421489958,-1.404877128943637,-1.3555897361399012,-1.2589986536483702,0.7416422350506258,0.47475786968303035,0.30721125265980564,-0.20992489041096674,-0.3361189270942151,-0.7424728807671173,-0.7252299229131793,-0.8552387732809272
1.5400064429427123,1.2238346847713815,-1.1366194306496213,-1.3101171570206658,-1.413269719049536,-1.3534534404765814,-1.2915008662403071,-1.316373451463245,0.9770925356579441,0.6053770902402982,0.28264385253162816,-0.12844047011005433,-0.4761988855890422,-0.550664048710475,-0.6869291935208031,-0.9025424629687233
1.6384286360028033,1.3420939089908703,-1.0352979791893109,-1.2507586560898512,-1.349486034244702,-1.2069645949917946,-1.4613363714742311,-1.275173463670649,0.8119873993927995,0.5682971012269618,0.22053868574797386,0.03803799908151051,-0.3376448525680149,-0.5471544201207355,-0.6777736406780033,-1.0282787220098317
1.6016538320842266,1.2360420885617804,-1.107626846647424,-1.3703912132357603,-1.2004031154544554,-1.3113378973997056,-1.3433823323495027,-1.1537097959561802,0.9606125405409056,0.5165682276651467,0.27074163383598915,-0.1890197114199088,-0.5001559155277002,-0.7447617689778179,-0.800915826413652,-1.1016757372996047
1.6433115975189627,1.2859398515550358,-1.0879424080354063,-1.3684075101198205,-1.2582356909114703,-1.4186104582078354,-1.2966890128512265,-1.3281230776115036,0.816565175814199,0.3673327163275202,0.09190316830664536,-0.11302862282467574,-0.26867302115226144,-0.48260777257900145,-0.7787899070435547,-0.9332135649921005
1.5512982914488314,1.3501813140020098,-1.0008120634814341,-1.2744105009337492,-1.4250193451977946,-1.2499956933529512,-1.1733942345681978,-1.2950104948300467,0.7392007542925461,0.4387460285013538,0.23854460633881214,-0.2256419227911053,-0.4847440682423212,-0.4894744372111006,-0.6663291996245047,-0.8364698899531886
1.4751546103062183,1.1025236096042925,-1.2733423531020884,-1.1102209199528836,-1.3262919670429438,-1.358031216897981,-1.3313275211064832,-1.1341779498915416,0.7417948275980057,0.5879815398389798,0.24831052937113096,-0.06831900644233979,-0.33886559294705476,-0.7456773242620978,-0.9629691117311978,-0.9911987329964944
1.5129975620564546,1.2696124489853773,-1.0478105680744694,-1.1523364630297603,-1.3221719682636843,-1.2893645705769874,-1.2464860647632117,-1.1704949761679782,0.9787710536791239,0.5486126626149437,0.3299475422194238,0.004620231205293646,-0.48428629060018125,-0.7458299168094777,-0.9254313450757206,-1.1050327733419643
1.6001279066104268,1.2683917086063374,-0.993640213754575,-1.2951630873774267,-1.421357124060675,-1.3470445534866222,-1.4254771228399346,-1.3374312230016834,0.7332496449447263,0.5681445086795818,0.05070318051404943,-0.23617080856032446,-0.4481218568711247,-0.6611410530135853,-0.7804684250647345,-0.9768550335427761
1.695193063628158,1.3439250195594306,-1.0208016871882117,-1.3122534526839855,-1.3923645400584777,-1.3528430702870615,-1.4181526805656954,-1.138755726312941,0.7047148385846693,0.5452556265725836,0.32338606268208414,-0.2579915428356623,-0.24441080611884347,-0.7024936333535612,-0.9364180084870801,-1.058339453843689
1.6687945529314205,1.106643608383552,-0.9915039180912544,-1.1202920280799633,-1.1769038631579374,-1.2101690384867743,-1.429902306713954,-1.4108282382914563,0.7959651819179006,0.3677904939696601,0.2946986637746467,-0.228083403549185,-0.4870329564530209,-0.4823025874842415,-0.8970491312630431,-0.9173439400645815
1.490413865044217,1.0700213970123555,-1.1329572095125018,-1.340330481401903,-1.301724566914766,-1.4665245180851514,-1.2345838460675722,-1.2863127196293878,0.9017118172522309,0.5495282178992236,0.23167794170671252,-0.0765590040008588,-0.40112335227808904,-0.47696184832594213,-0.872939508777006,-1.0000491007445342
1.7160982426192162,1.187670251042325,-1.2501482859003312,-1.1611868307777993,-1.1918579328011765,-1.4753748858331903,-1.1862120085481171,-1.1550831288826,0.7945918489914807,0.4685015752404511,0.21000979997875469,-0.05855308341002052,-0.336881889831115,-0.49008480740062055,-0.6944062283424222,-1.0934357397410857
1.575865691577009,1.1914850647268245,-1.1378401710286612,-1.301114196725246,-1.3824460244787788,-1.4598104460004313,-1.4323437874720346,-1.1280742479963424,0.9139192210426299,0.5040556387799877,0.3015653284067463,-0.11714862160393524,-0.380981136023931,-0.5141944298866585,-0.8241098936154101,-0.8875883933254842
1.5613693995759104,1.228412461192781,-0.993335028659815,-1.2710534648913887,-1.2312268100252126,-1.2736475381968484,-1.4262400855768345,-1.2988253085145463,0.7526288984619849,0.5740956180274011,0.16118018481715923,-0.14537824286923273,-0.469789998599083,-0.6937958581529022,-0.969377998721157,-1.138755726312941
1.5133027471512146,1.2987576255349547,-1.2292431069092729,-1.1369246157443813,-1.4315808247351347,-1.2652549480909494,-1.2390090299415917,-1.4068608320595768,0.8449473896268764,0.47323194420923054,0.1146394578662635,-0.24898858254024292,-0.5012240633593601,-0.687692156257703,-0.7949647170658327,-0.9312298618761607
1.7084686152502169,1.292959108734515,-1.0855009272773257,-1.1816342321267177,-1.4248667526504146,-1.3391097410228632,-1.37268010144646,-1.3992312046905777,0.8536451648275354,0.509701563033047,0.14637870772130057,-0.10921380914017575,-0.44796926432374473,-0.5309796100984574,-0.9350446755606603,-0.9402328221715797
1.5482464405012315,1.3294287275583319,-1.1422653549026807,-1.268306799038549,-1.3125586377787455,-1.2185616285926741,-1.3723749163517,-1.3938904655322775,0.957560689593306,0.3433756863888626,0.08671502169572598,-0.14446268758495284,-0.46948481350432303,-0.598730701135171,-0.7060032619433008,-0.9942505839440949
1.5451945895536319,1.1919428423689644,-1.0319409431469513,-1.1024387000365046,-1.3691704728567204,-1.308896416641626,-1.4389052670093738,-1.341398629233563,0.8397592430159566,0.5229771146551059,0.09892242548612495,-0.2740137603105608,-0.4247751971219871,-0.6672447549087845,-0.9193276431805213,-0.93763874886612
1.4110657404066242,1.2674761533220575,-1.0522357519484888,-1.0941987024779856,-1.2541156921322107,-1.4587422981687714,-1.341093444138803,-1.2879912376505676,0.7741444476425627,0.42318158866859523,0.2678423754357695,-0.17925378838758954,-0.28454264607977997,-0.7772639815697548,-0.6934906730581423,-0.8932343175785435
1.4441783231880811,1.0831443560870344,-1.0783290775504666,-1.1213601759116232,-1.325223819211284,-1.2234445901088336,-1.4288341588822941,-1.3381941857385833,0.91330885085311,0.38289715616027875,0.18605277004009668,-0.16704638459719057,-0.5439499766257558,-0.5961366278297113,-0.8665306217870459,-0.9243631972440607
1.5165071906461947,1.1441813750390288,-1.275326056218029,-1.091452036625146,-1.2504534709950912,-1.3273601148746037,-1.2446549541946519,-1.316678636558005,0.8760762692923936,0.542356368172364,0.04246318295552998,-0.23189821723368453,-0.5352522014250969,-0.5807247805443323,-0.8090032314247919,-0.9977602125338345
1.5619797697654303,1.171190255925286,-1.010883171608513,-1.204370521686335,-1.3204934502425045,-1.2261912559616732,-1.437074156440814,-1.3313275211064832,0.8351814665945572,0.5806570975647407,0.20939942978923476,-0.018421243449084468,-0.33978114823133465,-0.7395736223668976,-0.9361128233923202,-0.946183931519399
1.4635575767053393,1.0376717769677986,-1.0679527843286278,-1.3150001185368252,-1.3615408454877205,-1.469728961580131,-1.172631271831298,-1.1353986902705815,0.80451036457118,0.3532942019685614,0.22984683113815274,-0.28408486843764,-0.3013278262915784,-0.5952210725454314,-0.72004177630226,-1.0307202027679114
1.5401590354900923,1.107406571120452,-1.0566609358225092,-1.195672746485676,-1.4477556347574128,-1.2638816151645296,-1.2486223604265314,-1.2901275333138873,0.8263310988465178,0.5292334090976851,0.20527943100997526,-0.16155305289151123,-0.5375410896357966,-0.647407723749386,-0.9033054257056232,-1.0029483591447539
1.5354286665213128,1.0726154703178152,-1.0275157592729318,-1.098166108709865,-1.413269719049536,-1.4338697129458344,-1.2055912620653748,-1.3273601148746037,0.8595962741753551,0.5295385941924451,0.08305280055860642,-0.1208108427410548,-0.4531574109346641,-0.534489238688197,-0.9098669052429624,-0.9678520732473572
1.4040464832271446,1.1902643243477846,-1.2832608686817881,-1.1172401771323628,-1.2652549480909494,-1.3862608381632784,-1.2394668075837316,-1.212000149055335,0.6667192942870526,0.36351790264302064,0.14393722696322087,-0.1327130614366938,-0.35259892221125355,-0.49740924967486055,-0.7588002833367762,-1.0467424202428095
1.4998746029817762,1.1206821227425108,-1.291958643882447,-1.1520312779350004,-1.2965364203038465,-1.4712548870539308,-1.4147956445233358,-1.3044712327676056,0.901406632157471,0.3671801237801402,0.2898157022584873,-0.23006710666512475,-0.35183595947435364,-0.7407943627459375,-0.8767543224615055,-1.0385024226842905
1.56350569523923,1.1647813689353268,-0.9989809529128744,-1.1694268283363183,-1.2972993830407464,-1.445924524188853,-1.1761409004210375,-1.123038693932803,0.8959133004517916,0.3400186503465026,0.23045720132767267,-0.17147156847121003,-0.4914581403270404,-0.4961885092958207,-0.7093602979856604,-0.9832639205327354
1.509182748371955,1.1008450915831127,-1.2397719926784916,-1.1660697922939587,-1.268306799038549,-1.3360578900752627,-1.2615927269538298,-1.4064030544174368,0.6488659662435943,0.4836082374310693,0.271962374215029,-0.002856803616325898,-0.5488329381419152,-0.6843351202153434,-0.9351972681080403,-1.1245646194066028
1.6129456805903457,1.1229710109532105,-1.1526416481245203,-1.130820913849182,-1.2333631056885324,-1.3990786121431977,-1.4152534221654758,-1.3768001002257195,0.7124970585010484,0.5376259992035846,0.0038572684683937375,-0.02055753911240421,-0.4508685227239644,-0.5778255221441126,-0.8769069150088855,-0.9713617018370968
1.4997220104343962,1.2783102241860362,-1.2902801258612673,-1.307675676262586,-1.3511645522658817,-1.1860594160007372,-1.3987734270484369,-1.4012149078065175,0.8803488606190331,0.41845121969981536,-0.013690874480304593,-0.1336286167209737,-0.3863218751822304,-0.7635306523055556,-0.7150062222387206,-1.0613913047912886
1.5310034826472931,1.2041502461593634,-1.033619461168131,-1.2579305058167103,-1.4288341588822941,-1.3047764178623655,-1.404724536396257,-1.15523572142998,0.674654106750812,0.5565474750787027,0.13798611761540114,-0.12599898935197462,-0.3182655990507568,-0.7049351141116409,-0.9992861380076343,-1.122733508838043
1.4923975681601567,1.065596213138336,-1.1030490702260245,-1.3226297459058243,-1.333158631675043,-1.2817349432079883,-1.269069761775449,-1.3847349126894786,0.7340126076816267,0.433252696795674,0.2234379441481935,-0.21953822089590602,-0.3971559460462095,-0.5048862844964797,-0.961748371352158,-0.93733356377136
1.380852416025387,0.9937251233223625,-1.2719690201756686,-1.3853452828789985,-1.404419351301497,-1.325223819211284,-1.1830075650531375,-1.1685112730520384,0.9001858917784311,0.41921418243671527,0.0406320723869702,-0.13637528257381337,-0.4720788868097827,-0.5679070065644138,-0.7296551067871988,-0.9025424629687233
1.5924982792414275,1.1219028631215506,-1.0786342626452265,-1.1346357275336816,-1.3677971399302997,-1.3870238009001783,-1.2063542248022747,-1.1810238619371978,0.7068511342479891,0.31117865889168517,0.20848387450495487,-0.2613485788780219,-0.5047336919490997,-0.6629721635821451,-0.8367750750479495,-1.0940461099306056
1.6098938296427459,1.0245488178931197,-1.138755726312941,-1.2260386634142932,-1.3467393683918623,-1.4257823079346945,-1.3789363958890393,-1.2547260623217307,0.7657518575366637,0.5699756192481416,0.2542616387189507,-0.10417825507663636,-0.380981136023931,-0.7855039791282739,-0.8369276675953294,-0.9286357885707002
1.389550191226046,1.2534376389630988,-1.1579823872828197,-1.1454697983976603,-1.3748163971097798,-1.3687126952145805,-1.2345838460675722,-1.2426712510787112,0.8554762753960952,0.5574630303629826,0.0009580100681740866,-0.06252048964190005,-0.3234537456616762,-0.5204507243292378,-0.9165809773276816,-0.9260417152652405
1.5497723659750313,1.2761739285227165,-1.2448075467420319,-1.2709008723440087,-1.2081853353708345,-1.3749689896571597,-1.4122015712178762,-1.2805142028289485,0.7079192820796489,0.37465715860175974,0.05543354948282886,-0.18428934245112893,-0.4041752032256887,-0.8044254550033916,-0.8061039730245723,-0.8723291385874861
1.4577590599049,1.0131043768396206,-1.122733508838043,-1.3351423347909828,-1.3389571484754832,-1.1970460794120958,-1.3688652877619605,-1.1497423897243007,0.7961177744652805,0.29897125510128664,0.19505573033551604,-0.12996639558385414,-0.35763447627479295,-0.5883544079133323,-0.7935913841394129,-0.9812802174167956
1.5169649682883346,1.175157662157166,-1.1425705399974406,-1.2889067929348474,-1.3066075284309262,-1.3442978876337826,-1.292569014071967,-1.139976466691981,0.7221103889859877,0.5214511891813061,0.15553426056409947,-0.03520642366088289,-0.29201968090139907,-0.6997469675007215,-0.9370283786766,-0.9579335576676575
1.5552656976807109,1.2009458026643833,-1.195214968843536,-1.2620505045959698,-1.3110327123049457,-1.2449601392894118,-1.3145423408946852,-1.1109838826897835,0.9040007054629307,0.2846275556475679,0.11875945664552301,-0.17345527158715024,-0.5027499888331599,-0.8054936028350523,-0.8761439522719856,-1.1605764605882793
1.6117249402113056,1.0945887971405335,-1.1244120268592228,-1.227259403793333,-1.4250193451977946,-1.308591231546866,-1.3214090055267844,-1.3558949212346612,0.663514850792073,0.32002902663972455,-0.00026273031086576637,-0.3184181915981368,-0.38479594970843056,-0.5743158935543731,-0.8454728502486084,-1.0630698228124684
1.5248997807520936,1.163408036008907,-1.1384505412181811,-1.2620505045959698,-1.4070134246069568,-1.388854911468738,-1.3677971399302997,-1.3629141784141403,0.8136659174139793,0.4854393479996295,0.23488238520169258,-0.3062107878077378,-0.34496929484225447,-0.5390670151095964,-0.8874358007781042,-1.017902428787992
1.4193057379651433,1.1548628533556275,-1.0235483530410514,-1.2113897788658141,-1.412811941407396,-1.3456712205602024,-1.1897216371378567,-1.2788356848077687,0.8464733151006762,0.40227640967753686,0.1681994419966384,-0.29827597534397876,-0.4140937188053879,-0.5595144164585149,-0.9632742968259578,-1.018055021335372
1.5937190196204674,1.1943843231270441,-1.1558460916195,-1.2498431008055713,-1.2089482981077344,-1.308133453904726,-1.2155097776450745,-1.2704430947018688,0.6195681971466369,0.3937312270242579,0.040326887292210234,-0.1440049099428129,-0.36053373467501304,-0.6844877127627234,-0.7668876883479152,-0.9603750384257372
1.5087249707298152,1.2229191294871016,-1.1138831410900032,-1.2446549541946519,-1.1846860830743173,-1.3365156677174026,-1.179650529010777,-1.187737934021917,0.8447947970794965,0.32155495211352436,-0.024982722986423678,-0.24273228809766367,-0.401581129920229,-0.8144965631304713,-0.7371321416088179,-0.9069676468427428
1.4734760922850385,1.034314740925439,-1.2916534587876871,-1.3177467843896649,-1.2643393928066695,-1.3853452828789985,-1.4347852682301143,-1.1262431374277826,0.8751607140081137,0.5240452624867658,0.16682610907021855,-0.30651597290249777,-0.4168403846582276,-0.6648032741507048,-0.969683183815917,-1.0484209382639893
1.3338539114323513,1.2128480213600223,-1.2100164459393943,-1.2086431130129744,-1.3206460427898845,-1.2652549480909494,-1.2640342077119096,-1.389465281658258,0.6918970646047504,0.3534467945159414,0.16880981218615831,-0.22243747929612567,-0.35992336448549267,-0.6268077298530885,-0.7301128844293387,-1.066274266307448
1.5596908815547306,1.0704791746544955,-1.130668321301802,-1.1364668381022414,-1.2863127196293878,-1.2062016322548947,-1.3937378729848975,-1.251369026279371,0.7930659235176809,0.31316236200762537,-0.020099761470264266,-0.3158241182926771,-0.3716729906337517,-0.5317425728353573,-0.9661735552261774,-0.9953187317757548
1.3326331710533115,1.0852806517503542,-1.2670860586595092,-1.163017941346359,-1.2669334661121292,-1.219171998782194,-1.4060978693226769,-1.3191201173160847,0.8800436755242731,0.29530903396416663,0.2325934969909924,-0.11150269735087592,-0.5921692215978318,-0.8120550823723915,-0.8204476724782905,-0.8860624678516844
1.432886474681962,1.1373147104069292,-1.2982149383250263,-1.15493053633522,-1.3534534404765814,-1.3594045498244007,-1.3511645522658817,-1.3951112059113173,0.6456615227486147,0.5188571158758464,-0.020099761470264266,-0.09746418299191717,-0.3733515086549315,-0.6646506816033249,-0.7424728807671173,-1.0676475992338679
1.4275457355236627,1.1478435961761484,-1.0804653732137863,-1.3458238131075824,-1.4347852682301143,-1.3883971338265981,-1.25976161638527,-1.340025296307143,0.8612747921965349,0.3664171610432403,0.18361128928201698,-0.18673082320920864,-0.4920685105165603,-0.7136328893123007,-0.8019839742453119,-0.9095617201482025
1.357658348823629,1.1157991612263514,-1.0603231569596288,-1.3996889823327177,-1.3102697495680458,-1.3366682602647835,-1.2559468027007705,-1.3346845571488428,0.8646318282388945,0.521756374276066,0.0012631951629340499,-0.28027005475314004,-0.5613455270270746,-0.5717218202489134,-0.800458048771512,-1.1849912681690773
1.325461321326452,1.1553206309977675,-1.186822378737637,-1.2725793903651885,-1.4016726854486574,-1.4665245180851514,-1.3694756579514804,-1.243434213815612,0.8469310927428162,0.3076690303019456,-0.02620346336546353,-0.22869377373870492,-0.3442063321053541,-0.6036136626513304,-0.9844846609117752,-1.0328564984312312
1.60349060675119,1.1545633323592712,-0.8031990505259481,-0.9550286351690342,-1.1459219119413966,-1.1128093291599397,-1.1276108062557988,-0.9548760426216543,1.0614818784574798,0.6441412613732185,0.333615427454947,0.12486882263912591,-0.24440514202043984,-0.4676480388373596,-0.7369738849630343,-0.6997413034023179
1.6382817075538267,1.429840287832766,-0.8424153352026051,-1.0169812094053086,-1.189563380492073,-1.029493798290468,-1.149889318173277,-0.9281723468301566,0.8283204660608612,0.5028405624993515,0.30981099006366897,0.10030142251094842,-0.20274737658570396,-0.561034677833911,-0.7725279485025718,-0.8846834708268609
1.5625958040533536,1.3872669671137499,-0.8154064543163475,-0.9457204897788554,-0.9774597396338924,-1.1271530286136588,-1.037733795848987,-1.1305100646560184,0.9455115424486906,0.6688612540487759,0.23900804807935572,0.14165400285092433,-0.28438438943399635,-0.35808658981852926,-0.7259872215516756,-0.778784242945151
1.800029807776612,1.378111414270951,-1.0061471385413299,-0.89231309819586,-0.9481619705369351,-1.0185071348791084,-0.9681515942437136,-0.9831056638869518,0.8942404465290155,0.49536352767773195,0.2707472979343928,0.07222439379303092,-0.17482294041516644,-0.4555932275943402,-0.7481131409217738,-0.7088968562451168
1.6733779934512238,1.156394442927831,-0.8639308843831826,-1.1121989589704198,-1.2255752216737497,-0.9603693743273345,-0.9869204775714513,-0.9025367988703197,1.046832993909001,0.5621990634301657,0.17552954836928158,-0.04740816335287823,-0.27141402290669703,-0.5143413583356349,-0.796027200799089,-0.6805146424324402
1.691536506589442,1.4162595511159473,-0.9155071653976181,-1.028425650458808,-1.1311204348455384,-1.2156567060940509,-1.1199811788867997,-1.0633693438088248,1.0546152138253806,0.6127071966129414,0.4321902130624178,0.1183073431017867,-0.29598142303487496,-0.4224806448128833,-0.747044993090114,-0.940074565525796
1.6378239299116868,1.430298065474906,-1.077560450715163,-0.9939397347509313,-1.0969397042324216,-1.11677673539182,-1.1868167146392334,-1.060622677955985,0.9348300641320915,0.4918538990879924,0.31545691431672873,0.01683329909409581,-0.3072732715409945,-0.5567620865072715,-0.8108286778949481,-0.7371264775104143
1.657050590881565,1.1863025822143083,-1.069473045704024,-1.053756013323886,-0.9777649247286524,-1.1270004360662789,-1.2124522625990712,-1.0726774891990036,0.9583293164286095,0.48346130898209294,0.18331176828566065,0.045673290548913226,-0.21312366980754271,-0.546080608190672,-0.7415516613844346,-0.6872287145171594
1.5426061803465756,1.4248047337692267,-0.8254775624434263,-0.908335315670759,-1.0639797139983447,-1.0038582503306301,-0.9399219729784161,-0.9229842002192372,0.9377293225323111,0.4474494678004164,0.1650006626000624,0.08992512928910923,-0.18382590071058535,-0.4336199007716228,-0.5506583846120714,-0.9339708636305968
1.5250580373978773,1.27694255535802,-0.9074197603864791,-1.0749663774097034,-0.9936345496561714,-0.9614375221589944,-1.143175246088557,-0.9431264164733957,1.0137204111275442,0.45797835356963557,0.3478065343612857,-0.1412525799915696,-0.16383627700380732,-0.33885992884865157,-0.6194776234804458,-0.8122020108213679
1.558628397821474,1.301967733128338,-0.8173901574322873,-1.0510093474710454,-1.0650478618300045,-1.0325456492380676,-1.0391071287754068,-1.0352923150909072,0.9435278393327509,0.5402257366074479,0.3652020847626041,0.12441104499698596,-0.28438438943399635,-0.4212599044338434,-0.6110850333745459,-0.9095560560497988
1.5088832273755988,1.4243469561270867,-0.9095560560497988,-1.0764923028835032,-1.149584133078517,-1.0314775014064077,-1.1004493328221612,-0.9345812338201167,0.8879841520864358,0.7086879089149525,0.1836169533804206,0.058491064528832126,-0.376092510409368,-0.5413502392218925,-0.7838197970086904,-0.9298508648513373
1.6408757808592864,1.2712966311049607,-1.0037056577832502,-0.8959753193329796,-1.1036537763171408,-1.1164715502970601,-1.0680997127776042,-1.0717619339147237,0.9993767116738255,0.7036523548514126,0.2910421067359308,-0.03001261295155988,-0.38204361975718726,-0.5244124664627146,-0.6029976283634069,-0.8552331091825236
1.6057794949618898,1.410918811957648,-1.0964819265902817,-0.9213056821980574,-1.182086345670454,-1.1521782063839767,-0.9632686327275541,-1.0355975001856672,1.0083796719692448,0.6296449693721198,0.38320800535344235,-0.1572747974664681,-0.1688718310673467,-0.4223280522655033,-0.6538109466409425,-0.908335315670759
1.5291780361771368,1.288997366601039,-0.8753753254366821,-0.9947026974878312,-0.9493827109159749,-0.972576778117733,-1.2008552289981917,-1.0349871299961473,1.0120418931063644,0.692665691440054,0.15203029607276353,-0.026960762003959804,-0.24089551343070026,-0.4760406289432586,-0.6533531689988026,-0.9156597579449981
1.5976920899507507,1.366514380670072,-1.029798983385228,-0.9504508587476348,-1.1933781941765726,-1.2423604018855485,-1.2011604140929517,-0.9622004848958943,0.7610271526662875,0.6372745967411189,0.37298430467898314,0.10655771695352767,-0.35152511028119005,-0.4784821097013383,-0.7639827658492919,-0.8689664384467228
1.647437260396626,1.3576640129220325,-0.964184188011834,-1.1776611617964337,-1.036970833112087,-1.020796023089808,-1.0024849174042103,-0.9548760426216543,1.047443364098521,0.6844256938815345,0.3923635581962417,0.07664957766705038,-0.21587033566038238,-0.6367205813343837,-0.8045723834523688,-0.8886508770587405
1.6507942964389857,1.1672285137918101,-1.0111826926048693,-1.0827485973260824,-1.0511619400184253,-1.0233900963952687,-1.0742034146728034,-1.0589441599348053,0.8917989657709353,0.6693190316909159,0.41448947756633947,-0.15880072294026792,-0.22395774067152185,-0.6347368782184439,-0.6644924249575412,-0.8859042112059008
1.60410097694071,1.2275025700069047,-1.0424641648177664,-1.1524833914787367,-0.9670834464120537,-1.1845278264285337,-1.2284744800739693,-0.8903293950799203,1.0309633689814826,0.6778642143441953,0.19002584037038028,0.12090141640724639,-0.35228807301808995,-0.49557247500789714,-0.714695373045557,-0.8251723773486663
1.7154935365280997,1.3366062413835946,-0.8833101379004411,-1.1157085875601593,-0.988904180687391,-1.2200818899680703,-1.0334612045223475,-1.0983130371588414,0.8054315839538635,0.4855976046454127,0.4028924439654604,0.03560218242183444,-0.27690735461237725,-0.5442494976221122,-0.7211042600355162,-0.9867678850240713
1.691841691684202,1.2952536610436183,-1.0230849113005087,-1.1057900719804605,-1.0059945459939499,-1.189868565586833,-1.125016732950339,-0.9277145691880166,1.047290771551141,0.49368500965655215,0.15782881287320327,-0.15712220491908813,-0.3860110259890668,-0.4696317419532994,-0.5572198641494115,-0.7293442575940352
1.526889147966437,1.244898120408223,-0.9293930872091973,-1.0243056516795486,-1.00568936089919,-1.1601130188477358,-1.2200818899680703,-0.8813264347845013,0.9667219065345085,0.5678449876832254,0.16820510609504202,0.07497105964587059,-0.3916569502421261,-0.48809544018627715,-0.6155102172485654,-0.852028665687544
1.687874285452322,1.104512976818636,-0.9594538190430537,-1.101975258295961,-1.1855959742601936,-1.166216720742935,-1.1286789540874587,-0.8820893975214013,1.0405766994664218,0.6746597708492157,0.24282286176385526,0.07634439257229042,-0.343437705270051,-0.40432213167466546,-0.7215620376776561,-0.8579797750353633
1.5041528584068193,1.2088862792265465,-0.9733397408546329,-0.9622004848958943,-1.166216720742935,-1.174761903396214,-1.166369313290315,-1.1364611740038377,0.7991752895112842,0.6197264537924205,0.37451023015278295,-0.15834294529812798,-0.14018443215990972,-0.47558285130111866,-0.5448598678116321,-0.7156109283298369
1.7536416733730962,1.1457129646112323,-1.045821200860126,-1.0832063749682224,-1.0034004726884902,-1.046278978502266,-1.0670315649459443,-0.8961279118803596,0.8142819517019029,0.6851886566184344,0.3264435777280874,0.05223477008625288,-0.2421162538097401,-0.472836185448279,-0.6126109588483457,-0.8216627487589268
1.551151362999855,1.2928121802855386,-0.9795960352972122,-0.9608271519694744,-1.0008063993830305,-1.0980078520640815,-0.9948552900352112,-1.1208967341710796,0.7860523304366054,0.4666761287702945,0.12059623131248642,0.014697003430776068,-0.2846895745287563,-0.5442494976221122,-0.6214613265963855,-0.7641353583966719
1.5351291455249565,1.3562906799956127,-1.0169812094053086,-1.1704893120695745,-1.22252337072615,-1.165758943100795,-1.0578760121031454,-1.1410389504252372,0.9311678429949719,0.4115902191661198,0.22451175607825702,0.0980125343002487,-0.3898258396735663,-0.5767517102140491,-0.7507072142272335,-0.7836672044613104
1.655829850502525,1.3074610648340173,-1.053298235681745,-0.9300034573987173,-1.00523158325705,-1.166979683479835,-1.1189130310551398,-1.0195752827107682,0.9699263500294881,0.6558908875214771,0.23931323317411568,-0.02955483530941949,-0.37883917626220764,-0.4594080412788397,-0.5740050443612095,-0.8375323736864457
1.6623913300398647,1.1205351942935344,-1.0484152741655857,-1.0623011959771649,-1.1715574599012344,-1.0632167512614448,-1.2098581892936116,-0.9156597579449981,0.9137722925936536,0.46225094489627505,0.28707470050405126,-0.16200516643524754,-0.18489404854224523,-0.6455709490824226,-0.6722746448739203,-0.860573848340823
1.5905202402238912,1.1103114936190752,-0.8401264469919054,-0.957470115927114,-1.1413441355199971,-1.1222700670974994,-1.0426167573651464,-1.045821200860126,0.9528359847229297,0.656806442805757,0.29806136391540994,-0.11851629043195144,-0.2659206912010177,-0.6150524396064254,-0.6461813192719426,-0.7290390724992752
1.6500313337020858,1.3694136390702916,-0.8561486644668035,-0.9356493816517766,-1.1450063566571167,-0.980816775676252,-1.0223219485636088,-1.0474997188813058,0.7434790097175892,0.6673353285749761,0.19872361557103924,-0.006055583012901877,-0.21632811330252233,-0.6371783589765236,-0.7288864799518953,-0.8221205264010667
1.5122402634179584,1.2059870208263268,-1.0265945398902483,-1.0091989894889295,-1.1360033963616978,-1.1071634049068804,-1.1601130188477358,-1.1408863578778572,0.7959708460163042,0.660316071395497,0.09862290448976863,-0.18199479014202558,-0.38051769428338744,-0.5328050565686135,-0.6979101928337581,-0.7848879448403503
1.6973350233898814,1.2810625541372795,-0.8967382820698795,-1.1456167268466366,-1.2028389321141315,-0.9634212252749341,-1.1851381966180536,-0.8918553205537201,0.8614330488423185,0.6787797696284752,0.17842880676950124,-0.01627928368736109,-0.1639888695511873,-0.537230240442633,-0.5881961512675487,-0.9908878838033308
1.6620861449451048,1.2461188607872629,-0.9394641953362761,-0.9293930872091973,-1.0821382271365625,-1.0682523053249842,-0.957012338284974,-0.9741027035915328,0.7199797574210711,0.6795427323653751,0.277156184924352,0.04628366073843315,-0.24760958551541945,-0.6626613143889815,-0.8042671983576088,-0.7043190798237173
1.487520270742401,1.2802995914003796,-0.867593105520303,-1.0252212069638285,-1.1706419046169545,-1.1591974635634559,-1.1787293096280944,-1.0322404641433076,0.9679426469135484,0.5705916535360651,0.3795457842163228,0.022631815894535556,-0.2982703112455747,-0.6600672410835218,-0.7330064787311548,-0.7427724017634745
1.4656995364670626,1.2287233103859445,-0.9464834525157553,-1.0400226840596867,-1.1381396920250175,-1.0552819387976857,-1.1088419229280602,-1.143327838635937,0.8049738063117235,0.5492286969028672,0.2040643547293386,-0.16993997889900658,-0.28285846396019654,-0.5825502270144884,-0.6560998348516422,-0.7398731433632539
1.688179470547082,1.2389470110604037,-0.9066567976495792,-0.9856997371924114,-1.239613736032708,-1.2194715197785504,-1.0742034146728034,-0.8802582869528415,0.9226226603416925,0.5385472185862681,0.28982136635689093,-0.07731630263935552,-0.2799592055599769,-0.44750582258320115,-0.6622035367468415,-0.9071145752917191
1.6329409683955274,1.1992729487416072,-0.9559441904533141,-0.9414478984522159,-1.2280167024318294,-1.2211500377997302,-1.0821382271365625,-1.0740508221254235,0.9903737513784066,0.5260346297011091,0.08427920503604991,-0.17024516399376655,-0.29262438699251536,-0.49877691850287675,-0.7598627670700324,-0.7970953486307488
1.551609140641995,1.0756729853638185,-0.9922612167297515,-1.0163708392157886,-1.0667263798511843,-1.198566340787492,-0.9333604934410769,-1.0758819326939832,0.744699750096629,0.6003472002751624,0.23092064306821625,-0.00727632339194173,-0.3608332556713689,-0.56973245303457,-0.6898227878226191,-0.7656612838704717
1.4580699090980636,1.2496284893770024,-1.0163708392157886,-1.0120982478891491,-1.0417012020808665,-1.2217604079892501,-0.9339708636305968,-1.1202863639815597,0.7750656670252463,0.3887013370591217,0.35680949465670464,0.0026421921877575194,-0.37380362219866825,-0.6455709490824226,-0.6376361366186636,-0.7346849967523346
1.6143246776151692,1.0556833616570405,-0.9438893792102956,-0.9847841819081316,-0.9744078886862928,-1.254262620581187,-1.1085367378333002,-1.0870211886527228,0.9127041447619937,0.595311646211623,0.15965992344176305,-0.16169998134048758,-0.18291034542630547,-0.5253280217469944,-0.7459768452584541,-0.7540642502695931
1.519717298239578,1.2188047948062453,-1.0175915795948285,-0.908487908218139,-1.2341204043270286,-1.1163189577496802,-1.0119456553417692,-1.0638271214509647,0.7170804990208515,0.6375797818358788,0.19551917207605962,-0.09700074125137359,-0.3138347510783337,-0.38540065579954685,-0.6271072508494449,-0.964489373106594
1.5972343123086108,1.191795913919988,-1.021101208184568,-0.9365649369360565,-1.0507041623762854,-1.0470419412391658,-1.0426167573651464,-1.0093515820363095,0.8644848997899182,0.4848346419085128,0.26662729915513284,-0.13774295140182957,-0.279196242823077,-0.44079175049848196,-0.6760894585584198,-0.9603693743273345
1.5812120948337123,1.2926595877381586,-0.989667143424291,-1.0653530469247645,-1.0264419473428683,-1.0670315649459443,-1.0545189760607858,-1.0149975062893688,0.9342196939425715,0.39511022404908136,0.20833694605597852,-0.11821110533719148,-0.19099775043744494,-0.6087961451638462,-0.68188797535886,-0.9515190065792947
1.6054743098671298,1.2429144172922832,-1.0243056516795486,-1.0957189638533817,-1.149431540531137,-1.2408344764117478,-1.069473045704024,-0.9673886315068136,0.797191586395344,0.6525338514791175,0.07695476276181035,0.06398439623451191,-0.2730925409278777,-0.47054729723757927,-0.8413471873709453,-0.8262405251803262
1.4898091589531006,1.103902606629116,-1.1031959986750008,-1.1956670823872724,-1.2051278203248312,-1.0394123138701667,-1.0903782246950824,-1.1117411813282798,0.8029901031957838,0.40533392472354013,0.33743024113944653,-0.11317555127365209,-0.37380362219866825,-0.43438286350852273,-0.6705961268527405,-1.013776765910329
1.5287202585349968,1.3152432847503968,-0.8946019864065597,-0.9637264103696941,-1.189868565586833,-1.102585628485481,-1.2132152253359711,-1.1132671068020796,0.7675886322036272,0.4031976290602204,0.25029989658547436,0.039874773748473924,-0.37868658371482766,-0.4975561781238369,-0.6184094756487859,-0.9463308599683753
1.4774491626153217,1.2319277538809241,-1.069473045704024,-1.190326343228973,-1.1224226596448794,-1.101670073201201,-1.1393604324040574,-0.9205427194611575,0.7601115973820076,0.6345279308882792,0.15965992344176305,0.06306884095023157,-0.3220747486368527,-0.5090006191773355,-0.6780731616743596,-0.8224257114958267
1.6408757808592864,1.2619884857147814,-1.013776765910329,-1.1208967341710796,-1.1570611679001361,-1.2020759693772316,-1.1886478252077932,-1.0273575026271482,0.6914449510610141,0.3639813443835642,0.18056510243282098,-0.11683777241077165,-0.20061108092238378,-0.43239916039258297,-0.7999946070309685,-0.9684567793384735
1.560154323295274,1.103444828986976,-1.0406330542492066,-1.11830266086562,-1.0960241489481417,-1.125627103139859,-1.2113841147674114,-0.9358019741991566,0.801006400079844,0.5704390609886851,0.08626290815198967,-0.1478140595289088,-0.38540065579954685,-0.6075754047848063,-0.7044716723710973,-0.9019264286807998
1.4003899261884287,1.2827410721584598,-1.0038582503306301,-1.125169325497719,-1.101670073201201,-1.012708618078669,-1.0012641770251705,-0.9182538312504578,0.9442908020696508,0.38397096809034226,0.09602883118430894,-0.11607480967387174,-0.23433403389336105,-0.5141887657882549,-0.593842075520608,-0.7935857200410092
1.538486181567316,1.091542610291337,-1.0093515820363095,-0.9267990139037368,-1.2094004116514707,-1.085800448273683,-1.0075204714677497,-1.0801545240206227,0.7808641838256856,0.42318725276699887,0.1625591818419827,-0.2074777455544834,-0.3048317907829148,-0.5331102416633735,-0.6655605727892011,-0.8299027463174458
1.5500832151681951,1.0244018894441433,-0.9280197542827766,-1.013013803173429,-1.1398182100461973,-1.0108775075101093,-0.9472464152526552,-1.0224745411109888,0.8609752712001786,0.4335635459888376,0.1593547383470031,-0.07075482310201586,-0.3658688097349083,-0.4099680559277248,-0.6237502148070853,-0.875680510531442
1.5975394974033708,1.0164670769803839,-1.1085367378333002,-1.0412434244387265,-1.0114878776996292,-1.0603174928612251,-1.1187604385077599,-1.00416343542539,0.7140286480732518,0.5243561116799293,0.06840958010853138,0.02003774258907587,-0.41118879630676464,-0.41683472055982396,-0.6927220462228387,-0.7366686998682743
1.4170225138528472,1.0805559468799784,-0.989667143424291,-0.9986701037197108,-1.1533989467630166,-1.175677458680494,-1.013318988268189,-1.00477380561491,0.8353397232403408,0.6058405319808418,0.1675947359055221,-0.19694885978526422,-0.47161544506923914,-0.41515620253864416,-0.8289871910331659,-1.021864170921468
1.406493628083628,1.0453070684352013,-1.0124034329839091,-1.1649959803638952,-1.0172863945000685,-1.2298478130003891,-0.9275619766406367,-0.9869204775714513,0.7743027042883464,0.42745984409363835,0.3180509876221884,-0.03352224154129946,-0.42675323613952276,-0.4182080534862438,-0.8334123749071853,-1.0061471385413299
1.6126461595939894,1.191795913919988,-0.9329027157989369,-1.174609310848834,-1.0899204470529424,-0.9898197359716709,-1.1767456065121538,-0.8582849601301232,0.8209960237866221,0.51489537374237,0.1521828886201435,-0.2141918176392026,-0.4188184236757637,-0.5530998653701511,-0.7644405434914319,-0.9924138092771315
1.6190550465839486,1.092000387933477,-1.135087841077418,-1.1794922723649943,-1.206653745798631,-0.9788330725603123,-1.0066049161834698,-1.0351397225435273,0.6948019871033737,0.40808059057638024,0.16027029363128298,-0.13881109923348944,-0.36403769916634854,-0.42431175538144306,-0.7499442514903336,-0.7749694292606515
1.6329409683955274,1.1454077795164723,-0.9426686388312557,-1.2115367073147914,-0.9623530774432743,-1.239003365843188,-1.1057900719804605,-0.9037575392493595,0.9308626579002119,0.4976524158884317,0.07878587333037013,0.05528662103385251,-0.3654110320927684,-0.5752257847402493,-0.8004523846731084,-0.8009101623152484
1.4733291638360622,1.1173307507985548,-1.1320359901298183,-1.1447011715623567,-1.0256789846059684,-0.9942449198456913,-1.0189649125212483,-0.883920508089961,0.668250883859256,0.5634198038092055,0.27776655511387194,-0.16963479380424662,-0.22594144378746162,-0.6510642807881029,-0.6210035489542456,-0.9333604934410769
1.6579661461658453,1.0756729853638185,-1.0442952753863262,-0.9580804861166339,-1.149736725625897,-1.0120982478891491,-1.0587915673874253,-0.8906345801746802,0.8371708338089006,0.4118954042608798,0.14791029729350402,-0.2140392250918226,-0.45986581892098055,-0.561187270381291,-0.6235976222597053,-1.013624173362949
1.4916402695216604,1.1290803769468138,-1.0986182222536014,-0.9982123260775708,-1.1859011593549535,-1.166521905837695,-0.9187116088925977,-0.8967382820698795,0.7465308606651888,0.5129116706264303,0.08809401872054945,-0.10325703569395284,-0.3063577162567146,-0.44185989833014183,-0.8402790395392854,-0.8241042295170065
1.6526254070075455,1.1638714777494505,-1.1036537763171408,-1.0413960169861065,-1.1961248600294123,-1.0008063993830305,-0.9850893670028915,-0.8958227267855996,0.6714553273542356,0.5380894409441281,0.19368806150749984,-0.15086591047650844,-0.24120069852546022,-0.6185620681961659,-0.7352953669418545,-0.9502982662002548
1.3808580801237906,1.1818773983402888,-0.9712034451913132,-1.1561456126158562,-0.964641965653974,-1.1892581953973131,-0.9502982662002548,-0.8645412545727025,0.8408330549460201,0.5974479418749428,0.1430273357773446,-0.01994150482448065,-0.2897251285922957,-0.6686124237368007,-0.8175427499796672,-0.9437367866629156
1.365598825385792,1.0378300336135822,-1.1277633988031788,-1.0662686022090444,-1.0116404702470092,-1.1002967402747812,-1.1247115478555791,-1.0250686144164485,0.724862718937231,0.378019858742523,0.2852435899354915,-0.18672515911080545,-0.43911323247730216,-0.5834657822987683,-0.6532005764514226,-0.7838197970086904
1.5323824796721164,1.0768937257428584,-1.1271530286136588,-1.012556025531289,-1.2046700426826913,-1.158892278468696,-1.0491782369024856,-0.9071145752917191,0.7219634605370113,0.3801561544058427,0.028430332694974858,-0.10279925805181289,-0.45101545117294073,-0.4313310125609231,-0.7778686876608711,-0.8413471873709453
1.5305513691035566,1.2723647789366206,-0.9635738178223141,-1.1158611801075393,-1.1718626449959944,-1.0087412118467896,-1.1079263676437803,-1.1115885887808998,0.8475471270307398,0.45568946535893584,0.12593697047078578,-0.2569177309055988,-0.2738555036647776,-0.6197828085752057,-0.7099650040767775,-0.940074565525796
1.5213958162607577,1.2625988559043013,-0.883767915542581,-1.0394123138701667,-1.014234543552469,-0.9753234439705727,-1.1408863578778572,-0.8720182893943225,0.9200285870362328,0.4456183572318566,0.1650006626000624,-0.03840520305745887,-0.45589841268910014,-0.657930945420202,-0.8622523663620028,-0.9194745716294976
1.4650891662775427,0.9893056035467467,-0.8991797628279601,-1.1514152436470768,-1.11815006831824,-1.1274582137084188,-1.1559930200684763,-1.0172863945000685,0.7494301190654085,0.5170316694056902,0.25335174753307443,-0.09913703691469333,-0.45666137542600005,-0.6194776234804458,-0.8546227389930037,-0.8978064299015402
1.6080683831725895,1.0343204050238426,-0.8993323553753401,-0.9872256626662113,-1.0676419351354642,-1.2411396615065087,-1.141954505709517,-0.9345812338201167,0.9243011783628727,0.6008049779173024,0.007525153703916931,-0.21632811330252233,-0.26057995204271833,-0.504728027850696,-0.8270034879172261,-0.9338182710832168
1.4711928681727424,1.157309998212111,-1.0632167512614448,-1.0124034329839091,-0.957164930832354,-1.060927863050745,-1.1805604201966542,-0.9316819754198971,0.8994285931399348,0.4294435472095781,0.23961841826887564,-0.154528131613628,-0.48885840292317706,-0.5030495098295162,-0.6512168733354828,-0.989514550876911
1.5366550709987563,1.2339114569968639,-1.0726774891990036,-1.0844271153472622,-1.2043648575879313,-1.1625544996058155,-0.9593012264956737,-0.9989752888144707,0.6835101385972546,0.47415316359191406,0.14516363144066435,-0.22914588728244123,-0.41195175904366454,-0.6557946497568823,-0.6441976161560028,-0.8930760609327599
1.3356906860993147,0.9918996768522064,-1.1247115478555791,-1.0162182466684087,-1.1616389443215356,-1.1164715502970601,-1.0839693377051223,-1.0726774891990036,0.7262360518636508,0.48254575369781305,0.19094139565466017,-0.06755037960703625,-0.4626124847738202,-0.5187665422096543,-0.7798523907768109,-0.9004005032069999
1.4359439897279653,1.2502388595665224,-1.1434804311833169,-1.1375293218354976,-1.029646390837848,-1.2486166963281278,-1.0908360023372223,-0.996991585698531,0.905990072677274,0.4160154030401393,0.20177546651863887,-0.0728911187653356,-0.24760958551541945,-0.6239028073544652,-0.8018257175995283,-0.7589472117857525
1.5291780361771368,1.2554270061774422,-0.8933812460275199,-1.0584863822926653,-1.069473045704024,-1.1047219241488007,-1.0594019375769452,-1.0864108184632029,0.7176908692103714,0.48773390030873287,0.14852066748302395,-0.18550441873176515,-0.4609339667526404,-0.6429768757769629,-0.6359576185974838,-0.8688138458993429
1.518801742955298,1.1194670464618746,-0.9916508465402316,-1.1312730273929184,-1.1146404397284995,-1.2113841147674114,-1.1248641404029591,-0.8888034696061204,0.6594005161112171,0.29912951174707025,0.035144404779694494,-0.146288134055109,-0.295828830487495,-0.5492850516856516,-0.8030464579785681,-0.746434622900594
1.407103998273148,0.9571085760495697,-0.9199323492716376,-1.2130626327885912,-0.9844789968133716,-1.239613736032708,-0.9904301061611909,-0.9472464152526552,0.6209471941714604,0.37832504383728294,0.08717846343626956,-0.05885260440637685,-0.2573755085477387,-0.5804139313511687,-0.730870183067835,-0.7862612777667701
1.482789901773621,1.223840348869785,-0.9379382698624763,-0.9284775319249174,-1.1958196749346524,-1.166521905837695,-0.940074565525796,-0.9626582625380342,0.6703871795225758,0.41723614341917914,0.03773847808515418,-0.051680754679517715,-0.4751250736589787,-0.6007087401527071,-0.666933905715621,-1.0236952814900286
1.6089839384568694,0.9531411698176897,-0.9951604751299712,-1.1317308050350583,-0.9759338141600926,-1.2380878105589082,-1.0510093474710454,-0.957012338284974,0.6426153358994187,0.5094020420366907,0.21657694361449753,-0.24120069852546022,-0.5158672838094347,-0.6638820547680213,-0.8910923578168202,-0.7974005337255088
1.409850664125988,1.0933737208598968,-1.1436330237306969,-1.1697263493326746,-1.0752715625044633,-1.0322404641433076,-1.0061471385413299,-0.9348864189148767,0.6256775631402398,0.2869221079566713,0.23626138222651605,-0.09394889030377396,-0.3951665788318657,-0.67517390327414,-0.6278702135863448,-0.8118968257266079
1.3587321607536924,1.2464240458820228,-1.0507041623762854,-0.9443471568524355,-1.1790344947228544,-1.2202344825154503,-1.1064004421699805,-0.8465353339818646,0.8489204599571596,0.45813094611701555,0.08046439135155037,-0.18931923241626514,-0.3910465800526062,-0.6541161317357025,-0.8592005154144031,-1.0000434366461306
1.4658521290144426,1.2041559102577666,-1.0108775075101093,-1.174609310848834,-1.2208448527049702,-1.1302048795612585,-1.1834596785968738,-0.8498923700242242,0.6705397720699557,0.4456183572318566,-0.008344471223601602,-0.08174148651337498,-0.2556969905265589,-0.6972998226442382,-0.8363116333074059,-0.7854983150298702
1.4649365737301627,0.986864122788667,-0.8590479228670231,-0.9594538190430537,-1.1941411569134726,-1.1091471080228201,-1.0119456553417692,-0.9739501110441529,0.8649426774320581,0.5232879638482695,0.057422916697172255,-0.06327778828039676,-0.22838292454554132,-0.6402302099241233,-0.8930760609327599,-0.8450094085080648
1.6016594961826303,1.179741102676969,-0.9821901086026719,-1.0400226840596867,-0.9658627060330138,-0.9853945520976515,-1.0224745411109888,-1.0803071165680027,0.8101619529226429,0.353605051161725,0.09953845977404852,-0.22624662888222158,-0.24760958551541945,-0.6202405862173457,-0.7580316565014726,-0.9716612228334531
1.3202788388139362,1.1711959200236897,-0.9329027157989369,-1.0629115661666848,-0.9876834403083512,-1.231221145926809,-0.9136760548290583,-1.126237473329379,0.7755234446673862,0.5255768520589692,0.15996510853652302,-0.125840732706191,-0.36388510661896856,-0.43926582502468214,-0.8665249576886431,-0.9364123443886765
1.552066918284135,0.9902211588310266,-1.0407856467965866,-1.0415486095334865,-1.2095530041988507,-1.125321918045099,-0.964794558201354,-0.8268508953698461,0.6090449754758214,0.4923116767301323,0.08977253674172925,-0.2422688463571201,-0.25218736193681934,-0.7253768513621557,-0.67441094053724,-0.7511649918693735
1.301815140580958,1.0431707727718815,-1.0259841697007284,-1.0192700976160083,-1.1915470836080129,-1.1157085875601593,-0.948314563084315,-1.11799747577086,0.8248108374711216,0.40792799802900026,0.035144404779694494,-0.14338887565488934,-0.5241072813679546,-0.49633543774479705,-0.8689664384467228,-0.9312241977777571
1.4364017673701053,0.9525307996281698,-1.0105723224153493,-1.0322404641433076,-1.1164715502970601,-0.981274553318392,-1.142412283351657,-1.11830266086562,0.6908345808714942,0.5655560994725257,0.026446629579035097,-0.2473044004206595,-0.4410969355932419,-0.7215620376776561,-0.7825990566296506,-0.9577753010218739
1.571140986706633,1.0932211283125168,-1.0322404641433076,-1.0711515637252038,-1.0029426950463503,-0.9951604751299712,-0.9434316015681556,-1.0920567427162622,0.8162656548178426,0.5345798123543886,0.16454288495792246,-0.2849947596235163,-0.42614286595000284,-0.6849398263064597,-0.9049782796283994,-1.0400226840596867
1.4582225016454435,1.1309114875153736,-1.1559930200684763,-1.0441426828389462,-1.1169293279392,-0.9870730701188313,-1.078170820904683,-0.9115397591657386,0.6388005222149187,0.39846726009144096,0.2084895386033585,-0.1623103515300075,-0.37700806569364786,-0.6466390969140825,-0.8953649491434597,-0.8782745838369017
1.473939534025582,0.9587870940707495,-0.9867678850240713,-1.0391071287754068,-1.1852907891654336,-1.2054330054195912,-1.0168286168579286,-0.9196271641768776,0.712655315146832,0.49200649163537236,0.0636792111397515,-0.22304218538724196,-0.37807621352530774,-0.6065072569531464,-0.8952123565960797,-0.8260879326329462
1.3057825468128375,1.0358463304976424,-0.9820375160552919,-0.9864626999293113,-1.1070108123595004,-1.0803071165680027,-1.1851381966180536,-0.9918034390876116,0.7956656609215442,0.538852403681028,-0.031385945877979715,-0.011091137076441271,-0.513120617956595,-0.5659176393500704,-0.7409412911949147,-0.9527397469583345
1.3405736476154742,0.9239959932681128,-1.0647426767352446,-1.2217604079892501,-1.0670315649459443,-0.9852419595502715,-0.9771545545391325,-1.0996863700852613,0.636511634004219,0.2886006259778511,0.08275327956225009,-0.03306446389915951,-0.37807621352530774,-0.49068951349173684,-0.6759368660110399,-1.00584195344657
1.3515603110268333,1.1252655632623139,-1.0346819449013873,-0.9473990078000352,-1.0479574965234457,-1.0009589919304105,-0.9673886315068136,-0.9722715930229731,0.7630108557822273,0.45553687281155586,0.07420809690897068,-0.22075329717654224,-0.39303028316854594,-0.5732420816243096,-0.8634731067410426,-0.9741027035915328
1.2857929231060594,1.0199767055701239,-0.9821901086026719,-1.1961248600294123,-1.2428181795276885,-1.1764404214173938,-0.9235945704087571,-0.9596064115904337,0.5690657280622653,0.3545206064460049,0.20650583548741874,-0.1937444162902846,-0.41530879508602414,-0.5953680009944078,-0.8988745777332001,-1.0491782369024856
1.4521187997502438,1.0036493030004654,-1.1001441477274012,-1.1927678239870527,-0.9670834464120537,-1.1926152314396727,-1.1193708086972798,-1.094345630926962,0.6023309033911022,0.33971912935014625,0.027056999768555023,-0.12156814137955108,-0.4513206362677007,-0.4903843283969769,-0.8224257114958267,-0.9885989955926311
1.5084254497334588,1.0248596670862833,-0.8959753193329796,-1.0171338019526885,-1.1723204226381343,-1.2242018887473298,-0.9461782674209953,-1.0546715686081658,0.6516182961948376,0.341702832466086,0.053760695560052696,-0.08677704057691438,-0.4696317419532994,-0.6062020718583865,-0.6313798421760843,-0.9786804800129323
1.5488624747891553,0.9224700677943125,-1.1053322943383206,-0.9664730762225338,-0.957164930832354,-1.0020271397620704,-1.126390065876759,-1.0272049100797682,0.8342715754086809,0.5045190805205313,0.1633221445788826,-0.046950385710738285,-0.512968025409215,-0.46719026119521967,-0.6930272313175987,-0.9957708453194911
1.3918447435351493,1.0633129890260395,-1.1031959986750008,-1.2179455943047506,-0.981274553318392,-0.9765441843496125,-1.125321918045099,-1.0685574904197441,0.5843249828002639,0.3240020969700077,0.07787031804609024,-0.09715333379875357,-0.5112895073880352,-0.537230240442633,-0.6565576124937822,-0.7702390602918712
1.3671247508595918,1.179893695224349,-1.11784488322348,-1.190936713418493,-1.1767456065121538,-1.0789337836415829,-1.0641323065457247,-1.068710082967124,0.6389531147622987,0.4846820493611328,0.15325103645180338,-0.13316517498043012,-0.39364065335806586,-0.68173538281148,-0.7661190615126117,-0.9478567854421751
1.5029684794696028,1.20663375245767,-0.942632277389432,-0.8107923164531243,-0.9618589383593106,-0.7856145461354265,-0.7329701172893319,-0.813691574853344,1.0262693614545264,0.6965168665663768,0.2655955127652967,0.08629926959381296,-0.3020487634882514,-0.53139536220037,-0.5739686829193866,-0.7537227037330094
1.5162440310916616,1.1205715557353577,-0.8466515650874209,-0.9673522700649899,-1.0505152083870826,-0.7767641783873875,-0.8001108381365256,-0.7453301136271104,0.7549598122129115,0.43588879564136107,0.4012502873861039,-0.1206162246534479,-0.3003702454670716,-0.5411612852326888,-0.4491479791625581,-0.8513819340562003
1.5957447482766343,1.2748426211365236,-0.7912604703884858,-0.7830204728299668,-0.8690826695522791,-0.8042308369157851,-0.829256014686103,-0.7280871557731716,0.9980397401892294,0.47830952381299685,0.24057033499497882,0.07409186580341398,-0.19172435173252111,-0.4573879767210771,-0.49599389120821336,-0.6098279315536832
1.4921344086056236,1.3381685282992177,-0.7392264117319112,-0.7721864019659881,-0.96658930732809,-0.7500604825958899,-0.789429359819926,-0.8091137984319445,0.8826797743699597,0.6386842911093624,0.347842895803109,0.14947258420912712,-0.12839844456982696,-0.377887259536104,-0.5623716493185071,-0.6633879156840576
1.5055625527750625,1.1326263669783767,-0.8689300770048991,-0.8034678741788852,-0.8265093488332633,-0.990698929814128,-0.9673522700649899,-0.6806308735379965,0.8774916277590403,0.6084709667281252,0.15847554450454648,-0.0287555111306963,-0.22361619413493816,-0.514304996893812,-0.4534205704891976,-0.5744264605615266
1.4726025625409855,1.270570029809884,-0.7857671386828065,-0.9630796787383504,-0.781036769714027,-0.8587063763304403,-0.8806797031531577,-0.8429893439503013,0.8796279234223601,0.5926013418006066,0.26605329040743664,0.13039851578662898,-0.0659880926914127,-0.555352392139028,-0.64416125471418,-0.5965523799316239
1.553629205199758,1.0923419344700607,-0.8355123091286822,-0.917301914524355,-0.9221848760405145,-1.0058055920047462,-0.8902930336380974,-0.7671508479024487,1.0023123315158688,0.4479436068843796,0.2102044180663616,-0.11970066936916801,-0.33058356984830883,-0.5286486963475303,-0.5918220109628445,-0.7360219682369316
1.520669214965681,1.1036337829761793,-0.7161849370775331,-0.7746278827240678,-0.9150130263136544,-0.9650633818542902,-0.8123182419269241,-0.6569790286940984,0.8629953357579416,0.6199154077816238,0.16381628366284584,-0.1264147414538872,-0.19157175918514113,-0.4639494562584163,-0.6481286609460595,-0.7157271594353931
1.544931429999099,1.2133478245423892,-0.7914130629358658,-0.74853455712209,-1.0097729982366257,-0.9133345082924746,-0.9314930214306933,-0.8118604642847842,0.9699627114713119,0.6803420565440983,0.22088589638296074,0.10064296904753167,-0.13572288684406697,-0.35515096997648676,-0.6723908759794774,-0.8362752718655821
1.4838944110471046,1.3702129632490148,-0.7015360525290548,-0.8197952767485432,-0.9548396811798314,-1.0341878058174236,-0.9131819157450947,-0.6893286487386554,0.8100457218170867,0.5648294981774491,0.283448840808755,-0.07346512751303269,-0.2736665496755739,-0.4225968759184404,-0.4433494623621179,-0.7392264117319112
1.6692943561137876,1.3015463169280213,-0.6775790225903968,-0.999091519920027,-1.0085522578575858,-0.8800693329636378,-0.8155226854219038,-0.6670501368211781,0.8369020101559639,0.6106072623914449,0.24987848038515814,-0.07132883184971206,-0.15327102979276486,-0.47630945259619484,-0.6719330983373375,-0.869540447194419
1.5940662302554545,1.149869324832315,-0.7529597409961095,-0.9893255968877082,-0.8526026744352402,-0.8347493463917823,-0.9028056225232559,-0.8062145400317249,0.8570442264101223,0.6934650156187772,0.20165923541308262,0.1343659220185085,-0.3716309650935248,-0.47783537806999465,-0.7140486414142133,-0.6380575528189807
1.6004751172454137,1.2102959735947896,-0.8759493341843783,-0.74868714966947,-0.9037211778075358,-0.8761019267317582,-0.8570278583092605,-0.813081204663824,0.8190486821125056,0.565897646009109,0.29138365327251403,0.0577644632337555,-0.2880102491292922,-0.5031657409350725,-0.48287093213353494,-0.7837834355668667
1.5673625344639568,1.0688426821735426,-0.7225938240674923,-0.7523493708065896,-0.926457467367154,-0.8382589749815219,-0.7912604703884858,-0.902195252333736,0.9995656656630292,0.4938739636457554,0.32968438266489075,-0.061410316270013254,-0.23582359792533758,-0.4047435478749817,-0.5608457238447073,-0.6366842198925609
1.6970661997369447,1.1391878465157164,-0.708707902255914,-0.7557064068489492,-1.0457848394183031,-0.974524119791849,-0.7615049236493894,-0.8585537837830604,0.9919360382940297,0.694990941092577,0.27353032522905574,-0.12198955757986774,-0.13526510920192614,-0.3746828160411244,-0.5130842565147722,-0.7798160293349872
1.5041892198486426,1.2005300505624708,-0.9028056225232559,-0.9562130141062513,-0.9595700501486109,-1.0193863287215654,-0.8796115553214978,-0.8999063641230363,0.7928027639631479,0.47571545050753716,0.41299991353436294,-0.1222947426746277,-0.20652582882838022,-0.30632135481489087,-0.49935092725057295,-0.6124220048591429
1.501747739090563,1.335116677351618,-0.8385641600762819,-0.7563167770384691,-0.9508722749479519,-0.7517390006170697,-0.8251360159068435,-0.7399893744688111,0.9902575202728499,0.6688976154905992,0.3589821517618481,-0.12366807560104753,-0.1810428734159224,-0.35789763582932643,-0.4865331532706545,-0.7119123457508936
1.5896410463814346,1.065180461036423,-0.8269671264754033,-0.8258989786437434,-0.8008738008734255,-0.8562648955723606,-0.8590115614252003,-0.7500604825958899,0.8509405245149226,0.6708813186065394,0.13131407107090887,0.08721482487809284,-0.3151717225629298,-0.31379838963650997,-0.6610990274733579,-0.6961953133707546
1.541574393956739,1.1915270902670514,-0.8692352620996591,-0.9649107893069102,-0.8010263934208055,-0.7871404716092263,-0.7348012278578917,-0.7222886389727323,0.9081627297824175,0.5799361603680677,0.34494363740288936,0.13650221768182824,-0.3018961709408714,-0.44807983133089824,-0.6421775515982402,-0.6868871679805757
1.4930499638899035,1.129879701125537,-0.7689819584710085,-0.9650633818542902,-0.9653685669490502,-0.8297137923282429,-0.7117597532035136,-0.7315967843629121,0.7480931475808124,0.6328857743089227,0.2988606880941336,-0.0005258898653988098,-0.2837376578026527,-0.28648432365549237,-0.4932472253553737,-0.6713227281478176
1.5281462497873002,1.0491582435615245,-0.8449730470662411,-0.8738130385210585,-0.8435997141398213,-0.8632841527518398,-0.7676086255445886,-0.7982797275679658,0.9991078880208892,0.6429568824360019,0.2626962543650766,0.03930076500077728,-0.36506948555618557,-0.36873170669330513,-0.5350575833374895,-0.7651671447865089
1.5679729046534767,1.3085655741075004,-0.8432945290450613,-0.9552974588219714,-0.8330708283706025,-0.9237108015143143,-0.7103864202770938,-0.8512293415088203,0.8173701640913258,0.6371583656355622,0.16442665385236577,-0.1563228807403645,-0.1247362234327074,-0.41161021250708085,-0.5584042430866276,-0.8748811863527184
1.5572914263368776,1.295290022485442,-0.950261904758432,-0.7538752962803894,-0.7917182480306257,-0.8658782260572995,-0.8915137740171373,-0.6890234636438954,0.7758649912039695,0.5941272672744065,0.37805622018434626,0.06249483220253538,-0.2283465631037176,-0.47112130598527546,-0.5358205460743894,-0.660183472189078
1.6526617684493687,1.2620248471566047,-0.7048930885714144,-0.8562648955723606,-1.0502100232923226,-0.925694504630254,-0.8182693512747434,-0.8440574917819612,0.9511938281435737,0.4810561896658365,0.11086666972199088,0.045709651990736955,-0.1412162185497463,-0.30494802188847103,-0.7349538204052717,-0.6966530910128945
1.509377366459562,1.1642130242860338,-0.9108930275343949,-0.7538752962803894,-1.0242692902377248,-0.7836308430194867,-0.7654723298812689,-0.7438041881533106,0.8108086845539866,0.5918383790637067,0.29107846817775407,-0.01944736574051742,-0.3401969003332477,-0.5350575833374895,-0.6304279254499807,-0.6382101453663607
1.6694469486611676,1.2978840957909017,-0.7496027049537499,-0.9057048809234756,-0.8280352743070631,-1.0261004008062846,-0.6891760561912754,-0.7735597348924079,0.9014486576976979,0.38385473698478556,0.15542369355694685,0.02861928668417857,-0.3269213487111893,-0.5101849981145516,-0.5168990701992717,-0.6797153182537166
1.6488469547648692,1.1368989583050162,-0.8925819218487971,-0.9005167343125562,-0.7854619535880465,-1.0085522578575858,-0.9385122786101725,-0.7395315968266711,0.9354767957634351,0.6162531866445042,0.13650221768182824,0.06463112786585512,-0.2397910041572171,-0.3681213365037852,-0.7207627134989325,-0.6192886694912421
1.6250425173735916,1.1706219112759935,-0.9137922859346146,-0.9197433952824348,-0.9437004252210919,-0.918064877261255,-0.8680145217206192,-0.7308338216260122,0.8794753308749801,0.38660140283762523,0.2501836654799181,0.012291884114519647,-0.3664428184826054,-0.3987924385271624,-0.5136946267042921,-0.7206101209515525
1.42468850266367,1.141476734726416,-0.902195252333736,-0.7990426903048657,-0.8852574795745571,-0.8356649016760622,-0.7505182602380298,-0.7819523249983069,0.8410220089352234,0.46930656351757793,0.283143655713995,-0.11695400351632834,-0.3566768954502866,-0.4061168808014015,-0.6243242235547815,-0.7760012156504876
1.6108514104672529,1.2820144708633832,-0.974524119791849,-0.8922767367540372,-1.040291507712623,-0.998633742277887,-0.6896338338334154,-0.8353597165813023,0.9560767896597331,0.6522650278261808,0.2808547675032953,0.11315555793269061,-0.23460285754629773,-0.5709168319717861,-0.6508753267988991,-0.6684234697475979
1.5704143854115564,1.1529211757799147,-0.7869878790618463,-0.8324604581810826,-0.999396705014787,-0.8631315602044598,-0.731901969457672,-0.7042827183818945,0.977439746292931,0.37485177668936664,0.1343659220185085,0.10110074668967162,-0.21125619779715965,-0.5132368490621522,-0.6739168014532773,-0.6342427391344803
1.5022055167327029,1.1800826492135523,-0.8490930458455006,-0.9954292987829074,-0.8260515711911234,-0.8670989664363393,-0.9797122664027693,-0.6348531093240002,0.7612161066554908,0.565592460914349,0.368137704604647,0.04494668925383705,-0.19721768343820045,-0.45479390341561743,-0.4689850103219557,-0.6256975564812013
1.403783323672612,1.1927478306460912,-0.8349019389391623,-0.9620115309066906,-0.8689300770048991,-0.8922767367540372,-0.8037730592736452,-0.6685760622949779,0.7548072196655315,0.37897177546862615,0.22775256101505992,0.08065334534075363,-0.21461323383951925,-0.5814457177410057,-0.5184249956730715,-0.8732026683315386
1.5591225369054373,1.0601449069728837,-0.8960915504385367,-0.9798648589501493,-0.974981897433989,-0.8266619413806433,-0.7550960366594293,-0.6049449700375238,0.6844620553233578,0.533395433417172,0.26681625314433655,0.018242993462339374,-0.21049323506025974,-0.4062694733487815,-0.6244768161021614,-0.6479760683986795
1.5267729168608803,1.0297789900442664,-0.8742708161631985,-1.0270159560905645,-0.9009745119546961,-0.8274249041175432,-0.877933037300318,-0.8641997080361197,0.9421908678481543,0.6489079917838212,0.1352814773027884,-0.01944736574051742,-0.16822509943600394,-0.53124276965299,-0.6218827427967017,-0.6247820011969214
1.5260099541239804,1.1642130242860338,-0.7140486414142133,-0.7737123274397879,-1.0267107709958045,-0.9830693024451289,-0.8225419426013829,-0.6493494013250993,0.674238354648899,0.48441322570819656,0.2662058829548166,-0.15998510187748405,-0.22117471337685846,-0.5100324055671717,-0.4897375967656341,-0.7439567807006906
1.4259092430427098,1.0793715679427618,-0.8745760012579584,-0.7450249285323505,-0.9676574551597499,-0.9762026378130289,-0.8568752657618806,-0.6092175613641633,0.9679790083553721,0.5745954212097679,0.26361180964935693,-0.14350510676044603,-0.16441028575150352,-0.31059394614153035,-0.764404182049609,-0.7744752901766878
1.5315032858296602,1.1813033895925922,-0.942632277389432,-0.7836308430194867,-0.8866308125009779,-0.9455315357896517,-0.7799686218823672,-0.700162719602635,0.8391908983666636,0.468848785875438,0.2898577277987142,-0.18546805728994187,-0.1670043590569641,-0.5780886816986461,-0.5523005411914284,-0.8756441490896183
1.5720929034327362,1.2040396791522103,-0.9453789432422717,-0.9118085828186748,-1.007331517478546,-0.8490930458455006,-0.9334767245466331,-0.7496027049537499,0.7201687114102748,0.5672709789355288,0.35333622750878835,-0.03882661925777553,-0.28572136091859246,-0.4962990763029733,-0.6415671814087203,-0.660488657283838
1.488624780015884,1.1471226589794754,-0.86191081982542,-0.9943611509512476,-0.8257463860963634,-1.0262529933536646,-0.8153700928745238,-0.7175582700039529,0.8465153406409032,0.3591347443092281,0.19586071861264287,-0.1570858434772644,-0.2761080304336536,-0.45128427482587785,-0.6154738558067425,-0.6578945839783783
1.6207699260469517,1.0129938098324676,-0.7369375235212114,-1.0009226304885868,-1.023658920048205,-0.9603330128855108,-0.6914649444019751,-0.6595731019995581,0.8457523779040033,0.5600991292086697,0.07973779005647375,-0.15601769564560453,-0.3060161697201309,-0.4929420402606137,-0.764251589502229,-0.7746278827240678
1.3947803633771927,1.1445285856740157,-0.7924812107675265,-0.9687256029914098,-0.8803745180583977,-0.740752337205711,-0.8080456506002847,-0.6894812412860354,0.823473865986525,0.4496221249055594,0.07638075401411415,0.022973362431118804,-0.16715695160434407,-0.5982308979528037,-0.6981790164866952,-0.8587063763304403
1.6111565955620128,1.0624337951835834,-0.9406485742734922,-0.9644530116647703,-0.7860723237775664,-1.0264055859010446,-0.9049419181865757,-0.6414145888613403,0.9516516057857136,0.6083183741807452,0.25231996114323785,-0.1486932533713654,-0.28907839696095206,-0.3331776431537685,-0.6595731019995581,-0.6614042125681179
1.6317565894583108,1.0030752942527688,-0.8957863653437768,-0.7474664092904302,-0.8530604520773801,-0.9072308063972754,-0.9273730226514338,-0.6324116285659205,0.7560279600445714,0.5561317229767897,0.25827107049105713,0.04967705822261648,-0.34965763827080654,-0.31562950020506975,-0.7351064129526517,-0.6993997568657351
1.367618889943555,1.0552619454567238,-0.8878515528800177,-0.9321033916202133,-1.0294574368486442,-0.8674041515310993,-0.8388693451710418,-0.725340489920332,0.803636834827127,0.5889391206634866,0.11498666850125039,-0.07361772006041267,-0.289688767150472,-0.377887259536104,-0.6694916175792578,-0.7184738252882328
1.4660410830036459,1.1988515325412905,-0.8739656310684385,-0.8498560085824005,-0.9111982126291549,-0.9475152389055914,-0.7334278949314719,-0.5909064556785646,0.7900560981103082,0.6168635568340242,0.10247407961609145,-0.18546805728994187,-0.4236650237501003,-0.4285479852662597,-0.5764101636774663,-0.8544337850038008
1.3982899919669323,1.041376023645145,-0.9511774600427119,-0.9122663604608148,-1.054635207166342,-1.006721147289026,-0.9485833867372522,-0.6701019877687777,0.9270842056575357,0.500893220825235,0.3461643777819292,-0.09055549281959063,-0.3531672668605461,-0.4160353963811003,-0.7523493708065896,-0.6968056835602745
1.4477299773180476,1.0555671305514838,-0.869387854647039,-0.773101957250268,-0.9885626341508083,-0.9861211533927285,-0.6772738374956369,-0.6372945900820808,0.9305938342472753,0.3914843643537851,0.10476296782679118,0.006188182219320382,-0.2794650664760132,-0.5899909003942847,-0.5880071972783449,-0.7509760378801698
1.3961536963036125,1.117519704787758,-0.7433464105111707,-0.7912604703884858,-0.8275774966649232,-0.8706085950260789,-0.7804263995245071,-0.8622160049201799,0.8069938708694866,0.464881379643558,0.05822224087589545,-0.16257917518294374,-0.21552878912379914,-0.5646605375292069,-0.48180278430187506,-0.9006693268599362
1.6120721508462927,1.1433078452949759,-0.8654204484151595,-0.7924812107675265,-0.7839360281142467,-0.9511774600427119,-0.9000589566704162,-0.8724397055946387,0.7419894456856126,0.3617288176146878,0.09484445224709237,0.010155588451199904,-0.3987924385271624,-0.48103982156497516,-0.7514338155223097,-0.6699493952213977
1.4381166468331088,1.1272856278200774,-0.918064877261255,-0.9331715394518731,-0.9803226365922892,-0.8883093305221577,-0.7711182541343282,-0.8162856481588037,0.6872087211761979,0.4236813918509621,0.09850667338421193,-0.055916984564333916,-0.2033213853334006,-0.36934207688282505,-0.547112394580509,-0.6868871679805757
1.4784010793414248,1.1790145013818925,-0.9859685608453486,-0.7613523311020094,-0.9621641234540705,-0.8735078534262986,-0.934087094736153,-0.8249834233594635,0.848041266114703,0.5312591377538523,0.1369599953239682,0.008477070430020106,-0.3531672668605461,-0.4111524348649409,-0.6636931007788176,-0.8448204545188611
1.3857774030817733,1.2612618844197048,-0.7691345510183885,-0.9806278216870492,-1.0103833684261456,-0.9923774478353078,-0.7477715943851901,-0.6754427269270771,0.6711865037012994,0.4416873124418004,0.048456317843576624,0.06020594399183565,-0.33378801334328845,-0.6031138594689631,-0.6531642150095989,-0.8658782260572995
1.5501195766100184,1.226775968711828,-0.8953285877016368,-1.0114515162578064,-1.0534144667873022,-0.8870885901431178,-0.901890067238976,-0.652248659725319,0.8320190486398045,0.4255125024195219,0.22973626413099968,0.08050075279337365,-0.305405799530611,-0.417713914402281,-0.7373953011633514,-0.8625211900149399
1.4849625588787645,1.1567359894644147,-0.9317982065254533,-0.7543330739225294,-0.7805789920718871,-0.9185226549033949,-0.8286456444965831,-0.6107434868379631,0.7221524145262146,0.40537028616536386,0.323733273317071,-0.08674067913509109,-0.31471394492078986,-0.5674072033820465,-0.7204575284041725,-0.7009256823395349
1.5156336609021417,1.0973774885336,-0.6987893866762152,-0.8521448967931002,-0.9537715333481716,-0.9292041332199936,-0.9166915443348342,-0.8391745302658018,0.7364961139799333,0.5919909716110867,0.3063377229157527,-0.09772734254644977,-0.4085583615594812,-0.5661864630030067,-0.7012308674342949,-0.8629789676570798
1.4660410830036459,1.09798785872312,-0.9812381918765691,-0.8529078595300001,-0.8201004618433032,-0.805604169842205,-0.8223893500540029,-0.8211686096749631,0.6618783583111201,0.32281771803279113,0.07439705089817394,0.02816150904203818,-0.14472584713948589,-0.4921790775237138,-0.5854131239728853,-0.9087567318710752
1.4471196071285277,1.2484441104397863,-0.9418693146525321,-0.9714722688442494,-0.9246263567985942,-0.740294559563571,-0.7827152877352068,-0.6987893866762152,0.763504994866191,0.4995198878988152,0.23370367036287965,-0.05332291125887423,-0.20622064373362026,-0.35026800846032646,-0.498740557061053,-0.6394308857454005
1.4434573859914082,1.1161463718613382,-0.9334767245466331,-0.8532130446247601,-0.8229997202435229,-0.8954811802490168,-0.8280352743070631,-0.6340901465871003,0.7725079551616099,0.32449623605397093,0.18533183284342414,-0.0742280902499326,-0.4128309528861207,-0.3348561611749483,-0.5992990457844636,-0.6589627318100382
1.501442553995803,0.9844590034724106,-0.8110975015478843,-1.0354085461964635,-0.9932930031195877,-0.7639464044074691,-0.8942604398699769,-0.772644179608128,0.674085762101519,0.3394503056972096,0.11391852066959052,-0.016548107340297324,-0.43327835423503913,-0.49187389242895385,-0.5898383078469047,-0.837801197339382
1.31634779402388,0.98934196498857,-0.9452263506948917,-0.8103345388109844,-0.8492456383928806,-0.9331715394518731,-0.9354604276625729,-0.6049449700375238,0.8945819930655987,0.3623391878042077,0.27505625070285555,-0.07529623808159247,-0.19859101636462118,-0.3815494806732236,-0.7300708588891123,-0.8742708161631985
1.3200100151609995,1.1570411745591747,-0.8333760134653625,-0.8878515528800177,-0.9523982004217517,-0.9467522761686915,-0.7366323384264515,-0.7300708588891123,0.6890398317447577,0.42474953968262197,0.28283847061923506,-0.02051551357217729,-0.3142561672786499,-0.5408561001379288,-0.7496027049537499,-0.8576382284987805
1.368229260133075,1.142239697463316,-0.7137434563194534,-0.9575863470326711,-1.0245744753324848,-0.7669982553550687,-0.9253893195354941,-0.7172530849091929,0.7287138940635538,0.5100487736680339,0.19708145899168272,-0.0601895758909734,-0.37254652037780467,-0.34614800968106696,-0.5603879462025674,-0.6304279254499807
1.5281462497873002,1.1645182093807938,-0.7764589932926276,-0.8512293415088203,-0.9604856054328907,-0.7381582639002513,-0.6855138350541559,-0.5687805363084664,0.8884782911703994,0.5903124535899065,0.11117185481675085,-0.20194805240698077,-0.26496877447491496,-0.37529318623064434,-0.6688812473897379,-0.6513331044410391
1.3665507421118952,1.1466648813373355,-0.9769656005499288,-0.8059093549369649,-0.9401907966313523,-0.9482782016424922,-0.8687774844575191,-0.6824619841065562,0.7345124108639935,0.36371252073062754,0.0391481724533973,-0.216749529502839,-0.29548728395091217,-0.5706116468770261,-0.789124174725166,-0.7567745546806091
1.336032232635898,1.0519049094143642,-0.8483300831086007,-0.8257463860963634,-0.9415641295577721,-0.8913611814697573,-0.8074352804107647,-0.6142531154277027,0.6116754102231048,0.49265322326671557,0.10354222744775132,-0.20026953438580097,-0.3919257738950632,-0.5011820378191327,-0.5542842443073681,-0.7244249346360521
1.4634470096981862,1.2214352295535287,-0.813386389758584,-0.9449211656001317,-0.8529078595300001,-0.9311878363359334,-0.8272723115701632,-0.8405478631922216,0.6310546637403629,0.5407198756914111,0.12307407351238986,-0.23612878302009754,-0.2191910102609187,-0.5252916603051707,-0.5303272143687101,-0.8352071240339223
1.5376069877248595,1.2115167139738294,-0.7979745424732059,-0.8898352559959575,-0.8852574795745571,-0.7622678863862893,-0.8594693390673402,-0.6206620024176619,0.8575020040522623,0.5105065513101739,0.09942222866849182,-0.05805328022765366,-0.19157175918514113,-0.5529109113809483,-0.5277331410632504,-0.635768664608281
1.295595207580202,1.0317626931602062,-0.942327092294672,-0.9420219071999121,-0.7851567684932865,-0.8733552608789186,-0.8533656371721401,-0.6594205094521781,0.5970265256746261,0.5806991231049676,0.1053733380163111,-0.21262953072357949,-0.385669479452484,-0.6084545986272634,-0.6141005228803227,-0.7012308674342949
1.5118188472176417,1.182066352329492,-0.8147597226850039,-1.0000070752043069,-0.8469567501821809,-1.0097729982366257,-0.8892248858064375,-0.6696442101266378,0.6841568702285978,0.5442295042811507,0.17220887376874527,-0.22132730592423844,-0.35194652648150626,-0.4929420402606137,-0.6269182968602411,-0.797211579736306
1.4838944110471046,1.1901537573406316,-0.7233567868043922,-0.8428367514029214,-0.8252886084542235,-0.7355641905947916,-0.6900916114755553,-0.8349019389391623,0.6701183558696395,0.44504434848415997,0.1770918352849047,-0.04355698822655496,-0.4279376150767398,-0.6467553280196396,-0.5860234941624052,-0.7430412254164107
1.3215359406347993,1.1494115471901751,-0.9290515406726136,-0.9911567074562679,-0.9476678314529714,-0.8963967355332967,-0.9348500574730529,-0.571527202161306,0.8092827590801863,0.3162562384954519,0.030145212157978385,-0.03897921180515551,-0.3507257861024664,-0.6119642272170029,-0.5054546291457722,-0.6736116163585173
1.5334869889456,1.1558204341801348,-0.8571804508566405,-0.8710663726682188,-0.8268145339280233,-0.8815952584374376,-0.6708649505056776,-0.5913642333207045,0.7474827773912924,0.5170680308475135,0.16290072837856595,-0.029518473867596207,-0.26924136580155444,-0.4947731508291735,-0.506980554619572,-0.7022990152659547
1.4144648019892108,1.0462589851613049,-0.7113019755613736,-0.8759493341843783,-0.7735597348924079,-0.9871893012243884,-0.7254930824677119,-0.764404182049609,0.609539114559785,0.5707806075252684,0.21539256467728096,-0.16303695282508368,-0.257033962011155,-0.628444222334041,-0.6319538509237805,-0.8831211839112374
1.3338959369725782,1.0349671366551858,-0.9845952279189287,-0.828798237043963,-1.0091626280471058,-0.878238222395078,-0.8201004618433032,-0.6809360586327564,0.586039862263267,0.4020132501230038,0.1227688884176299,0.025720028283958474,-0.42397020884486025,-0.6353108869661401,-0.6540797702938788,-0.8736604459736785
1.4222470219055903,1.1521582130430148,-0.772949364702888,-0.8452782321610011,-0.8771700745634181,-0.7509760378801698,-0.8808322957005377,-0.8144545375902439,0.8214901628705853,0.37393622140508675,0.004509664198140584,-0.1486932533713654,-0.4300739107400595,-0.5893805302047648,-0.7914130629358658,-0.797058987188926
1.4591744183715467,0.9806441897879106,-0.8872411826904978,-0.9958870764250474,-0.757079739775369,-0.9957344838776674,-0.8526026744352402,-0.683987909580356,0.7017050131772966,0.42673324279856173,0.05059261350689637,-0.08429919837701139,-0.19660731324868053,-0.3789554073677639,-0.619441262038622,-0.9049419181865757
1.3610574104062159,1.1936633859303711,-0.9659789371385701,-0.9682678253492698,-0.9760500452656489,-0.9591122725064709,-0.8107923164531243,-0.6163894110910224,0.8408694163878434,0.41376287627126285,0.1090355591534311,-0.25428729615831536,-0.31990209153170923,-0.5695434990453663,-0.6836827244855961,-0.6395834782927805
1.367924075038315,1.1925952380987113,-0.7874456567039863,-0.9304248735990335,-1.0215226243848852,-1.007026332383786,-0.7738649199871679,-0.8092663909793245,0.8695568152952808,0.44016138696800056,0.17434516943206502,-0.06965031382853226,-0.38261762850488346,-0.5651183151713468,-0.5112531459462124,-0.6968056835602745
1.3314544562144985,0.9441745709640941,-0.9829167098977489,-0.8922767367540372,-0.85382341481428,-0.9864263384874885,-0.8162856481588037,-0.692685684781015,0.8224057181548652,0.29977624337841347,0.27414069541857566,-0.2414695221783969,-0.2671050701382347,-0.37193615018828474,-0.5246812901156508,-0.8881567379747777
1.5025107018274628,1.0177241788012474,-0.7482293720273301,-0.9687256029914098,-1.0186233659846655,-0.7885138045356461,-0.8802219255110177,-0.6931434624231549,0.7247464878316743,0.41299991353436294,0.057001500496855595,-0.04340439567917498,-0.2678680328751346,-0.5605405387499474,-0.6533168075569789,-0.7035197556449946
1.5185329193023613,1.1236234066829578,-0.9569759768431512,-1.0422752108285636,-0.9595700501486109,-0.910740434987015,-0.8887671081642976,-0.6942116102548148,0.7807479527201293,0.3640177058253875,0.17983850113774436,0.02541484318919851,-0.30326950386729123,-0.4279376150767398,-0.7460930763640103,-0.7735597348924079
1.4904558905844438,1.0496160212036645,-0.9729981943180492,-1.0251848455220047,-0.9302722810516535,-0.9195908027350548,-0.8580960061409204,-0.6003671936161235,0.6611153955742202,0.4381776838520608,0.0954548224366123,-0.2216324910189984,-0.32890505182712904,-0.660641249831218,-0.684445687222496,-0.732207154552432
1.291322616253562,0.9991078880208892,-0.8622160049201799,-0.822084164959243,-0.9076885840394153,-0.9130293231977147,-0.7102338277297138,-0.5994516383318436,0.5897020834003865,0.45984582558001863,0.04021632028505717,-0.0212784763090772,-0.449910941899458,-0.5968575650263839,-0.7947700989782263,-0.6794101331589566
1.3430514898153776,1.0285582496652261,-0.9060100660182355,-0.8922767367540372,-1.0039744814361864,-0.8828159988164774,-0.6850560574120159,-0.8242204606225636,0.6321228115720228,0.42993768629354134,0.021294844409939007,-0.02341477197239694,-0.43312576168765915,-0.5887701600152448,-0.7599789981755887,-0.8431419364976813
1.303835205138721,1.0847123071010611,-0.8129286121164441,-1.0129774417316062,-0.9787967111184885,-0.9774233781920687,-0.8533656371721401,-0.7155745668880131,0.5823776411261474,0.2628488469124566,0.004051886556000639,-0.15266065960324493,-0.41969761751822077,-0.4659331593743561,-0.6333271838502004,-0.6424827366930002
1.456122567423947,1.042291578929425,-0.732054562005052,-0.8407004557396016,-0.9527033855165117,-0.8638945229413597,-0.9290515406726136,-0.7853093610406665,0.750839813433652,0.42474953968262197,0.10003259885801175,-0.17142954293098356,-0.43816131575119854,-0.39650355031646267,-0.6502649566093792,-0.7497552975011299
1.3938648080929128,1.041223431097765,-0.764404182049609,-0.7747804752714478,-0.9186752474507749,-0.8912085889223773,-0.6815464288222763,-0.7776797336716674,0.6513494725419009,0.4703747113492378,0.154202953177907,-0.24253767001005677,-0.2158339742185591,-0.5507746157176285,-0.740447152110951,-0.6528590299148389
1.4098870255678113,0.924642724899456,-0.7764589932926276,-1.0192337361741854,-0.8551967477407008,-0.8516871191509603,-0.9487359792846322,-0.8327656432758426,0.6893450168395177,0.2810073600506753,0.23217774488907983,0.00878225552478007,-0.19233472192204104,-0.4631864935215164,-0.6414145888613403,-0.7183212327408528
1.4838944110471046,0.8761182948326205,-0.8121656493795442,-0.9453789432422717,-0.8388693451710418,-0.8446678619714811,-0.74868714966947,-0.5487909126016888,0.5486546881551706,0.40170806502824385,0.20806812240304184,-0.2678680328751346,-0.4319050213086193,-0.49507833592393347,-0.6099805241010632,-0.6534694001043588
1.469245526498626,1.1570411745591747,-0.9053996958287156,-0.8545863775511808,-0.8561123030249806,-0.9379019084206526,-0.6932960549705349,-0.7441093732480706,0.5793257901785478,0.27871847183997556,0.2520147760484779,-0.11100289416850906,-0.4351094648035989,-0.5968575650263839,-0.6353108869661401,-0.6688812473897379
1.2809463230317233,0.944327163511474,-0.8927345143961771,-1.040444100260003,-0.9165389517874543,-0.8310871252546628,-0.6993997568657351,-0.7204575284041725,0.7853257291415288,0.39758806624898435,0.1174281492593301,-0.009071072518678225,-0.4525050152049177,-0.5707642394244061,-0.5515375784545284,-0.8407004557396016
1.3828781446815537,1.0674693492471228,-0.8255937935489834,-0.8518397116983403,-0.8651152633203996,-1.0175552181530056,-0.7024516078133347,-0.6247820011969214,0.7117761213043754,0.5199672892477332,0.2286681162993398,-0.06308883429119305,-0.3960457726743227,-0.6331745913028204,-0.7494501124063699,-0.7738649199871679
1.4759595985833451,1.0468693553508248,-0.7830204728299668,-0.7543330739225294,-0.7944649138834663,-0.9473626463582114,-0.7686767733762485,-0.8120130568321642,0.8323242337345644,0.3212917925589913,0.06844594155035466,-0.24925174209477596,-0.25260877813713556,-0.4775301929752347,-0.7901923225568259,-0.7637938118600891
1.2844559516214629,0.9307464267946552,-0.9841374502767888,-0.7941597287887063,-0.8577908210461604,-0.789124174725166,-0.9070782138498954,-0.6079968209851234,0.6370057730881822,0.3286162348332309,0.16534220913664566,-0.08185771761893168,-0.4955361135660734,-0.43633020518263876,-0.716795307267053,-0.8594693390673402
1.3445774152891774,1.032525655897106,-1.0004648528464468,-0.8591641539725803,-0.781189362261407,-0.7930915809570465,-0.8825108137217175,-0.6711701356004376,0.6196102226868638,0.4577095299166989,0.18151701915892415,-0.07499105298683251,-0.3978768832428825,-0.5436027659907694,-0.5669494257399066,-0.8252886084542235
1.391423327334833,1.0685374970787826,-0.7689819584710085,-0.942632277389432,-0.8756441490896183,-0.9536189408007916,-0.9279833928409538,-0.555657577233788,0.6649302092587197,0.3505895616559487,-0.00022070477063884653,-0.20561027354410033,-0.24436878057861655,-0.4981301868715331,-0.7859197312301864,-0.7044353109292745
1.4466618294863878,1.0960041556071802,-1.0036692963414264,-0.804993799652685,-0.9505670898531919,-0.9711670837494895,-0.6571316212414784,-0.7735597348924079,0.5367524694595316,0.3133569800952323,0.21142515844540144,-0.17585472680500303,-0.24452137312599653,-0.5251390677577907,-0.5382620268324692,-0.7807315846192671
1.4060722118833118,0.9496679026697734,-0.9087567318710752,-0.8367330495077221,-1.0253374380693847,-0.8155226854219038,-0.6769686524008769,-0.6574368063362384,0.6646250241639597,0.4532843460426794,0.20379553107640236,-0.2754976602441337,-0.34446949165988716,-0.43907687103547843,-0.8211686096749631,-0.6411094037665803
1.226775968711828,0.87978051596974,-0.9911567074562679,-0.8205582394854432,-0.8425315663081614,-0.9876470788665284,-0.8999063641230363,-0.7230516017096322,0.5323272855855121,0.4168147272188625,0.14748888109318736,-0.1445732545921059,-0.33958653014372775,-0.5063701844300521,-0.676205689663977,-0.9386648711575525
